grant_id,ies_title,ies_pi,ies_awardee,ies_project_type,ies_award_number,ies_year,ies_award_period,ies_purpose,ies_award_amount_text,ies_program_topic,ies_program_name,ies_award_page_url,ies_institution_type_from_name
R305A040043,National Research and Development Center on School Choice,Ellen Goldring,Vanderbilt University,Other,R305A040043,2004,2004,NA,"$9,972,909",Innovation in Education Reform,Education Research and Development Centers,https://ies.ed.gov/use-work/awards/national-research-and-development-center-school-choice,Uni
R305A040056,National Research Center on Rural Education Support,Thomas Farmer,"University of North Carolina, Chapel Hill",Other,R305A040056,2004,2004,NA,"$10,000,000",Rural Education,Education Research and Development Centers,https://ies.ed.gov/use-work/awards/national-research-center-rural-education-support,Uni
R305A040082,Center for Data-Driven Reform in Education,Robert Slavin,Johns Hopkins University,Efficacy,R305A040082,2004,2004,NA,"$9,997,674",Improving Low Achieving Schools,Education Research and Development Centers,https://ies.ed.gov/use-work/awards/center-data-driven-reform-education,Uni
R305A050004,"Center for Research on Evaluation, Standards, and Student Testing (CRESST)",Eva Baker,"University of California, Los Angeles",Development and Innovation,R305A050004,2005,2005,NA,"$9,968,718","Assessment, Standards, and Accountability Research",Education Research and Development Centers,https://ies.ed.gov/use-work/awards/center-research-evaluation-standards-and-student-testing-cresst,Uni
R305A050056,Center for Research on the Educational Achievement and Teaching of English Language Learners (CREATE),David Francis,University of Houston,Development and Innovation,R305A050056,2005,2005,NA,"$9,897,290",English Language Learners Research,Education Research and Development Centers,https://ies.ed.gov/use-work/awards/center-research-educational-achievement-and-teaching-english-language-learners-create,Uni
R305A060010,National Center for Postsecondary Research,Thomas Bailey,"Teachers College, Columbia University",Other,R305A060010,2006,2006,NA,"$9,813,619",Postsecondary Education and Training,Education Research and Development Centers,https://ies.ed.gov/use-work/awards/national-center-postsecondary-research,Uni
R305A060021,National Center for Research on Early Childhood Education,Robert C. Pianta,University of Virginia,Other,R305A060021,2006,2006,NA,"$11,016,009",Early Childhood Development and Education,Education Research and Development Centers,https://ies.ed.gov/use-work/awards/national-center-research-early-childhood-education,Uni
R305A060034,National Center for Performance Incentives (Policy-NCPI),Matthew G. Springer,Vanderbilt University,Efficacy,R305A060034,2006,2006,NA,"$10,835,509",NA,Education Research and Development Centers,https://ies.ed.gov/use-work/awards/national-center-performance-incentives-policy-ncpi,Uni
R305A060044,National Research Center on the Gifted and Talented,Joseph Renzulli,University of Connecticut,Other,R305A060044,2006,2006,NA,"$8,706,200",NA,Education Research and Development Centers,https://ies.ed.gov/use-work/awards/national-research-center-gifted-and-talented,Uni
R305A060067,Center for Analysis of Longitudinal Data in Education Research (CALDER),Jane Hannaway,American Institutes for Research (AIR),Other,R305A060067,2006,2006,NA,"$11,996,301",State and Local Policy,Education Research and Development Centers,https://ies.ed.gov/use-work/awards/center-analysis-longitudinal-data-education-research-calder,Other
R305A070063,The Efficacy of the Responsive Classroom Approach for Improving Teacher Quality and Children's Academic Performance,Sara Rimm-Kaufman,University of Virginia,Efficacy,R305A070063,2007,2007,NA,"$2,814,668","Teaching, Teachers, and the Education Workforce",Education Research Grants,https://ies.ed.gov/use-work/awards/efficacy-responsive-classroom-approach-improving-teacher-quality-and-childrens-academic-performance,Uni
R305A070117,Determinants of Student Outcomes in an Urban School District: Educational Interventions and Family Choices,Dennis Epple,Carnegie Mellon University,Efficacy,R305A070117,2007,2007,NA,"$2,069,750",Improving Education Systems,Education Research Grants,https://ies.ed.gov/use-work/awards/determinants-student-outcomes-urban-school-district-educational-interventions-and-family-choices,Uni
R305A070185,Effectiveness of Cognitive Tutor Algebra One Implemented at Scale,John F. Pane,RAND Corporation,Scale-Up Evaluations,R305A070185,2007,2007,NA,"$5,999,950","Science, Technology, Engineering, and Mathematics (STEM) Education",Education Research Grants,https://ies.ed.gov/use-work/awards/effectiveness-cognitive-tutor-algebra-one-implemented-scale,Firm
R305A070324,"Efficacy of Sound Partners Supplemental Tutoring for ELL Students, Grades K-1",Patricia Vadasy,Washington Research Institute,Efficacy,R305A070324,2007,2007,NA,"$1,323,429",Literacy,Education Research Grants,https://ies.ed.gov/use-work/awards/efficacy-sound-partners-supplemental-tutoring-ell-students-grades-k-1,Other
R305A080063,A Randomized Controlled Study of the Effects of Intelligent Online Chemistry Tutors in Urban California School Districts,Steve Schneider,WestEd,Efficacy,R305A080063,2008,2008,NA,"$2,868,006","Science, Technology, Engineering, and Mathematics (STEM) Education",Education Research Grants,https://ies.ed.gov/use-work/awards/randomized-controlled-study-effects-intelligent-online-chemistry-tutors-urban-california-school,Other
R305A080066,Evaluation of the SOURCE Program: An Intervention to Promote College Application and Enrollment Among Urban Youth - Primary Outcomes,Johannes Bos,Berkeley Policy Associates,Efficacy,R305A080066,2008,2008,NA,"$362,065",Postsecondary and Adult Education,Education Research Grants,https://ies.ed.gov/use-work/awards/evaluation-source-program-intervention-promote-college-application-and-enrollment-among-urban-youth,Firm
R305A080096,Improving Postsecondary Preparation in Urban Public High Schools: An Evaluation of AVID in Chicago,Melissa Roderick,University of Chicago,Efficacy,R305A080096,2008,2008,NA,"$986,031",Postsecondary and Adult Education,Education Research Grants,https://ies.ed.gov/use-work/awards/improving-postsecondary-preparation-urban-public-high-schools-evaluation-avid-chicago,Uni
R305A080133,"Efficacy and Replication Research on the Intelligent Tutoring System for the Structure Strategy—Rural and Suburban Schools Grades 4, 5, 7, and 8",Kausalai Wijekumar,Pennsylvania State University,Efficacy,R305A080133,2008,2008,NA,"$2,999,932",Literacy,Education Research Grants,https://ies.ed.gov/use-work/awards/efficacy-and-replication-research-intelligent-tutoring-system-structure-strategy-rural-and-suburban,Uni
R305A080196,Efficacy of Earobics Step I in English Language Learners and Low SES Minority Children,Jason Anthony,University of Texas Health Science Center at Houston,Efficacy,R305A080196,2008,2008,NA,"$2,659,751",Cognition and Student Learning,Education Research Grants,https://ies.ed.gov/use-work/awards/efficacy-earobics-step-i-english-language-learners-and-low-ses-minority-children,Uni
R305A080253,The Chicago Social and Character Development Trial: Extension to Grade 8,Brian Flay,Oregon State University,Efficacy,R305A080253,2008,2008,NA,"$2,993,222","Social, Emotional, and Behavioral Context for Teaching and Learning",Education Research Grants,https://ies.ed.gov/use-work/awards/chicago-social-and-character-development-trial-extension-grade-8,Uni
R305A080326,A Randomized Controlled Trial of the Combination of Two Preventive Interventions,Nicholas Ialongo,Johns Hopkins University,Efficacy,R305A080326,2008,2008,NA,"$2,807,781","Social, Emotional, and Behavioral Context for Teaching and Learning",Education Research Grants,https://ies.ed.gov/use-work/awards/randomized-controlled-trial-combination-two-preventive-interventions,Uni
R305A080347,Mindful Instruction of Nonmainstream Children,Richard Anderson,"University of Illinois, Urbana-Champaign",Efficacy,R305A080347,2008,2008,NA,"$2,984,069",Cognition and Student Learning,Education Research Grants,https://ies.ed.gov/use-work/awards/mindful-instruction-nonmainstream-children,Uni
R305A080372,Massachusetts Expanded Learning Time: Implementation and Outcomes,Carrie Conaway,Massachusetts Department of Elementary and Secondary Education,Efficacy,R305A080372,2008,2008,NA,"$2,948,195",Improving Education Systems,Education Research Grants,https://ies.ed.gov/use-work/awards/massachusetts-expanded-learning-time-implementation-and-outcomes,Other
R305A080459,Efficacy of Read It Again! In Rural Preschool Settings,Laura Justice,Ohio State University,Efficacy,R305A080459,2008,2008,NA,"$3,073,485",Early Learning Programs and Policies,Education Research Grants,https://ies.ed.gov/use-work/awards/efficacy-read-it-again-rural-preschool-settings,Uni
R305A080464,Closing the Achievement Gap in Middle School Mathematics Utilizing Stanford University's Education Program for Gifted Youth Differentiated Mathematics Program,Patrick Suppes,Stanford University,Efficacy,R305A080464,2008,2008,NA,"$2,996,641","Science, Technology, Engineering, and Mathematics (STEM) Education",Education Research Grants,https://ies.ed.gov/use-work/awards/closing-achievement-gap-middle-school-mathematics-utilizing-stanford-universitys-education-program,Uni
R305A080479,Fostering Fluency With Basic Addition and Subtraction,Arthur Baroody,"University of Illinois, Urbana-Champaign",Efficacy,R305A080479,2008,2008,NA,"$3,099,995","Science, Technology, Engineering, and Mathematics (STEM) Education",Education Research Grants,https://ies.ed.gov/use-work/awards/fostering-fluency-basic-addition-and-subtraction,Uni
R305A080512,Testing the Efficacy of INSIGHTS in Enhancing the Academic Learning Context,Sandee McClowry,New York University,Efficacy,R305A080512,2008,2008,NA,"$2,919,913","Social, Emotional, and Behavioral Context for Teaching and Learning",Education Research Grants,https://ies.ed.gov/use-work/awards/testing-efficacy-insights-enhancing-academic-learning-context,Uni
R305A080608,Project Collaborative Strategic Reading (CSR): Interventions for Struggling Adolescent and Adult Readers and Writers,Sharon Vaughn,"University of Texas, Austin",Efficacy,R305A080608,2008,2008,NA,"$3,000,000",Literacy,Education Research Grants,https://ies.ed.gov/use-work/awards/project-collaborative-strategic-reading-csr-interventions-struggling-adolescent-and-adult-readers,Uni
R305A080627,An Efficacy Trial of Robust Vocabulary Instruction,Helen Apthorp,Mid-continent Research for Education and Learning (McREL),Efficacy,R305A080627,2008,2008,NA,"$2,284,149",Literacy,Education Research Grants,https://ies.ed.gov/use-work/awards/efficacy-trial-robust-vocabulary-instruction,Other
R305A080631,Increasing Opportunities-to-Learn in Urban Middle Schools,Nonie Lesaux,Harvard University,Efficacy,R305A080631,2008,2008,NA,"$640,544",Literacy,Education Research Grants,https://ies.ed.gov/use-work/awards/increasing-opportunities-learn-urban-middle-schools,Uni
R305A080696,A Randomized Control Trial to Assess the Efficacy of the Balanced Leadership Program,Roger Goddard,Texas A&M University,Efficacy,R305A080696,2008,2008,NA,"$2,989,775",Education Leadership,Education Research Grants,https://ies.ed.gov/use-work/awards/randomized-control-trial-assess-efficacy-balanced-leadership-program,Uni
R305A080697,Closing the SES Related Gap in Young Children's Mathematical Knowledge,Prentice Starkey,WestEd,Efficacy,R305A080697,2008,2008,NA,"$3,000,482",Early Learning Programs and Policies,Education Research Grants,https://ies.ed.gov/use-work/awards/closing-ses-related-gap-young-childrens-mathematical-knowledge,Other
R305A080699,Early Learning in Mathematics: Efficacy in Kindergarten Classrooms,Ben Clarke,University of Oregon,Efficacy,R305A080699,2008,2008,NA,"$4,280,188","Science, Technology, Engineering, and Mathematics (STEM) Education",Education Research Grants,https://ies.ed.gov/use-work/awards/early-learning-mathematics-efficacy-kindergarten-classrooms,Uni
R305A080700,Increasing the Efficacy of An Early Mathematics Curriculum with Scaffolding Designed to Promote Self-Regulation,Douglas Clements,University of Denver,Efficacy,R305A080700,2008,2008,NA,"$4,541,974",Early Learning Programs and Policies,Education Research Grants,https://ies.ed.gov/use-work/awards/increasing-efficacy-early-mathematics-curriculum-scaffolding-designed-promote-self-regulation,Uni
R305A090019,The Impact of School Accountability Sanctions on Student Outcomes: Evidence from North Carolina,Jacob Vigdor,Duke University,Efficacy,R305A090019,2009,2009,NA,"$850,948",Improving Education Systems,Education Research Grants,https://ies.ed.gov/use-work/awards/impact-school-accountability-sanctions-student-outcomes-evidence-north-carolina,Uni
R305A090032,The Effects of No Child Left Behind on Student Outcomes and School Services,Jonah Rockoff,Columbia University,Efficacy,R305A090032,2009,2009,NA,"$806,587",Improving Education Systems,Education Research Grants,https://ies.ed.gov/use-work/awards/effects-no-child-left-behind-student-outcomes-and-school-services,Uni
R305A090039,Modeling Longitudinal Effects of New York City's 5th Grade Promotion Policy on Student Achievement through a Regression Discontinuity Design,Louis Mariano,RAND Corporation,Efficacy,R305A090039,2009,2009,NA,"$244,251",Improving Education Systems,Education Research Grants,https://ies.ed.gov/use-work/awards/modeling-longitudinal-effects-new-york-citys-5th-grade-promotion-policy-student-achievement-through,Firm
R305A090094,Efficacy of the Science Writing Heuristic Approach,Brian Hand,University of Iowa,Efficacy,R305A090094,2009,2009,NA,"$4,836,057","Science, Technology, Engineering, and Mathematics (STEM) Education",Education Research Grants,https://ies.ed.gov/use-work/awards/efficacy-science-writing-heuristic-approach,Uni
R305A090100,An Efficacy Study of Two Computer-Based Attention Training Systems in Schools,Naomi Steiner,Tufts Medical Center,Efficacy,R305A090100,2009,2009,NA,"$2,088,256",Cognition and Student Learning,Education Research Grants,https://ies.ed.gov/use-work/awards/efficacy-study-two-computer-based-attention-training-systems-schools,Other
R305A090114,Assessing the Efficacy of a Comprehensive Intervention in Physical Science on Head Start Teachers and Children,Nancy Clark-Chiarelli,"Education Development Center, Inc.",Efficacy,R305A090114,2009,2009,NA,"$2,999,841",Early Learning Programs and Policies,Education Research Grants,https://ies.ed.gov/use-work/awards/assessing-efficacy-comprehensive-intervention-physical-science-head-start-teachers-and-children,Firm
R305A090150,National Randomized Controlled Trial Study of SRA/McGraw-Hill Open-Court Reading Program,Michael Vaden-Kiernan,Southwest Educational Development Corporation (SEDL),Scale-Up Evaluations,R305A090150,2009,2009,NA,"$5,302,021",Literacy,Education Research Grants,https://ies.ed.gov/use-work/awards/national-randomized-controlled-trial-study-sramcgraw-hill-open-court-reading-program,Firm
R305A090162,A Randomized Trial of Reducing Stereotype Threat Among Minority and Economically Disadvantaged Students,Thomas Dee,National Bureau of Economic Research (NBER),Efficacy,R305A090162,2009,2009,NA,"$512,787",Improving Education Systems,Education Research Grants,https://ies.ed.gov/use-work/awards/randomized-trial-reducing-stereotype-threat-among-minority-and-economically-disadvantaged-students,Other
R305A090195,Testing the Effectiveness of CALM for High School Chemistry Students,Jonathan Plucker,Indiana University,Efficacy,R305A090195,2009,2009,NA,"$2,019,816","Science, Technology, Engineering, and Mathematics (STEM) Education",Education Research Grants,https://ies.ed.gov/use-work/awards/testing-effectiveness-calm-high-school-chemistry-students,Uni
R305A090197,Efficacy Study of AnimalWatch: An Intelligent Tutoring System for Pre-Algebra,Steve Schneider,WestEd,Efficacy,R305A090197,2009,2009,NA,"$2,698,814","Science, Technology, Engineering, and Mathematics (STEM) Education",Education Research Grants,https://ies.ed.gov/use-work/awards/efficacy-study-animalwatch-intelligent-tutoring-system-pre-algebra,Other
R305A090204,Simplification and Incentives: A Randomized Experiment for Increasing College Savings,Bridget Terry Long,National Bureau of Economic Research (NBER),Efficacy,R305A090204,2009,2009,NA,"$1,510,238",Postsecondary and Adult Education,Education Research Grants,https://ies.ed.gov/use-work/awards/simplification-and-incentives-randomized-experiment-increasing-college-savings,Other
R305A090209,Preparing to Succeed: An Efficacy Trial of Two Early Childhood Curricula,Hirokazu Yoshikawa,Harvard University,Efficacy,R305A090209,2009,2009,NA,"$1,126,997",Early Learning Programs and Policies,Education Research Grants,https://ies.ed.gov/use-work/awards/preparing-succeed-efficacy-trial-two-early-childhood-curricula,Uni
R305A090212,Improving School Readiness of High-Risk Preschoolers: Combining High-Quality Instructional Strategies with Responsive Training for Teachers and Parents,Susan H. Landry,University of Texas Health Science Center at Houston,Efficacy,R305A090212,2009,2009,NA,"$2,653,503",Early Learning Programs and Policies,Education Research Grants,https://ies.ed.gov/use-work/awards/improving-school-readiness-high-risk-preschoolers-combining-high-quality-instructional-strategies,Uni
R305A090281,Promoting Science among English Language Learners (P-SELL): Efficacy and Sustainability,Okhee Lee,University of Miami,Efficacy,R305A090281,2009,2009,NA,"$2,999,918","Science, Technology, Engineering, and Mathematics (STEM) Education",Education Research Grants,https://ies.ed.gov/use-work/awards/promoting-science-among-english-language-learners-p-sell-efficacy-and-sustainability,Uni
R305A090294,Impact of Teacher Study Groups as Observed Teaching Practice and Student Vocabulary Knowledge: A Multi-Site Randomized Control Trial in First Grade,Russell Gersten,Instructional Research Group,Efficacy,R305A090294,2009,2009,NA,"$2,713,610","Teaching, Teachers, and the Education Workforce",Education Research Grants,https://ies.ed.gov/use-work/awards/impact-teacher-study-groups-observed-teaching-practice-and-student-vocabulary-knowledge-multi-site,Other
R305A090353,"Focusing on the Efficacy of Teaching Advanced Forms of Patterning on First Graders' Improvements in Reading, Mathematics, and Reasoning Ability",Robert Pasnak,George Mason University,Efficacy,R305A090353,2009,2009,NA,"$1,577,827",Cognition and Student Learning,Education Research Grants,https://ies.ed.gov/use-work/awards/focusing-efficacy-teaching-advanced-forms-patterning-first-graders-improvements-reading-mathematics,Uni
R305A090361,Effects of Classroom Management Training on Early Learning Skills,Desiree W. Murray,Duke University,Efficacy,R305A090361,2009,2009,NA,"$1,456,850","Social, Emotional, and Behavioral Context for Teaching and Learning",Education Research Grants,https://ies.ed.gov/use-work/awards/effects-classroom-management-training-early-learning-skills,Uni
R305A090369,"Summer School and Summer Learning: An Examination of Selection, Implementation, and Program Effects in a Multiyear Randomized Trial",Keith Zvoch,University of Oregon,Efficacy,R305A090369,2009,2009,NA,"$1,176,686",Improving Education Systems,Education Research Grants,https://ies.ed.gov/use-work/awards/summer-school-and-summer-learning-examination-selection-implementation-and-program-effects-multiyear,Uni
R305A090438,"The Social Skills Improvement System Classwide Intervention Program: Social, Behavioral, and Academic Outcomes in Elementary School",James DiPerna,Pennsylvania State University,Efficacy,R305A090438,2009,2009,NA,"$2,412,860","Social, Emotional, and Behavioral Context for Teaching and Learning",Education Research Grants,https://ies.ed.gov/use-work/awards/social-skills-improvement-system-classwide-intervention-program-social-behavioral-and-academic,Uni
R305A090446,Professional Development to Support and Sustain a Classroom Behavior Management Strategy,Jeanne Poduska,American Institutes for Research (AIR),Efficacy,R305A090446,2009,2009,NA,"$3,391,254","Social, Emotional, and Behavioral Context for Teaching and Learning",Education Research Grants,https://ies.ed.gov/use-work/awards/professional-development-support-and-sustain-classroom-behavior-management-strategy,Other
R305A090479,Responding to the National Crisis in Writing: An Efficacy Study of an Elementary Grades Writing Program,Andrea Kotula,"Education Development Center, Inc.",Efficacy,R305A090479,2009,2009,NA,"$2,235,330",Literacy,Education Research Grants,https://ies.ed.gov/use-work/awards/responding-national-crisis-writing-efficacy-study-elementary-grades-writing-program,Firm
R305A090481,Systems Leadership in Middle School: A School Policy Intervention With Random Assignment,Scott Murphy,University of South Florida,Efficacy,R305A090481,2009,2009,NA,"$4,482,506",Education Leadership,Education Research Grants,https://ies.ed.gov/use-work/awards/systems-leadership-middle-school-school-policy-intervention-random-assignment,Uni
R305A090527,Spatial Temporal Mathematics at Scale: An Innovative and Fully-Developed Paradigm to Boost Math Achievement Among All Learners,George Farkas,"University of California, Irvine",Efficacy,R305A090527,2009,2009,NA,"$3,000,000","Science, Technology, Engineering, and Mathematics (STEM) Education",Education Research Grants,https://ies.ed.gov/use-work/awards/spatial-temporal-mathematics-scale-innovative-and-fully-developed-paradigm-boost-math-achievement,Uni
R305A090528,Applications of Intelligent Tutoring Systems (ITS) to Improve the Skill Levels of Students with Deficiencies in Mathematics,Xiangen Hu,University of Memphis,Efficacy,R305A090528,2009,2009,NA,"$2,322,310","Science, Technology, Engineering, and Mathematics (STEM) Education",Education Research Grants,https://ies.ed.gov/use-work/awards/applications-intelligent-tutoring-systems-its-improve-skill-levels-students-deficiencies-mathematics,Uni
R305A090533,Experimental Validation of the Tools of the Mind Prekindergarten Curriculum,Dale Farran,Vanderbilt University,Efficacy,R305A090533,2009,2009,NA,"$3,102,960",Early Learning Programs and Policies,Education Research Grants,https://ies.ed.gov/use-work/awards/experimental-validation-tools-mind-prekindergarten-curriculum,Uni
R305A090555,Word Generation: An Efficacy Trial,Catherine Snow,Harvard University,Efficacy,R305A090555,2009,2009,NA,"$2,853,512",Literacy,Education Research Grants,https://ies.ed.gov/use-work/awards/word-generation-efficacy-trial,Uni
R305A100047,Linear Functions for Teaching: An Efficacy Study of Learning and Teaching Linear Functions,Steve Schneider,WestEd,Efficacy,R305A100047,2010,2010,NA,"$2,959,275","Teaching, Teachers, and the Education Workforce",Education Research Grants,https://ies.ed.gov/use-work/awards/linear-functions-teaching-efficacy-study-learning-and-teaching-linear-functions,Other
R305A100058,Tools of the Mind: Promoting Self-Regulation and Academic Ability in Kindergarten,Clancy Blair,New York University,Efficacy,R305A100058,2010,2010,NA,"$3,521,227",Cognition and Student Learning,Education Research Grants,https://ies.ed.gov/use-work/awards/tools-mind-promoting-self-regulation-and-academic-ability-kindergarten,Uni
R305A100066,Evaluating the Long-Term Effects and the Costs of Two Community College Interventions,Michael Weiss,MDRC,Efficacy,R305A100066,2010,2010,NA,"$1,584,722",Postsecondary and Adult Education,Education Research Grants,https://ies.ed.gov/use-work/awards/evaluating-long-term-effects-and-costs-two-community-college-interventions,Other
R305A100116,National Randomized Control Trial of Everyday Mathematics,Michael Vaden-Kiernan,Southwest Educational Development Corporation (SEDL),Scale-Up Evaluations,R305A100116,2010,2010,NA,"$6,145,582","Science, Technology, Engineering, and Mathematics (STEM) Education",Education Research Grants,https://ies.ed.gov/use-work/awards/national-randomized-control-trial-everyday-mathematics,Firm
R305A100120,"Evaluation of a Random Assignment Intervention to Improve College Choice Among High Achieving, Low Income Students",Caroline Hoxby,Stanford University,Efficacy,R305A100120,2010,2010,NA,"$2,879,635",Postsecondary and Adult Education,Education Research Grants,https://ies.ed.gov/use-work/awards/evaluation-random-assignment-intervention-improve-college-choice-among-high-achieving-low-income,Uni
R305A100275,ECHOS: Early Childhood Hands on Science,Judy Brown,Miami Museum of Science,Efficacy,R305A100275,2010,2010,NA,"$2,999,904",Early Learning Programs and Policies,Education Research Grants,https://ies.ed.gov/use-work/awards/echos-early-childhood-hands-science,Other
R305A100289,Learning Leadership: Kernel Routines for Instructional Improvement,James Spillane,Northwestern University,Efficacy,R305A100289,2010,2010,NA,"$3,345,497",Education Leadership,Education Research Grants,https://ies.ed.gov/use-work/awards/learning-leadership-kernel-routines-instructional-improvement,Uni
R305A100342,Evaluation of a Video-Based Modeling Program to Promote Effective Teacher Classroom Management Practices,Wendy Reinke,"University of Missouri, Columbia",Efficacy,R305A100342,2010,2010,NA,"$2,915,757","Social, Emotional, and Behavioral Context for Teaching and Learning",Education Research Grants,https://ies.ed.gov/use-work/awards/evaluation-video-based-modeling-program-promote-effective-teacher-classroom-management-practices,Uni
R305A100367,"Increasing Adolescent Engagement, Motivation, and Achievement: Efficacy of a Web-Based, Teacher Professional Development Model",Joseph Allen,University of Virginia,Efficacy,R305A100367,2010,2010,NA,"$2,688,440","Social, Emotional, and Behavioral Context for Teaching and Learning",Education Research Grants,https://ies.ed.gov/use-work/awards/increasing-adolescent-engagement-motivation-and-achievement-efficacy-web-based-teacher-professional,Uni
R305A100369,Causes and Consequences of Public Subsidies in Higher Education: Evidence from Community College Districts,Isaac McFarlin Jr.,University of Michigan,Efficacy,R305A100369,2010,2010,NA,"$2,573,484",Postsecondary and Adult Education,Education Research Grants,https://ies.ed.gov/use-work/awards/causes-and-consequences-public-subsidies-higher-education-evidence-community-college-districts,Uni
R305A100381,Evaluating the Effects of Basic Skills Mathematics Placement on Academic Outcomes of Community College Students,Tatiana Melguizo,University of Southern California,Efficacy,R305A100381,2010,2010,NA,"$546,452",Postsecondary and Adult Education,Education Research Grants,https://ies.ed.gov/use-work/awards/evaluating-effects-basic-skills-mathematics-placement-academic-outcomes-community-college-students,Uni
R305A100389,Interactions Between Visual and Auditory Interventions for Reading,Garrison Cottrell,"University of California, San Diego",Efficacy,R305A100389,2010,2010,NA,"$2,372,289",Cognition and Student Learning,Education Research Grants,https://ies.ed.gov/use-work/awards/interactions-between-visual-and-auditory-interventions-reading,Uni
R305A100445,Using Data to Inform Decisions: How Teachers Use Data to Inform Practice and Improve Student Performance in Mathematics,Linda Cavalluzzo,CNA Corporation,Efficacy,R305A100445,2010,2010,NA,"$3,386,940","Teaching, Teachers, and the Education Workforce",Education Research Grants,https://ies.ed.gov/use-work/awards/using-data-inform-decisions-how-teachers-use-data-inform-practice-and-improve-student-performance,Firm
R305A100568,Efficacy of Rich Vocabulary (RVOC) Instruction for Classrooms,Patricia Vadasy,Washington Research Institute,Efficacy,R305A100568,2010,2010,NA,"$1,338,371",Literacy,Education Research Grants,https://ies.ed.gov/use-work/awards/efficacy-rich-vocabulary-rvoc-instruction-classrooms,Other
R305A100583,An Efficacy Study of Project GLAD,Theresa Deussen,Education Northwest,Efficacy,R305A100583,2010,2010,NA,"$2,878,385","English Learners Policies, Programs, and Practices",Education Research Grants,https://ies.ed.gov/use-work/awards/efficacy-study-project-glad,Other
R305A100596,Academic Achievement Outcomes from a Pre-K Family and School Intervention,Laurie Brotman,New York University School of Medicine,Efficacy,R305A100596,2010,2010,NA,"$2,127,642","Social, Emotional, and Behavioral Context for Teaching and Learning",Education Research Grants,https://ies.ed.gov/use-work/awards/academic-achievement-outcomes-pre-k-family-and-school-intervention,Uni
R305A100625,"The Efficacy of Personal Response Systems (Clickers) as Learning Tools: A Multidisciplinary, Large-Scale, Empirical Evaluation",Amy Shapiro,"University of Massachusetts, Dartmouth",Efficacy,R305A100625,2010,2010,NA,"$504,246",Postsecondary and Adult Education,Education Research Grants,https://ies.ed.gov/use-work/awards/efficacy-personal-response-systems-clickers-learning-tools-multidisciplinary-large-scale-empirical,Uni
R305A100654,The Targeted Reading Intervention: A Web-Based Professional Development Program Targeting K-1 Classroom Teachers and Their Struggling Readers,Lynne Vernon-Feagans,"University of North Carolina, Chapel Hill",Efficacy,R305A100654,2010,2010,NA,"$2,127,642","Teaching, Teachers, and the Education Workforce",Education Research Grants,https://ies.ed.gov/use-work/awards/targeted-reading-intervention-web-based-professional-development-program-targeting-k-1-classroom,Uni
R305A100670,Improving the Teaching and Learning of English Language Learners: The Instructional Conversational Model,Pedro Portes,University of Georgia,Efficacy,R305A100670,2010,2010,NA,"$2,935,846","English Learners Policies, Programs, and Practices",Education Research Grants,https://ies.ed.gov/use-work/awards/improving-teaching-and-learning-english-language-learners-instructional-conversational-model,Uni
R305A100971,Ready or Not? California's Early Assessment Program and the Transition to College,Michal Kurlaender,"University of California, Davis",Efficacy,R305A100971,2010,2010,NA,"$1,831,608",Postsecondary and Adult Education,Education Research Grants,https://ies.ed.gov/use-work/awards/ready-or-not-californias-early-assessment-program-and-transition-college,Uni
R305A100995,A Multisite Evaluation of the Implementation and Impact of Supplemental Educational Services,Carolyn Heinrich,"University of Texas, Austin",Efficacy,R305A100995,2009,2009,NA,"$2,996,753",Improving Education Systems,Education Research Grants,https://ies.ed.gov/use-work/awards/multisite-evaluation-implementation-and-impact-supplemental-educational-services,Uni
R305A110085,Follow-Up to the Study of the Efficacy of North Carolina's Early College High School Model,Julie Edmunds,"University of North Carolina, Greensboro",Efficacy,R305A110085,2011,2011,NA,"$1,851,954",Postsecondary and Adult Education,Education Research Grants,https://ies.ed.gov/use-work/awards/follow-study-efficacy-north-carolinas-early-college-high-school-model,Uni
R305A110112,Evaluating the Success of Undergraduates in the U-Pace Intervention to Improve Academic Achievement for All Postsecondary Education Students,Diane Reddy,"University of Wisconsin, Milwaukee",Efficacy,R305A110112,2011,2011,NA,"$2,475,839",Postsecondary and Adult Education,Education Research Grants,https://ies.ed.gov/use-work/awards/evaluating-success-undergraduates-u-pace-intervention-improve-academic-achievement-all-postsecondary,Uni
R305A110136,An Efficacy Trial of Two Interventions Designed to Reduce Stereotype Threat Vulnerability and Close Academic Performance Gaps,Geoffrey Borman,"University of Wisconsin, Madison",Efficacy,R305A110136,2011,2011,NA,"$1,398,450",Improving Education Systems,Education Research Grants,https://ies.ed.gov/use-work/awards/efficacy-trial-two-interventions-designed-reduce-stereotype-threat-vulnerability-and-close-academic,Uni
R305A110149,Assessing the Efficacy of Online Credit Recovery in Algebra I for At-Risk Ninth Graders,Jessica Heppen,American Institutes for Research (AIR),Efficacy,R305A110149,2011,2011,NA,"$3,084,374",Improving Education Systems,Education Research Grants,https://ies.ed.gov/use-work/awards/assessing-efficacy-online-credit-recovery-algebra-i-risk-ninth-graders,Other
R305A110176,Impact of the WRITE Program on English Learner Achievement and Teacher Instructional Practice,Eric Haas,WestEd,Efficacy,R305A110176,2011,2011,NA,"$2,691,599","English Learners Policies, Programs, and Practices",Education Research Grants,https://ies.ed.gov/use-work/awards/impact-write-program-english-learner-achievement-and-teacher-instructional-practice,Other
R305A110204,Performance-Based Scholarship Demonstration — An Alternative Financial Aid Program to Incentivize Academic Success,Lashawn Richburg-Hayes,MDRC,Efficacy,R305A110204,2011,2011,NA,"$1,558,732",Postsecondary and Adult Education,Education Research Grants,https://ies.ed.gov/use-work/awards/performance-based-scholarship-demonstration-alternative-financial-aid-program-incentivize-academic,Other
R305A110252,Assessing the Efficacy of Check & Connect for Improving Outcomes for At-Risk High School Students,Jessica Heppen,American Institutes for Research (AIR),Efficacy,R305A110252,2011,2011,NA,"$3,209,567","Social, Emotional, and Behavioral Context for Teaching and Learning",Education Research Grants,https://ies.ed.gov/use-work/awards/assessing-efficacy-check-connect-improving-outcomes-risk-high-school-students,Other
R305A110297,Scale-up Evaluation of Reading Intervention for First Grade English Learners,David Francis,University of Houston,Scale-Up Evaluations,R305A110297,2011,2011,NA,"$5,201,997",Literacy,Education Research Grants,https://ies.ed.gov/use-work/awards/scale-evaluation-reading-intervention-first-grade-english-learners,Uni
R305A110358,Learning of Ratio and Proportion Problem-Solving Using Schema-Based Instruction: Efficacy and Sustainability,Asha Jitendra,University of Minnesota,Efficacy,R305A110358,2011,2011,NA,"$4,593,808","Science, Technology, Engineering, and Mathematics (STEM) Education",Education Research Grants,https://ies.ed.gov/use-work/awards/learning-ratio-and-proportion-problem-solving-using-schema-based-instruction-efficacy-and,Uni
R305A110397,Longitudinal Follow-up of Successful Parent/Child Intervention in Pre-school Children At Risk for School Failure,Helen Neville,University of Oregon,Efficacy,R305A110397,2011,2011,NA,"$1,087,931",Cognition and Student Learning,Education Research Grants,https://ies.ed.gov/use-work/awards/longitudinal-follow-successful-parentchild-intervention-pre-school-children-risk-school-failure,Uni
R305A110398,Training Attention in At-risk Preschoolers: Expansion of our Successful Program to a Wider Population within Head Start,Helen Neville,University of Oregon,Efficacy,R305A110398,2011,2011,NA,"$3,363,271",Cognition and Student Learning,Education Research Grants,https://ies.ed.gov/use-work/awards/training-attention-risk-preschoolers-expansion-our-successful-program-wider-population-within-head,Uni
R305A110483,Numbers Plus Efficacy Study,Larry Schweinhart,HighScope Educational Research Foundation,Efficacy,R305A110483,2011,2011,NA,"$2,102,024",Early Learning Programs and Policies,Education Research Grants,https://ies.ed.gov/use-work/awards/numbers-plus-efficacy-study,Other
R305A110515,Making Sense of SCIENCE: Efficacy Study of a Professional Development Series for Middle School Science Teachers,Steve Schneider,WestEd,Efficacy,R305A110515,2011,2011,NA,"$2,980,934","Teaching, Teachers, and the Education Workforce",Education Research Grants,https://ies.ed.gov/use-work/awards/making-sense-science-efficacy-study-professional-development-series-middle-school-science-teachers,Other
R305A110609,State Merit Aid Program and Student College Choice and Success: Evaluating the Efficacy of Florida's Bright Futures Program,Shouping Hu,Florida State University,Efficacy,R305A110609,2011,2011,NA,"$774,910",Postsecondary and Adult Education,Education Research Grants,https://ies.ed.gov/use-work/awards/state-merit-aid-program-and-student-college-choice-and-success-evaluating-efficacy-floridas-bright,Uni
R305A110685,Data Modeling Supports the Development of Statistical Reasoning,Richard Lehrer,Vanderbilt University,Efficacy,R305A110685,2011,2011,NA,"$3,706,097","Science, Technology, Engineering, and Mathematics (STEM) Education",Education Research Grants,https://ies.ed.gov/use-work/awards/data-modeling-supports-development-statistical-reasoning,Uni
R305A110703,Efficacy of the WINGS After-School Social and Emotional Learning (SEL) Program,David Grissmer,University of Virginia,Efficacy,R305A110703,2011,2011,NA,"$2,774,333","Social, Emotional, and Behavioral Context for Teaching and Learning",Education Research Grants,https://ies.ed.gov/use-work/awards/efficacy-wings-after-school-social-and-emotional-learning-sel-program,Uni
R305A110809,Promoting College Enrollment among Disadvantaged Students: A Randomized Controlled Trial of Two Low-Cost Interventions,Tiffani Chin,EdBoost Education Corporation,Efficacy,R305A110809,2011,2011,NA,"$2,977,301",Postsecondary and Adult Education,Education Research Grants,https://ies.ed.gov/use-work/awards/promoting-college-enrollment-among-disadvantaged-students-randomized-controlled-trial-two-low-cost,Firm
R305A110967,"The Impact of Incentives to Recruit and Retain Teachers in ""Hard-to-Staff"" Subjects: An Analysis of the Florida Critical Teacher Shortage Program",Tim Sass,Georgia State University,Efficacy,R305A110967,2011,2011,NA,"$495,575",Improving Education Systems,Education Research Grants,https://ies.ed.gov/use-work/awards/impact-incentives-recruit-and-retain-teachers-hard-staff-subjects-analysis-florida-critical-teacher,Uni
R305A120045,Efficacy Study of a Pre-Algebra Supplemental Program in Rural Mississippi Schools,Tedra Clark,Mid-continent Research for Education and Learning (McREL),Efficacy,R305A120045,2012,2012,NA,"$1,878,435","Science, Technology, Engineering, and Mathematics (STEM) Education",Education Research Grants,https://ies.ed.gov/use-work/awards/efficacy-study-pre-algebra-supplemental-program-rural-mississippi-schools,Other
R305A120125,An Efficacy Study of Online Mathematics Homework Support: An Evaluation of the ASSISTments Formative Assessment and Tutoring Platform,Jeremy Roschelle,SRI International,Efficacy,R305A120125,2012,2012,NA,"$3,498,460",Education Technology,Education Research Grants,https://ies.ed.gov/use-work/awards/efficacy-study-online-mathematics-homework-support-evaluation-assistments-formative-assessment-and,Other
R305A120145,Written Language Problems in Middle School Students: A Randomized Trial of the Self-Regulated Strategy Development (SRSD) Model Using a Tier 2 Intervention,Stephen Hooper,"University of North Carolina, Chapel Hill",Efficacy,R305A120145,2012,2012,NA,"$3,106,789",Cognition and Student Learning,Education Research Grants,https://ies.ed.gov/use-work/awards/written-language-problems-middle-school-students-randomized-trial-self-regulated-strategy,Uni
R305A120184,Investigation of the Efficacy of the JUMP Program of Mathematics Instruction,Rosemary Tannock,The Hospital for Sick Children (SickKids),Efficacy,R305A120184,2012,2012,NA,"$2,749,546","Science, Technology, Engineering, and Mathematics (STEM) Education",Education Research Grants,https://ies.ed.gov/use-work/awards/investigation-efficacy-jump-program-mathematics-instruction,Other
R305A120262,A Randomized Study of the Efficacy of a Two-Year Mathematics Intervention for At-Risk Pre-Kindergarten and Kindergarten Students,Prentice Starkey,WestEd,Efficacy,R305A120262,2012,2012,NA,"$3,500,000","Science, Technology, Engineering, and Mathematics (STEM) Education",Education Research Grants,https://ies.ed.gov/use-work/awards/randomized-study-efficacy-two-year-mathematics-intervention-risk-pre-kindergarten-and-kindergarten,Other
R305A120269,"Why are Some Charter Schools More Effective than Others? Econometric Methods and Empirical Evidence from Massachusetts, Michigan, and Texas",Joshua Angrist,National Bureau of Economic Research (NBER),Efficacy,R305A120269,2012,2012,NA,"$1,654,320",Improving Education Systems,Education Research Grants,https://ies.ed.gov/use-work/awards/why-are-some-charter-schools-more-effective-others-econometric-methods-and-empirical-evidence,Other
R305A120280,Improving Information and Access to Financial Aid: Expanding the FAFSA Experiment,Eric Bettinger,National Bureau of Economic Research (NBER),Scale-Up Evaluations,R305A120280,2012,2012,NA,"$4,899,247",Postsecondary and Adult Education,Education Research Grants,https://ies.ed.gov/use-work/awards/improving-information-and-access-financial-aid-expanding-fafsa-experiment,Other
R305A120288,Perceptual Learning Technology in Mathematics Education: Efficacy and Replication,Philip Kellman,"University of California, Los Angeles",Efficacy,R305A120288,2012,2012,NA,"$1,991,881",Cognition and Student Learning,Education Research Grants,https://ies.ed.gov/use-work/awards/perceptual-learning-technology-mathematics-education-efficacy-and-replication,Uni
R305A120391,A Randomized Efficacy Trial of the Kids in Transition to School (KITS) Program to Improve the School Readiness of Children in Disadvantaged Communities,Katherine Pears,Oregon Social Learning Center,Efficacy,R305A120391,2012,2012,NA,"$3,198,210",Early Learning Programs and Policies,Education Research Grants,https://ies.ed.gov/use-work/awards/randomized-efficacy-trial-kids-transition-school-kits-program-improve-school-readiness-children,Other
R305A120466,Doubling Up? The Impact of Remedial Algebra on Students' Long-Run Outcomes,Joshua Goodman,Harvard University,Efficacy,R305A120466,2012,2012,NA,"$291,164",Improving Education Systems,Education Research Grants,https://ies.ed.gov/use-work/awards/doubling-impact-remedial-algebra-students-long-run-outcomes,Uni
R305A120631,Efficacy Trial of MyTeaching Partner-Mathematics and Science Curricula and Implementation Support System,Mable Kinzie,University of Virginia,Efficacy,R305A120631,2012,2012,NA,"$3,499,427",Early Learning Programs and Policies,Education Research Grants,https://ies.ed.gov/use-work/awards/efficacy-trial-myteaching-partner-mathematics-and-science-curricula-and-implementation-support,Uni
R305A120677,Getting Students to the Finish Line: An Efficacy Study of a Ninth Grade Early Warning Indicator Intervention,Robert Balfanz,Johns Hopkins University,Efficacy,R305A120677,2012,2012,NA,"$3,458,989",Improving Education Systems,Education Research Grants,https://ies.ed.gov/use-work/awards/getting-students-finish-line-efficacy-study-ninth-grade-early-warning-indicator-intervention,Uni
R305A120781,Replicating the CGI Experiment in Diverse Environments,Robert Schoen,Florida State University,Efficacy,R305A120781,2012,2012,NA,"$3,427,187","Teaching, Teachers, and the Education Workforce",Education Research Grants,https://ies.ed.gov/use-work/awards/replicating-cgi-experiment-diverse-environments,Uni
R305A120809,Preventing Truancy in Urban Schools Through Provision of School Services by Truancy Officers,Jonathan Guryan,Northwestern University,Efficacy,R305A120809,2010,2010,NA,"$3,177,638",Improving Education Systems,Education Research Grants,https://ies.ed.gov/use-work/awards/preventing-truancy-urban-schools-through-provision-school-services-truancy-officers,Uni
R305A120810,A Randomized Controlled Trial of Student Success Skills: A Program to Improve Academic Achievement for All Students,Linda Webb,Florida State University,Efficacy,R305A120810,2011,2011,NA,"$2,738,187","Social, Emotional, and Behavioral Context for Teaching and Learning",Education Research Grants,https://ies.ed.gov/use-work/awards/randomized-controlled-trial-student-success-skills-program-improve-academic-achievement-all-students,Uni
R305A120811,Burst: Reading Efficacy Study,Brian Rowan,University of Michigan,Efficacy,R305A120811,2012,2012,NA,"$3,243,460",Education Technology,Education Research Grants,https://ies.ed.gov/use-work/awards/burst-reading-efficacy-study,Uni
R305A120812,Supporting Early Adolescent Learning and Social Success - Project SEALS,Thomas Farmer,Virginia Commonwealth University,Efficacy,R305A120812,2011,2011,NA,"$3,952,267","Social, Emotional, and Behavioral Context for Teaching and Learning",Education Research Grants,https://ies.ed.gov/use-work/awards/supporting-early-adolescent-learning-and-social-success-project-seals,Uni
R305A120813,Longitudinal Study of a Successful Scaling-Up Project: Extending TRIAD,Douglas Clements,University of Denver,Scale-Up Evaluations,R305A120813,2011,2011,NA,"$1,895,857","Science, Technology, Engineering, and Mathematics (STEM) Education",Education Research Grants,https://ies.ed.gov/use-work/awards/longitudinal-study-successful-scaling-project-extending-triad,Uni
R305A130011,Efficacy of an Organizational Skills Intervention for Middle School Students with ADHD,Joshua Langberg,Virginia Commonwealth University,Efficacy,R305A130011,2013,2013,NA,"$2,414,164","Social, Emotional, and Behavioral Context for Teaching and Learning",Education Research Grants,https://ies.ed.gov/use-work/awards/efficacy-organizational-skills-intervention-middle-school-students-adhd,Uni
R305A130044,Testing the Promise: A Randomized Trial of a Promise College Scholarship for Urban Public School Students,Douglas N. Harris,Tulane University,Efficacy,R305A130044,2013,2013,NA,"$3,037,937",Improving Education Systems,Education Research Grants,https://ies.ed.gov/use-work/awards/testing-promise-randomized-trial-promise-college-scholarship-urban-public-school-students,Uni
R305A130107,Professional Development to Support New Teachers' Use of Effective Classroom Management Techniques,Patrick Tolan,University of Virginia,Efficacy,R305A130107,2013,2013,NA,"$3,499,721","Social, Emotional, and Behavioral Context for Teaching and Learning",Education Research Grants,https://ies.ed.gov/use-work/awards/professional-development-support-new-teachers-use-effective-classroom-management-techniques,Uni
R305A130125,Using Computer-Assisted Instruction to Accelerate Students through Developmental Math: An Impact Study of Modularization and Compression,Michael Weiss,MDRC,Efficacy,R305A130125,2013,2013,NA,"$3,289,513",Postsecondary and Adult Education,Education Research Grants,https://ies.ed.gov/use-work/awards/using-computer-assisted-instruction-accelerate-students-through-developmental-math-impact-study,Other
R305A130143,Evaluation of a Classroom Management Training Program for Middle School Teachers,Keith Herman,"University of Missouri, Columbia",Efficacy,R305A130143,2013,2013,NA,"$2,998,403","Social, Emotional, and Behavioral Context for Teaching and Learning",Education Research Grants,https://ies.ed.gov/use-work/awards/evaluation-classroom-management-training-program-middle-school-teachers,Uni
R305A130195,GlobalEd 2,Scott Brown,University of Connecticut,Efficacy,R305A130195,2013,2013,NA,"$3,477,944",Education Technology,Education Research Grants,https://ies.ed.gov/use-work/awards/globaled-2,Uni
R305A130206,My Science Tutor: Improving Science Learning through Tutorial Dialogs (MyST),Wayne Ward,Boulder Language Technologies Inc.,Efficacy,R305A130206,2013,2013,NA,"$3,499,713",Cognition and Student Learning,Education Research Grants,https://ies.ed.gov/use-work/awards/my-science-tutor-improving-science-learning-through-tutorial-dialogs-myst,Firm
R305A130336,Kidsteps II: Promoting School Readiness Through Social-Emotional Skill Building in Preschool,Carole Upshur,"University of Massachusetts, Medical School",Efficacy,R305A130336,2013,2013,NA,"$3,468,010",Early Learning Programs and Policies,Education Research Grants,https://ies.ed.gov/use-work/awards/kidsteps-ii-promoting-school-readiness-through-social-emotional-skill-building-preschool,Uni
R305A130400,Efficacy of an Integrated Digital Elementary School Mathematics Curriculum,Jeremy Roschelle,SRI International,Efficacy,R305A130400,2013,2013,NA,"$3,496,525",Education Technology,Education Research Grants,https://ies.ed.gov/use-work/awards/efficacy-integrated-digital-elementary-school-mathematics-curriculum,Other
R305A130700,Efficacy of Supplemental Early Vocabulary Connections Instruction for English Language Learners,Patricia Vadasy,Oregon Research Institute,Efficacy,R305A130700,2011,2011,NA,"$1,838,975","English Learners Policies, Programs, and Practices",Education Research Grants,https://ies.ed.gov/use-work/awards/efficacy-supplemental-early-vocabulary-connections-instruction-english-language-learners,Other
R305A140059,Sustaining the Boost: Longitudinal Impacts of the Boston Prekindergarten Program and Variation in Impacts,Christina Weiland,University of Michigan,Efficacy,R305A140059,2014,2014,NA,"$1,419,251",Early Learning Programs and Policies,Education Research Grants,https://ies.ed.gov/use-work/awards/sustaining-boost-longitudinal-impacts-boston-prekindergarten-program-and-variation-impacts,Uni
R305A140070,Testing the Efficacy of a Developmentally Informed Coping Power Program in Middle Schools,Catherine Bradshaw,University of Virginia,Efficacy,R305A140070,2014,2014,NA,"$3,499,996","Social, Emotional, and Behavioral Context for Teaching and Learning",Education Research Grants,https://ies.ed.gov/use-work/awards/testing-efficacy-developmentally-informed-coping-power-program-middle-schools,Uni
R305A140092,The Impact of a Teacher-Led Early Algebra Intervention on Children's Algebra-Readiness for Middle School,Maria Blanton,"Technical Education Research Centers, Inc. (TERC)",Efficacy,R305A140092,2014,2014,NA,"$3,475,975","Science, Technology, Engineering, and Mathematics (STEM) Education",Education Research Grants,https://ies.ed.gov/use-work/awards/impact-teacher-led-early-algebra-intervention-childrens-algebra-readiness-middle-school,Firm
R305A140121,Digital Messaging to Improve College Enrollment and Success,Christopher Avery,Harvard University,Efficacy,R305A140121,2014,2014,NA,"$3,499,999",Postsecondary and Adult Education,Education Research Grants,https://ies.ed.gov/use-work/awards/digital-messaging-improve-college-enrollment-and-success,Uni
R305A140189,Testing the Efficacy of an Ecological Approach to Family Intervention and Treatment During Early Elementary School to Prevent Problem Behavior and Improve Academic Outcomes,Elizabeth Stormshak,University of Oregon,Efficacy,R305A140189,2014,2014,NA,"$3,480,268","Social, Emotional, and Behavioral Context for Teaching and Learning",Education Research Grants,https://ies.ed.gov/use-work/awards/testing-efficacy-ecological-approach-family-intervention-and-treatment-during-early-elementary,Uni
R305A140221,Efficacy of ALEKS for Improving Student Algebra Achievement,John F. Pane,RAND Corporation,Efficacy,R305A140221,2014,2014,NA,"$1,543,409",Education Technology,Education Research Grants,https://ies.ed.gov/use-work/awards/efficacy-aleks-improving-student-algebra-achievement,Firm
R305A140253,Student Outcomes of Integrative Mental Health Services,John Weisz,Harvard University,Efficacy,R305A140253,2014,2014,NA,"$3,499,669","Social, Emotional, and Behavioral Context for Teaching and Learning",Education Research Grants,https://ies.ed.gov/use-work/awards/student-outcomes-integrative-mental-health-services,Uni
R305A140298,Efficacy Follow-up of ParentCorps: Long-term Impact of Early Childhood Family-Focused Intervention on Academic Achievement,Laurie Brotman,New York University School of Medicine,Efficacy,R305A140298,2014,2014,NA,"$1,200,000","Social, Emotional, and Behavioral Context for Teaching and Learning",Education Research Grants,https://ies.ed.gov/use-work/awards/efficacy-follow-parentcorps-long-term-impact-early-childhood-family-focused-intervention-academic,Uni
R305A140340,Khan Academy Resources for Maximizing Mathematics Achievement: A Postsecondary Mathematics Efficacy Study,Steve Schneider,WestEd,Efficacy,R305A140340,2014,2014,NA,"$2,197,416",Postsecondary and Adult Education,Education Research Grants,https://ies.ed.gov/use-work/awards/khan-academy-resources-maximizing-mathematics-achievement-postsecondary-mathematics-efficacy-study,Other
R305A140356,Multisite Study of School-Based Treatment Approaches for Adolescents with ADHD,Steven Evans,Ohio University,Efficacy,R305A140356,2014,2014,NA,"$3,052,601","Social, Emotional, and Behavioral Context for Teaching and Learning",Education Research Grants,https://ies.ed.gov/use-work/awards/multisite-study-school-based-treatment-approaches-adolescents-adhd,Uni
R305A140361,Impact of Early College High School (ECHS) Model on Postsecondary Performance and Completion,Julie Edmunds,"University of North Carolina, Greensboro",Follow-Up,R305A140361,2014,2014,NA,"$1,199,996",Postsecondary and Adult Education,Education Research Grants,https://ies.ed.gov/use-work/awards/impact-early-college-high-school-echs-model-postsecondary-performance-and-completion,Uni
R305A140363,On the Importance of School Facilities Spending to School Outcomes,Kevin Stange,University of Michigan,Efficacy,R305A140363,2014,2014,NA,"$2,079,385",Improving Education Systems,Education Research Grants,https://ies.ed.gov/use-work/awards/importance-school-facilities-spending-school-outcomes,Uni
R305A140378,Scalable Approaches for Preparing Early Childhood Teachers: Identifying Costs and Effectiveness of Evidence Based Approaches to Coaching,Susan H. Landry,University of Texas Health Science Center at Houston,Efficacy,R305A140378,2014,2014,NA,"$3,499,220",Early Learning Programs and Policies,Education Research Grants,https://ies.ed.gov/use-work/awards/scalable-approaches-preparing-early-childhood-teachers-identifying-costs-and-effectiveness-evidence,Uni
R305A140386,Internet Implementation of Empirically Supported Interventions That Can Be Remotely Delivered in Authentic Preschool Programs for Mothers and Teachers: Evaluation of Direct Child and Teacher Outcomes,Susan H. Landry,University of Texas Health Science Center at Houston,Efficacy,R305A140386,2014,2014,NA,"$3,499,758",Early Learning Programs and Policies,Education Research Grants,https://ies.ed.gov/use-work/awards/internet-implementation-empirically-supported-interventions-can-be-remotely-delivered-authentic,Uni
R305A140488,Math for All: Assessing the Efficacy of a Professional Development Program for Elementary School Teachers,Babette Moeller,"Education Development Center, Inc.",Efficacy,R305A140488,2014,2014,NA,"$3,499,692","Teaching, Teachers, and the Education Workforce",Education Research Grants,https://ies.ed.gov/use-work/awards/math-all-assessing-efficacy-professional-development-program-elementary-school-teachers,Firm
R305A140493,Consistency Management & Cooperative Discipline (CMCD): An Efficacy Trial with Students in Third and Fourth Grade Urban Schools,Jerome Freiberg,University of Houston,Efficacy,R305A140493,2014,2014,NA,"$3,496,854","Social, Emotional, and Behavioral Context for Teaching and Learning",Education Research Grants,https://ies.ed.gov/use-work/awards/consistency-management-cooperative-discipline-cmcd-efficacy-trial-students-third-and-fourth-grade,Uni
R305A140559,Testing the Integration of an Empirically-supported Teacher Consultation Model and a Social-emotional Learning and Literacy Intervention in Urban Elementary Schools,Joshua Brown,Fordham University,Efficacy,R305A140559,2014,2014,NA,"$3,490,163","Social, Emotional, and Behavioral Context for Teaching and Learning",Education Research Grants,https://ies.ed.gov/use-work/awards/testing-integration-empirically-supported-teacher-consultation-model-and-social-emotional-learning,Uni
R305A140692,Improving Classroom Learning Environments by Cultivating Awareness and Resilience in Education (CARE): A Cluster Randomized Controlled Efficacy Trial,Patricia Jennings,University of Virginia,Efficacy,R305A140692,2012,2012,NA,"$3,478,904","Social, Emotional, and Behavioral Context for Teaching and Learning",Education Research Grants,https://ies.ed.gov/use-work/awards/improving-classroom-learning-environments-cultivating-awareness-and-resilience-education-care-0,Uni
R305A140698,WORLD Efficacy Study,Jorge Gonzalez,University of Houston,Efficacy,R305A140698,2011,2011,NA,"$2,608,581",Early Learning Programs and Policies,Education Research Grants,https://ies.ed.gov/use-work/awards/world-efficacy-study,Uni
R305A150043,Improvement of Elementary Fractions Instruction: Randomized Controlled Trial Using Lesson Study with a Fractions Resource Kit,Catherine Lewis,Mills College,Efficacy,R305A150043,2015,2015,NA,"$3,499,825","Teaching, Teachers, and the Education Workforce",Education Research Grants,https://ies.ed.gov/use-work/awards/improvement-elementary-fractions-instruction-randomized-controlled-trial-using-lesson-study,Uni
R305A150046,"Evaluation of We Have Skills, A Multimedia Classroom Level Social Skills Program for Elementary Students",Adam Wendt,"IRIS Media, Inc.",Efficacy,R305A150046,2015,2015,NA,"$3,499,726","Social, Emotional, and Behavioral Context for Teaching and Learning",Education Research Grants,https://ies.ed.gov/use-work/awards/evaluation-we-have-skills-multimedia-classroom-level-social-skills-program-elementary-students,Firm
R305A150049,An Efficacy Trial of the HighScope Preschool Curriculum (HSPC),Eboni Howard,American Institutes for Research (AIR),Efficacy,R305A150049,2015,2015,NA,"$3,405,790",Early Learning Programs and Policies,Education Research Grants,https://ies.ed.gov/use-work/awards/efficacy-trial-highscope-preschool-curriculum-hspc,Other
R305A150057,Efficacy and Replication Trial of the Individualized Adaptive ITSS with 4th and 5th Grade Students in High Poverty Schools,Kausalai Wijekumar,Texas A&M University,Efficacy,R305A150057,2015,2015,NA,"$3,499,570",Literacy,Education Research Grants,https://ies.ed.gov/use-work/awards/efficacy-and-replication-trial-individualized-adaptive-itss-4th-and-5th-grade-students-high-poverty,Uni
R305A150058,Preventing Dropout Among At-Risk Youth: A Study of Project Goal with English Learners,Sharon Vaughn,"University of Texas, Austin",Efficacy,R305A150058,2015,2015,NA,"$3,361,365","English Learners Policies, Programs, and Practices",Education Research Grants,https://ies.ed.gov/use-work/awards/preventing-dropout-among-risk-youth-study-project-goal-english-learners,Uni
R305A150088,Improving Children's Understanding of Mathematical Equivalence: An Efficacy Study,Jodi Davenport,WestEd,Efficacy,R305A150088,2015,2015,NA,"$3,492,261",Cognition and Student Learning,Education Research Grants,https://ies.ed.gov/use-work/awards/improving-childrens-understanding-mathematical-equivalence-efficacy-study,Other
R305A150108,Word Learning Strategies: A Program for Upper-Elementary Readers,Steve Schneider,WestEd,Efficacy,R305A150108,2015,2015,NA,"$3,497,205",Literacy,Education Research Grants,https://ies.ed.gov/use-work/awards/word-learning-strategies-program-upper-elementary-readers-0,Other
R305A150142,Efficacy of a Growth Mindset Intervention to Increase Student Success,Lisa Sorich Blackwell,"Mindset Works, LLC",Efficacy,R305A150142,2015,2015,NA,"$3,499,850","Social, Emotional, and Behavioral Context for Teaching and Learning",Education Research Grants,https://ies.ed.gov/use-work/awards/efficacy-growth-mindset-intervention-increase-student-success,Firm
R305A150169,Educational Outcomes of the Incredible Years Small Group Program for Early Elementary Students with Self-Regulation Difficulties,Desiree W. Murray,"University of North Carolina, Chapel Hill",Efficacy,R305A150169,2015,2015,NA,"$3,496,412","Social, Emotional, and Behavioral Context for Teaching and Learning",Education Research Grants,https://ies.ed.gov/use-work/awards/educational-outcomes-incredible-years-small-group-program-early-elementary-students-self-regulation,Uni
R305A150200,Embedding Working Memory Training within Math Problem Solving Intervention,Lynn Fuchs,Vanderbilt University,Efficacy,R305A150200,2015,2015,NA,"$3,496,125",Cognition and Student Learning,Education Research Grants,https://ies.ed.gov/use-work/awards/embedding-working-memory-training-within-math-problem-solving-intervention,Uni
R305A150207,Improving the Educational and Social Emotional Functioning of College Students with ADHD,Arthur Anastopoulos,"University of North Carolina, Greensboro",Efficacy,R305A150207,2015,2015,NA,"$3,179,850",Postsecondary and Adult Education,Education Research Grants,https://ies.ed.gov/use-work/awards/improving-educational-and-social-emotional-functioning-college-students-adhd,Uni
R305A150221,Testing the Efficacy of Double Check: A Cultural Proficiency Professional Development Model in Middle Schools,Catherine Bradshaw,University of Virginia,Efficacy,R305A150221,2015,2015,NA,"$3,496,525","Social, Emotional, and Behavioral Context for Teaching and Learning",Education Research Grants,https://ies.ed.gov/use-work/awards/testing-efficacy-double-check-cultural-proficiency-professional-development-model-middle-schools,Uni
R305A150243,Evaluating the Efficacy of Learning Trajectories in Early Mathematics,Douglas Clements,University of Denver,Efficacy,R305A150243,2015,2015,NA,"$3,453,981",Early Learning Programs and Policies,Education Research Grants,https://ies.ed.gov/use-work/awards/evaluating-efficacy-learning-trajectories-early-mathematics,Uni
R305A150253,A Scalable Growth Mindset Intervention to Raise Achievement and Persistence in Community College,Gregory Walton,Stanford University,Development and Innovation,R305A150253,2015,2015,NA,"$3,410,421",Postsecondary and Adult Education,Education Research Grants,https://ies.ed.gov/use-work/awards/scalable-growth-mindset-intervention-raise-achievement-and-persistence-community-college,Uni
R305A150325,An Investigation of Direct Instruction Spoken English for At-Risk English Learners,Barbara Gunn,Oregon Research Institute,Efficacy,R305A150325,2015,2015,NA,"$3,447,327","English Learners Policies, Programs, and Practices",Education Research Grants,https://ies.ed.gov/use-work/awards/investigation-direct-instruction-spoken-english-risk-english-learners,Other
R305A150407,Examining the Efficacy of Differential Levels of Professional Development for Teaching Content Area Reading Strategies,Elizabeth Swanson,"University of Texas, Austin",Efficacy,R305A150407,2015,2015,NA,"$3,500,000","Teaching, Teachers, and the Education Workforce",Education Research Grants,https://ies.ed.gov/use-work/awards/examining-efficacy-differential-levels-professional-development-teaching-content-area-reading,Uni
R305A150429,Digital Scaffolding for English Language Arts,Mark Warschauer,"University of California, Irvine",Efficacy,R305A150429,2015,2015,NA,"$3,500,000",Education Technology,Education Research Grants,https://ies.ed.gov/use-work/awards/digital-scaffolding-english-language-arts,Uni
R305A150431,Effects of the Incredible Years Dinosaur Classroom Prevention Program on Preschool Children's Executive Functioning and Academic Achievement,Mary Katherine Rosanbalm,Duke University,Efficacy,R305A150431,2015,2015,NA,"$3,410,482",Early Learning Programs and Policies,Education Research Grants,https://ies.ed.gov/use-work/awards/effects-incredible-years-dinosaur-classroom-prevention-program-preschool-childrens-executive,Uni
R305A150438,Efficacy of RENEW for High School Students with Emotional and Behavioral Challenges,Jesse C. Suter,University of Vermont,Efficacy,R305A150438,2015,2015,NA,"$3,499,501","Social, Emotional, and Behavioral Context for Teaching and Learning",Education Research Grants,https://ies.ed.gov/use-work/awards/efficacy-renew-high-school-students-emotional-and-behavioral-challenges,Uni
R305A150463,Testing the Effectiveness of Professional Development in Academic Vocabulary on Observed Teaching Practice and Academic Vocabulary Knowledge of English Learners in 8th Grade Social Studies Classrooms,Russell Gersten,Instructional Research Group,Efficacy,R305A150463,2015,2015,NA,"$3,475,429","Teaching, Teachers, and the Education Workforce",Education Research Grants,https://ies.ed.gov/use-work/awards/testing-effectiveness-professional-development-academic-vocabulary-observed-teaching-practice-and,Other
R305A150477,Early College High Schools at Scale: Probing Impacts and Generalizability with a Quasi-Experiment Benchmarked Against an RCT,Douglas Lauen,"University of North Carolina, Chapel Hill",Efficacy,R305A150477,2015,2015,NA,"$799,886",Improving Education Systems,Education Research Grants,https://ies.ed.gov/use-work/awards/early-college-high-schools-scale-probing-impacts-and-generalizability-quasi-experiment-benchmarked,Uni
R305A150488,Intervening with Children Experiencing Serious Peer Difficulties: The Friendship Connections Program,Karen L. Bierman,Pennsylvania State University,Efficacy,R305A150488,2015,2015,NA,"$3,499,996","Social, Emotional, and Behavioral Context for Teaching and Learning",Education Research Grants,https://ies.ed.gov/use-work/awards/intervening-children-experiencing-serious-peer-difficulties-friendship-connections-program,Uni
R305A150517,Evaluation of a Self-Monitoring Training Program for Elementary School Students,Aaron Thompson,"University of Missouri, Columbia",Efficacy,R305A150517,2015,2015,NA,"$3,499,927","Social, Emotional, and Behavioral Context for Teaching and Learning",Education Research Grants,https://ies.ed.gov/use-work/awards/evaluation-self-monitoring-training-program-elementary-school-students,Uni
R305A160013,Contexts Inside and Outside of School Walls as Predictors of Differential Effectiveness in Preschool Professional Development,Terri Sabol,Northwestern University,Efficacy,R305A160013,2016,2016,NA,"$699,490",Early Learning Programs and Policies,Education Research Grants,https://ies.ed.gov/use-work/awards/contexts-inside-and-outside-school-walls-predictors-differential-effectiveness-preschool,Uni
R305A160026,The Scale Up of Promoting Adolescents Comprehension of Text,Greg Roberts,"University of Texas, Austin",Effectiveness,R305A160026,2016,2016,NA,"$3,800,000",Literacy,Education Research Grants,https://ies.ed.gov/use-work/awards/scale-promoting-adolescents-comprehension-text,Uni
R305A160060,A Multisite Randomized Controlled Trial (RCT) of Descubriendo la Lectura (DLL) Topic Area: English learners,Trisha Borman,American Institutes for Research (AIR),Efficacy,R305A160060,2016,2016,NA,"$2,918,455","English Learners Policies, Programs, and Practices",Education Research Grants,https://ies.ed.gov/use-work/awards/multisite-randomized-controlled-trial-rct-descubriendo-la-lectura-dll-topic-area-english-learners,Other
R305A160082,RAP Club: Improving Mental Health and School Performance in Urban Eighth Graders,Tamar Mendelson,Johns Hopkins University,Efficacy,R305A160082,2016,2016,NA,"$3,274,545","Social, Emotional, and Behavioral Context for Teaching and Learning",Education Research Grants,https://ies.ed.gov/use-work/awards/rap-club-improving-mental-health-and-school-performance-urban-eighth-graders,Uni
R305A160109,Efficacy Evaluation of Zoology One: Kindergarten Research Labs,Brooks Bowden,University of Pennsylvania,Efficacy,R305A160109,2016,2016,NA,"$3,299,903",Literacy,Education Research Grants,https://ies.ed.gov/use-work/awards/efficacy-evaluation-zoology-one-kindergarten-research-labs,Uni
R305A160111,Efficacy of a Brief Intervention Strategy for School Mental Health Clinicians,Eric Bruns,University of Washington,Efficacy,R305A160111,2016,2016,NA,"$3,295,972","Social, Emotional, and Behavioral Context for Teaching and Learning",Education Research Grants,https://ies.ed.gov/use-work/awards/efficacy-brief-intervention-strategy-school-mental-health-clinicians,Uni
R305A160140,AIR Early College Follow-Up Efficacy Study,Mengli Song,American Institutes for Research (AIR),Efficacy,R305A160140,2016,2016,NA,"$630,139",Postsecondary and Adult Education,Education Research Grants,https://ies.ed.gov/use-work/awards/air-early-college-follow-efficacy-study,Other
R305A160166,Evaluation of Florida's Developmental Education Redesign,Shouping Hu,Florida State University,Efficacy,R305A160166,2016,2016,NA,"$3,283,265",Postsecondary and Adult Education,Education Research Grants,https://ies.ed.gov/use-work/awards/evaluation-floridas-developmental-education-redesign,Uni
R305A160177,Does Early Intervention Benefit Social-Emotional and Academic Development in Middle School? A Follow-up Study of INSIGHTS,Erin O'Connor,New York University,Efficacy,R305A160177,2016,2016,NA,"$1,094,603","Social, Emotional, and Behavioral Context for Teaching and Learning",Education Research Grants,https://ies.ed.gov/use-work/awards/does-early-intervention-benefit-social-emotional-and-academic-development-middle-school-follow-study,Uni
R305A160188,"Alignment, Timing and Support: The Effect of Early Intervention on Student College Readiness",Zeyu Xu,American Institutes for Research (AIR),Efficacy,R305A160188,2016,2016,NA,"$1,839,252",Improving Education Systems,Education Research Grants,https://ies.ed.gov/use-work/awards/alignment-timing-and-support-effect-early-intervention-student-college-readiness,Other
R305A160223,The Impact of New Mexico's Teacher Evaluation System on Student Academic Outcomes,,RAND Corporation,Efficacy,R305A160223,2016,2016,NA,"$3,297,221","Teaching, Teachers, and the Education Workforce",Education Research Grants,https://ies.ed.gov/use-work/awards/impact-new-mexicos-teacher-evaluation-system-student-academic-outcomes,Firm
R305A160241,Generating Large and Sustained Impacts on Early Language Skills: Evaluation of Timing and Duration of Intervention,Christopher Lonigan,Florida State University,Efficacy,R305A160241,2016,2016,NA,"$3,300,000",Cognition and Student Learning,Education Research Grants,https://ies.ed.gov/use-work/awards/generating-large-and-sustained-impacts-early-language-skills-evaluation-timing-and-duration,Uni
R305A160242,Supporting Strategic Writers: Effects of an Innovative Developmental Writing Program on Writing and Reading Outcomes,Charles A. MacArthur,University of Delaware,Efficacy,R305A160242,2016,2016,NA,"$3,245,858",Postsecondary and Adult Education,Education Research Grants,https://ies.ed.gov/use-work/awards/supporting-strategic-writers-effects-innovative-developmental-writing-program-writing-and-reading,Uni
R305A160255,Investigating the Efficacy of a Web-Based Early Reading Intervention Professional Development Program for K-1 English Learners,Steven Amendum,University of Delaware,Efficacy,R305A160255,2016,2016,NA,"$3,299,115","English Learners Policies, Programs, and Practices",Education Research Grants,https://ies.ed.gov/use-work/awards/investigating-efficacy-web-based-early-reading-intervention-professional-development-program-k-1,Uni
R305A160261,Efficacy of the BrightStart! Program for Promoting Emergent Literacy Skills of PreKindergarten Children at Risk for Reading Difficulties,Shayne Piasta,Ohio State University,Efficacy,R305A160261,2016,2016,NA,"$3,299,903",Early Learning Programs and Policies,Education Research Grants,https://ies.ed.gov/use-work/awards/efficacy-brightstart-program-promoting-emergent-literacy-skills-prekindergarten-children-risk,Uni
R305A160263,An Efficacy Study of Interleaved Mathematics Practice,Douglas Rohrer,University of South Florida,Efficacy,R305A160263,2016,2016,NA,"$1,521,294",Cognition and Student Learning,Education Research Grants,https://ies.ed.gov/use-work/awards/efficacy-study-interleaved-mathematics-practice,Uni
R305A160273,Assessing the Long-Term Efficacy and Costs of the City University of New York's (CUNY'S) Accelerated Study in Associate Programs (ASAP),Michael Weiss,MDRC,Efficacy,R305A160273,2016,2016,NA,"$1,061,273",Postsecondary and Adult Education,Education Research Grants,https://ies.ed.gov/use-work/awards/assessing-long-term-efficacy-and-costs-city-university-new-yorks-cunys-accelerated-study-associate,Other
R305A160346,Testing the Efficacy of Embedded Social Skills within a Universal Classroom Management Program: Well-Managed Schools,Tricia Neppl,Iowa State University,Efficacy,R305A160346,2016,2016,NA,"$3,296,591","Social, Emotional, and Behavioral Context for Teaching and Learning",Education Research Grants,https://ies.ed.gov/use-work/awards/testing-efficacy-embedded-social-skills-within-universal-classroom-management-program-well-managed,Uni
R305A160388,Could Connecting Students with Financial Aid Lead to Better College Outcomes? A Proposal to Test the Effectiveness of FAFSA Interventions Using the NPSAS Sample,Bridget Terry Long,National Bureau of Economic Research (NBER),Efficacy,R305A160388,2016,2016,NA,"$2,350,643",Postsecondary and Adult Education,Education Research Grants,https://ies.ed.gov/use-work/awards/could-connecting-students-financial-aid-lead-better-college-outcomes-proposal-test-effectiveness,Other
R305A160400,Financial Aid Nudges: A National Experiment to Increase Retention of Financial Aid and College Persistence,Sara Goldrick-Rab,Temple University,Efficacy,R305A160400,2016,2016,NA,"$2,175,114",Postsecondary and Adult Education,Education Research Grants,https://ies.ed.gov/use-work/awards/financial-aid-nudges-national-experiment-increase-retention-financial-aid-and-college-persistence,Uni
R305A170044,Evaluation of the KinderTEK iPad Math Program,Mari Strand Cary,University of Oregon,Efficacy,R305A170044,2017,2017,NA,"$3,299,986","Science, Technology, Engineering, and Mathematics (STEM) Education",Education Research Grants,https://nces.ed.gov/use-work/awards/evaluation-kindertek-ipad-math-program,Uni
R305A170047,Effectiveness of the Social Skills Improvement System Classwide Intervention Program (SSIS-CIP) in the Primary Grades,James DiPerna,Pennsylvania State University,Effectiveness,R305A170047,2017,2017,NA,"$3,799,833","Social, Emotional, and Behavioral Context for Teaching and Learning",Education Research Grants,https://nces.ed.gov/use-work/awards/effectiveness-social-skills-improvement-system-classwide-intervention-program-ssis-cip-primary,Uni
R305A170052,Evaluation of Organization Skills Training Program for Upper Elementary Students,Thomas Power,Children's Hospital of Philadelphia,Efficacy,R305A170052,2017,2017,NA,"$3,275,484","Social, Emotional, and Behavioral Context for Teaching and Learning",Education Research Grants,https://nces.ed.gov/use-work/awards/evaluation-organization-skills-training-program-upper-elementary-students,Other
R305A170068,Efficacy of the TELL Curriculum for Preschool Children who are Economically Disadvantaged,Shelley Gray,Arizona State University,Efficacy,R305A170068,2017,2017,NA,"$3,288,658",Early Learning Programs and Policies,Education Research Grants,https://nces.ed.gov/use-work/awards/efficacy-tell-curriculum-preschool-children-who-are-economically-disadvantaged,Uni
R305A170074,Efficacy of the Connected Chemistry Curriculum,Yue Yin,"University of Illinois, Chicago",Efficacy,R305A170074,2017,2017,NA,"$3,279,937","Science, Technology, Engineering, and Mathematics (STEM) Education",Education Research Grants,https://nces.ed.gov/use-work/awards/efficacy-connected-chemistry-curriculum,Uni
R305A170111,Randomized Controlled Trial of the Supporting Knowledge in Language and Literacy (SKILL) Program for Children who are At-Risk for Language and Literacy Difficulties,Ronald Gillam,Utah State University,Efficacy,R305A170111,2017,2017,NA,"$3,299,570",Literacy,Education Research Grants,https://nces.ed.gov/use-work/awards/randomized-controlled-trial-supporting-knowledge-language-and-literacy-skill-program-children-who,Uni
R305A170114,"Focusing on the Efficacy of Teaching Advanced Forms of Patterning on Kindergartners' Improvements in Literacy, Mathematics, and Reasoning Ability",Robert Pasnak,George Mason University,Efficacy,R305A170114,2017,2017,NA,"$1,621,738",Cognition and Student Learning,Education Research Grants,https://nces.ed.gov/use-work/awards/focusing-efficacy-teaching-advanced-forms-patterning-kindergartners-improvements-literacy,Uni
R305A170139,An Efficacy Study of Toggle Talk,Jan Edwards,"University of Maryland, College Park",Efficacy,R305A170139,2017,2017,NA,"$3,247,480",Literacy,Education Research Grants,https://nces.ed.gov/use-work/awards/efficacy-study-toggle-talk,Uni
R305A170152,Assessing the Efficacy of Online Credit Recovery on Student Learning and High School Graduation,Jordan Rickles,American Institutes for Research (AIR),Efficacy,R305A170152,2017,2017,NA,"$3,256,848",Improving Education Systems,Education Research Grants,https://nces.ed.gov/use-work/awards/assessing-efficacy-online-credit-recovery-student-learning-and-high-school-graduation,Other
R305A170160,"It's Worth It! Securing Persistence, Performance and Progress within Postsecondary Gateway Science Courses through Utility Value Interventions",Jacquelynne Eccles,"University of California, Irvine",Efficacy,R305A170160,2017,2017,NA,"$2,740,650",Postsecondary and Adult Education,Education Research Grants,https://nces.ed.gov/use-work/awards/its-worth-it-securing-persistence-performance-and-progress-within-postsecondary-gateway-science,Uni
R305A170171,An Efficacy Follow-Up Study of the Long-Term Effects of Reading Recovery Under the i3 Scale-Up,Henry May,University of Delaware,Efficacy,R305A170171,2017,2017,NA,"$1,099,999",Literacy,Education Research Grants,https://nces.ed.gov/use-work/awards/efficacy-follow-study-long-term-effects-reading-recovery-under-i3-scale,Uni
R305A170180,Evaluation of a Training Program to Promote Effective School Leadership,Keith Herman,"University of Missouri, Kansas City",Efficacy,R305A170180,2017,2017,NA,"$3,290,367",Education Leadership,Education Research Grants,https://nces.ed.gov/use-work/awards/evaluation-training-program-promote-effective-school-leadership,Uni
R305A170241,The Effects of Promoting Engaging Early Literacy Interactions in Preschool Environments: Literacy 3D,Alana Schnitz,University of Kansas,Efficacy,R305A170241,2017,2017,NA,"$3,295,716",Early Learning Programs and Policies,Education Research Grants,https://nces.ed.gov/use-work/awards/effects-promoting-engaging-early-literacy-interactions-preschool-environments-literacy-3d,Uni
R305A170243,Evaluating the Effectiveness of ASSISTments for Improving Math Achievement,Kirk Walters,American Institutes for Research (AIR),Effectiveness,R305A170243,2017,2017,NA,"$3,799,617",Education Technology,Education Research Grants,https://nces.ed.gov/use-work/awards/evaluating-effectiveness-assistments-improving-math-achievement,Other
R305A170250,"P-TECH 9–14 Schools: An Impact, Implementation and Cost Study",Rachel Rosen,MDRC,Efficacy,R305A170250,2017,2017,NA,"$2,801,182",Improving Education Systems,Education Research Grants,https://nces.ed.gov/use-work/awards/p-tech-9-14-schools-impact-implementation-and-cost-study,Other
R305A170288,Heterogeneous Effects of English Learner Reclassification on Achievement Trajectories,Laura Hill,Public Policy Institute of California,Efficacy,R305A170288,2017,2017,NA,"$699,983","English Learners Policies, Programs, and Practices",Education Research Grants,https://nces.ed.gov/use-work/awards/heterogeneous-effects-english-learner-reclassification-achievement-trajectories,Other
R305A170471,Assessing the Efficacy and Implementation of City Connects: A Systemic Approach to Student Support,Mary Walsh,Boston College,Efficacy,R305A170471,2017,2017,NA,"$2,507,664","Social, Emotional, and Behavioral Context for Teaching and Learning",Education Research Grants,https://nces.ed.gov/use-work/awards/assessing-efficacy-and-implementation-city-connects-systemic-approach-student-support,Uni
R305A170498,"Assessing the Implementation, Impact & Variation of CTE Innovation: NYC as a Lab for Rigorous CTE Research",James Kemple,New York University,Efficacy,R305A170498,2017,2017,NA,"$3,118,343",Career and Technical Education,Education Research Grants,https://nces.ed.gov/use-work/awards/assessing-implementation-impact-variation-cte-innovation-nyc-lab-rigorous-cte-research,Uni
R305A170523,Adaptive Response to Intervention (RTI) for Students with ADHD,William Pelham,Florida International University,Efficacy,R305A170523,2017,2017,NA,"$3,298,918","Social, Emotional, and Behavioral Context for Teaching and Learning",Education Research Grants,https://nces.ed.gov/use-work/awards/adaptive-response-intervention-rti-students-adhd,Uni
R305A170529,An Examination of Response to Intervention in the Early Writing Skills of At-Risk Preschoolers,Stephen Hooper,"University of North Carolina, Chapel Hill",Efficacy,R305A170529,2017,2017,NA,"$3,292,904",Cognition and Student Learning,Education Research Grants,https://nces.ed.gov/use-work/awards/examination-response-intervention-early-writing-skills-risk-preschoolers,Uni
R305A170635,Efficacy of the Core Knowledge Language Arts Read Aloud Program in Kindergarten through Second Grade Classrooms,Sonia Cabell,Florida State University,Efficacy,R305A170635,2016,2016,NA,"$3,299,999",Literacy,Education Research Grants,https://ies.ed.gov/use-work/awards/efficacy-core-knowledge-language-arts-read-aloud-program-kindergarten-through-second-grade,Uni
R305A170640,Enhancing Middle School Mathematics Achievement through Spatial Skills Instruction,Sheryl Sorby,University of Cincinnati,Efficacy,R305A170640,2015,2015,NA,"$3,499,941",Cognition and Student Learning,Education Research Grants,https://ies.ed.gov/use-work/awards/enhancing-middle-school-mathematics-achievement-through-spatial-skills-instruction,Uni
R305A170641,Efficacy of ASSISTments Online Homework Support for Middle School Mathematics Learning: A Replication Study,Mingyu Feng,WestEd,Efficacy,R305A170641,2017,2017,NA,"$3,298,853","Teaching, Teachers, and the Education Workforce",Education Research Grants,https://nces.ed.gov/use-work/awards/efficacy-assistments-online-homework-support-middle-school-mathematics-learning-replication-study,Other
R305A180004,Causal Effects of the Kindergarten Transition Intervention,Laura Justice,Ohio State University,Efficacy,R305A180004,2018,2018,NA,"$3,299,995",Early Learning Programs and Policies,Education Research Grants,https://nces.ed.gov/use-work/awards/causal-effects-kindergarten-transition-intervention,Uni
R305A180050,Testing the Efficacy of Zoo U for Improving Children's Social and Emotional Outcomes,Michael Willoughby,RTI International,Efficacy,R305A180050,2018,2018,NA,"$3,299,956","Social, Emotional, and Behavioral Context for Teaching and Learning",Education Research Grants,https://nces.ed.gov/use-work/awards/testing-efficacy-zoo-u-improving-childrens-social-and-emotional-outcomes,Other
R305A180060,Efficacy Trial of Text Structure Strategy Instruction on the Web for Spanish-Speaking English Learners (SWELL) in Grades 4 and 5,Kausalai Wijekumar,Texas A&M University,Efficacy,R305A180060,2018,2018,NA,"$3,298,201","English Learners Policies, Programs, and Practices",Education Research Grants,https://nces.ed.gov/use-work/awards/efficacy-trial-text-structure-strategy-instruction-web-spanish-speaking-english-learners-swell,Uni
R305A180154,"A Regression Discontinuity Study of the Impact of ALFA Lab on 9th-Graders' Reading Achievement, Motivation, and Reading Frequency",Douglas Mac Iver,Johns Hopkins University,Efficacy,R305A180154,2018,2018,NA,"$3,254,543",Literacy,Education Research Grants,https://nces.ed.gov/use-work/awards/regression-discontinuity-study-impact-alfa-lab-9th-graders-reading-achievement-motivation-and,Uni
R305A180181,A Longitudinal Efficacy Study of the Montessori Preschool Model on Academic and Social-Emotional Outcomes,Karen Manship,American Institutes for Research (AIR),Efficacy,R305A180181,2018,2018,NA,"$3,294,232",Early Learning Programs and Policies,Education Research Grants,https://nces.ed.gov/use-work/awards/longitudinal-efficacy-study-montessori-preschool-model-academic-and-social-emotional-outcomes,Other
R305A180182,A Conceptual Replication of BEST in CLASS: An Efficacy Study of BEST in CLASS-Elementary,Kevin Sutherland,Virginia Commonwealth University,Efficacy,R305A180182,2018,2018,NA,"$3,296,798","Social, Emotional, and Behavioral Context for Teaching and Learning",Education Research Grants,https://nces.ed.gov/use-work/awards/conceptual-replication-best-class-efficacy-study-best-class-elementary,Uni
R305A180212,Efficacy Trial of the We-Write Intervention with 4th- and 5th-Grade Students,Kausalai Wijekumar,Texas A&M University,Efficacy,R305A180212,2018,2018,NA,"$3,299,952",Literacy,Education Research Grants,https://nces.ed.gov/use-work/awards/efficacy-trial-we-write-intervention-4th-and-5th-grade-students,Uni
R305A180224,"Efficacy Study of Adventures Aboard the S.S.GRIN: Social, Emotional, and Academic Skills",Linlin Li,WestEd,Efficacy,R305A180224,2018,2018,NA,"$2,997,518","Social, Emotional, and Behavioral Context for Teaching and Learning",Education Research Grants,https://nces.ed.gov/use-work/awards/efficacy-study-adventures-aboard-s-s-grin-social-emotional-and-academic-skills,Other
R305A180227,Evaluating Incentives for Full-time Enrollment at California Community Colleges,Paco Martorell,"University of California, Davis",Efficacy,R305A180227,2018,2018,NA,"$3,300,000",Postsecondary and Adult Education,Education Research Grants,https://nces.ed.gov/use-work/awards/evaluating-incentives-full-time-enrollment-california-community-colleges,Uni
R305A180241,Efficacy Replication Study of the Impact of MyTeachingPartner-Secondary (MTP-S),Andrew Wayne,American Institutes for Research (AIR),Efficacy,R305A180241,2018,2018,NA,"$3,299,812","Teaching, Teachers, and the Education Workforce",Education Research Grants,https://nces.ed.gov/use-work/awards/efficacy-replication-study-impact-myteachingpartner-secondary-mtp-s,Other
R305A180259,Investigation of How and for Whom the Positive Action Social-Emotional and Character Development Program has its Effects on Student Behavior and Academic Achievement,Carl Siebert,Boise State University,Efficacy,R305A180259,2018,2018,NA,"$700,000","Social, Emotional, and Behavioral Context for Teaching and Learning",Education Research Grants,https://nces.ed.gov/use-work/awards/investigation-how-and-whom-positive-action-social-emotional-and-character-development-program-has,Uni
R305A180290,Testing the Efficacy of INSIGHTS for Promoting Positive Learning Environments and Academic Achievement in Nebraska: A Replication Study,Gwen Nugent,"University of Nebraska, Lincoln",Efficacy,R305A180290,2018,2018,NA,"$3,299,957","Social, Emotional, and Behavioral Context for Teaching and Learning",Education Research Grants,https://nces.ed.gov/use-work/awards/testing-efficacy-insights-promoting-positive-learning-environments-and-academic-achievement-nebraska,Uni
R305A180293,Promoting School Readiness Through Emotional Intelligence: An Efficacy Trial of Preschool RULER,Craig Bailey,Yale University,Efficacy,R305A180293,2018,2018,NA,"$3,263,909",Early Learning Programs and Policies,Education Research Grants,https://nces.ed.gov/use-work/awards/promoting-school-readiness-through-emotional-intelligence-efficacy-trial-preschool-ruler,Uni
R305A180326,"Examining the Efficacy of RULER on School Climate, Teacher Well-being, Classroom Climate, and Student Outcomes",Jason Downer,University of Virginia,Efficacy,R305A180326,2018,2018,NA,"$3,299,999","Social, Emotional, and Behavioral Context for Teaching and Learning",Education Research Grants,https://nces.ed.gov/use-work/awards/examining-efficacy-ruler-school-climate-teacher-well-being-classroom-climate-and-student-outcomes,Uni
R305A180336,Efficacy of the BELLA Program: ESL and Classroom Teachers Working Together with Students and Families,Leslie Babinski,Duke University,Efficacy,R305A180336,2018,2018,NA,"$3,299,148","English Learners Policies, Programs, and Practices",Education Research Grants,https://nces.ed.gov/use-work/awards/efficacy-bella-program-esl-and-classroom-teachers-working-together-students-and-families,Uni
R305A180374,Efficacy of MindUP on Pre-Kindergarteners' Development of Social-Emotional Learning Competencies and Academic Skills,Andrew Mashburn,Portland State University,Efficacy,R305A180374,2018,2018,NA,"$3,300,000",Early Learning Programs and Policies,Education Research Grants,https://nces.ed.gov/use-work/awards/efficacy-mindup-pre-kindergarteners-development-social-emotional-learning-competencies-and-academic,Uni
R305A180377,Efficacy of Viridis Learning Tool: A Technology-Based Approach to Advising and Job Matching,Rita Karam,RAND Corporation,Efficacy,R305A180377,2018,2018,NA,"$3,299,866",Postsecondary and Adult Education,Education Research Grants,https://nces.ed.gov/use-work/awards/efficacy-viridis-learning-tool-technology-based-approach-advising-and-job-matching,Firm
R305A180401,The Efficacy of From Here to There: A Dynamic Technology for Improving Algebraic Understanding,Erin Ottmar,Worcester Polytechnic Institute,Efficacy,R305A180401,2018,2018,NA,"$3,295,403",Cognition and Student Learning,Education Research Grants,https://nces.ed.gov/use-work/awards/efficacy-here-there-dynamic-technology-improving-algebraic-understanding,Other
R305A180429,Follow-up to the Replicating the CGI Experiment in Diverse Environments Study,Robert Schoen,Florida State University,Efficacy,R305A180429,2018,2018,NA,"$1,100,000","Teaching, Teachers, and the Education Workforce",Education Research Grants,https://nces.ed.gov/use-work/awards/follow-replicating-cgi-experiment-diverse-environments-study,Uni
R305A180513,Efficacy Study of an Integrated Science and Literacy Curriculum for Young Learners,Christopher Harris,WestEd,Efficacy,R305A180513,2018,2018,NA,"$3,298,589","Science, Technology, Engineering, and Mathematics (STEM) Education",Education Research Grants,https://nces.ed.gov/use-work/awards/efficacy-study-integrated-science-and-literacy-curriculum-young-learners,Other
R305A190065,Developing Talkers: Building Effective Teachers of Academic Language Skills,Tricia Zucker,University of Texas Health Science Center at Houston,Efficacy,R305A190065,2019,2019,NA,"$3,299,819","Teaching, Teachers, and the Education Workforce",Education Research Grants,https://nces.ed.gov/use-work/awards/developing-talkers-building-effective-teachers-academic-language-skills,Uni
R305A190088,School Adolescent Mood Project: Efficacy of IPT-AST in Schools,Jami Young,Children's Hospital of Philadelphia,Efficacy,R305A190088,2019,2019,NA,"$3,599,539","Social, Emotional, and Behavioral Context for Teaching and Learning",Education Research Grants,https://nces.ed.gov/use-work/awards/school-adolescent-mood-project-efficacy-ipt-ast-schools,Other
R305A190162,Long Term Effects of Professional Development to Support New Teachers' Use of Effective Classroom Management Techniques,Catherine Bradshaw,University of Virginia,Follow-Up,R305A190162,2019,2019,NA,"$1,098,752","Social, Emotional, and Behavioral Context for Teaching and Learning",Education Research Grants,https://nces.ed.gov/use-work/awards/long-term-effects-professional-development-support-new-teachers-use-effective-classroom-management,Uni
R305A190168,PAWS: Efficacy,Cynthia Puranik,Georgia State University,Efficacy,R305A190168,2019,2019,NA,"$3,209,379",Literacy,Education Research Grants,https://nces.ed.gov/use-work/awards/paws-efficacy,Uni
R305A190256,An Efficacy Study of the MathSpring Personalized Learning System That Responds to Student Affect,Mingyu Feng,WestEd,Efficacy,R305A190256,2019,2019,NA,"$3,299,446",Education Technology,Education Research Grants,https://nces.ed.gov/use-work/awards/efficacy-study-mathspring-personalized-learning-system-responds-student-affect,Other
R305A190360,Project Citizen Research Program,Alissa Irion-Groth,Center for Civic Education,Efficacy,R305A190360,2019,2019,NA,"$3,299,888",Civics Education and Social Studies,Education Research Grants,https://nces.ed.gov/use-work/awards/project-citizen-research-program,Other
R305A190478,"Evaluation of We Have Choices, an Upper-Elementary Self-Management Program",Keith Smolkowski,Oregon Research Institute,Efficacy,R305A190478,2019,2019,NA,"$3,298,625","Social, Emotional, and Behavioral Context for Teaching and Learning",Education Research Grants,https://nces.ed.gov/use-work/awards/evaluation-we-have-choices-upper-elementary-self-management-program,Other
R305A190521,"Improving Low-Income Students' Odds of Being ""On-Track"" and College Ready in Chicago Public Schools: The Respective Roles of Child Self-Regulation and Preschool vs. High School Intervention",Tyler W. Watts,"Teachers College, Columbia University",Efficacy,R305A190521,2016,2016,NA,"$3,172,999","Social, Emotional, and Behavioral Context for Teaching and Learning",Education Research Grants,https://ies.ed.gov/use-work/awards/improving-low-income-students-odds-being-track-and-college-ready-chicago-public-schools-respective,Uni
R305A200035,Efficacy of a Selective Intervention to Improve Middle School Students' Subjective Well-Being,Shannon Suldo,University of South Florida,Efficacy,R305A200035,2020,2020,NA,"$3,300,000","Social, Emotional, and Behavioral Context for Teaching and Learning",Education Research Grants,https://nces.ed.gov/use-work/awards/efficacy-selective-intervention-improve-middle-school-students-subjective-well-being,Uni
R305A200060,The Impact of Integration: An Analysis of the METCO Voluntary Desegregation Busing Program,Joshua Angrist,National Bureau of Economic Research (NBER),Efficacy,R305A200060,2020,2020,NA,"$700,000",Improving Education Systems,Education Research Grants,https://nces.ed.gov/use-work/awards/impact-integration-analysis-metco-voluntary-desegregation-busing-program,Other
R305A200101,Connecting Community College Students to Public and Community Resources: An Experimental Evaluation of Single Stop,Lindsay Daugherty,RAND Corporation,Efficacy,R305A200101,2020,2020,NA,"$3,299,437",Postsecondary and Adult Education,Education Research Grants,https://nces.ed.gov/use-work/awards/connecting-community-college-students-public-and-community-resources-experimental-evaluation-single,Firm
R305A200254,The Impact of CSI Designation in Multiple Measure ESSA Accountability Systems,Kerstin C. Le Floch,American Institutes for Research (AIR),Efficacy,R305A200254,2020,2020,NA,"$2,288,342",Improving Education Systems,Education Research Grants,https://nces.ed.gov/use-work/awards/impact-csi-designation-multiple-measure-essa-accountability-systems,Other
R305A200297,Evaluation of a Web-Based Classroom Management Program to Promote Effective Classroom Management Practices Among Early Career Teachers,Wendy Reinke,"University of Missouri, Columbia",Efficacy,R305A200297,2020,2020,NA,"$3,292,085","Social, Emotional, and Behavioral Context for Teaching and Learning",Education Research Grants,https://nces.ed.gov/use-work/awards/evaluation-web-based-classroom-management-program-promote-effective-classroom-management-practices,Uni
R305A200307,Choice and Information: The Impact of Technology-Based Career Advising Tools on High School Students' CTE Choices and Academic Performance,Rachel Rosen,MDRC,Efficacy,R305A200307,2020,2020,NA,"$3,260,753",Career and Technical Education,Education Research Grants,https://nces.ed.gov/use-work/awards/choice-and-information-impact-technology-based-career-advising-tools-high-school-students-cte,Other
R305A200436,Fostering Productive Parent Engagement at School Entry,Karen L. Bierman,Pennsylvania State University,Efficacy,R305A200436,2020,2020,NA,"$3,298,915","Social, Emotional, and Behavioral Context for Teaching and Learning",Education Research Grants,https://nces.ed.gov/use-work/awards/fostering-productive-parent-engagement-school-entry,Uni
R305A210008,Exploration of Departmentalized Instruction,James Cowan,American Institutes for Research (AIR),Efficacy,R305A210008,2021,2021,NA,"$963,630","Teaching, Teachers, and the Education Workforce",Education Research Grants,https://nces.ed.gov/use-work/awards/exploration-departmentalized-instruction,Other
R305A210017,Evaluating the Longer Term Impact of Early College High Schools on Workforce and Life Outcomes,Kristina Zeiser,American Institutes for Research (AIR),Follow-Up,R305A210017,2021,2021,NA,"$1,499,799",Postsecondary and Adult Education,Education Research Grants,https://nces.ed.gov/use-work/awards/evaluating-longer-term-impact-early-college-high-schools-workforce-and-life-outcomes,Other
R305A210130,Children's Longitudinal Development from Pre-K through High School as Disrupted by COVID-19,Kelley Durkin,Vanderbilt University,Follow-Up,R305A210130,2021,2021,NA,"$1,499,999",Early Learning Programs and Policies,Education Research Grants,https://nces.ed.gov/use-work/awards/childrens-longitudinal-development-pre-k-through-high-school-disrupted-covid-19,Uni
R305A210157,Teaching Together: The Added Value of Tiered School Plus Home Interventions for Young Children At-Risk for Language Difficulties,Tricia Zucker,University of Texas Health Science Center at Houston,Efficacy,R305A210157,2021,2021,NA,"$3,799,891",Early Learning Programs and Policies,Education Research Grants,https://nces.ed.gov/use-work/awards/teaching-together-added-value-tiered-school-plus-home-interventions-young-children-risk-language,Uni
R305A210269,"Examining the Efficacy, Predictive Power, and Cost Effectiveness of the Diagnostic Assessment and Achievement of College Skills",Jason Bryer,City University of New York (CUNY),Efficacy,R305A210269,2021,2021,NA,"$3,789,074",Postsecondary and Adult Education,Education Research Grants,https://nces.ed.gov/use-work/awards/examining-efficacy-predictive-power-and-cost-effectiveness-diagnostic-assessment-and-achievement,Uni
R305A210276,Scaling Up College Completion Efforts for Student Success (SUCCESS): A Multisite Randomized Controlled Trial,Colleen Sommo,MDRC,Efficacy,R305A210276,2021,2021,NA,"$3,793,389",Postsecondary and Adult Education,Education Research Grants,https://nces.ed.gov/use-work/awards/scaling-college-completion-efforts-student-success-success-multisite-randomized-controlled-trial,Other
R305A210286,"The Implementation, Impact, and Cost-Effectiveness of Developmental Education Curricular Reform in California Community Colleges",Kri Burkander,Research for Action,Efficacy,R305A210286,2021,2021,NA,"$3,149,027",Postsecondary and Adult Education,Education Research Grants,https://nces.ed.gov/use-work/awards/implementation-impact-and-cost-effectiveness-developmental-education-curricular-reform-california,Other
R305A210292,An Experienced School Support Organization at Scale: A Study of The Urban Assembly Network,Rebecca Unterman,MDRC,Efficacy,R305A210292,2021,2021,NA,"$3,053,778",Improving Education Systems,Education Research Grants,https://nces.ed.gov/use-work/awards/experienced-school-support-organization-scale-study-urban-assembly-network,Other
R305A210412,Testing the Impact of Academically Focused Interventions on the Self-Regulation of Preschool and Elementary-School Students: An Integrative-Data-Analysis Approach,Christopher Lonigan,Florida State University,Efficacy,R305A210412,2021,2021,NA,"$699,965","Social, Emotional, and Behavioral Context for Teaching and Learning",Education Research Grants,https://nces.ed.gov/use-work/awards/testing-impact-academically-focused-interventions-self-regulation-preschool-and-elementary-school,Uni
R305A210462,Efficacy of a Peer-Delivered Intervention for High School Students with ADHD,Margaret Sibley,Seattle Children's Hospital,Efficacy,R305A210462,2021,2021,NA,"$3,799,316","Social, Emotional, and Behavioral Context for Teaching and Learning",Education Research Grants,https://nces.ed.gov/use-work/awards/efficacy-peer-delivered-intervention-high-school-students-adhd,Other
R305A210506,A Lottery-Based Efficacy Study of the District of Columbia Public Prekindergarten Program,Erica Greenberg,Urban Institute,Efficacy,R305A210506,2021,2021,NA,"$3,800,000",Early Learning Programs and Policies,Education Research Grants,https://nces.ed.gov/use-work/awards/lottery-based-efficacy-study-district-columbia-public-prekindergarten-program,Other
R305A220036,Longitudinal Impacts of the Boston Prekindergarten Program Through Early Adulthood,Christina Weiland,University of Michigan,Follow-Up,R305A220036,2022,2022,NA,"$1,495,658",Early Learning Programs and Policies,Education Research Grants,https://nces.ed.gov/use-work/awards/longitudinal-impacts-boston-prekindergarten-program-through-early-adulthood,Uni
R305A220107,Efficacy of Early Language Comprehension Individualized Instruction (ELCII),Panayiota Kendeou,University of Minnesota,Efficacy,R305A220107,2022,2022,NA,"$3,799,419",Cognition and Student Learning,Education Research Grants,https://nces.ed.gov/use-work/awards/efficacy-early-language-comprehension-individualized-instruction-elcii,Uni
R305A220281,Following Up on Initial Promise: Experimental Evidence on the Impacts of Full-Day Pre-K,Allison Atteberry,University of Virginia,Follow-Up,R305A220281,2022,2022,NA,"$1,479,845",Early Learning Programs and Policies,Education Research Grants,https://nces.ed.gov/use-work/awards/following-initial-promise-experimental-evidence-impacts-full-day-pre-k,Uni
R305B070048,Evaluation of the First In Math Online Mathematics Program in New York City: A Randomized Control Trial,John Flaherty,WestEd,Efficacy,R305B070048,2007,2007,NA,"$859,940","Science, Technology, Engineering, and Mathematics (STEM) Education",Education Research Grants,https://ies.ed.gov/use-work/awards/evaluation-first-math-online-mathematics-program-new-york-city-randomized-control-trial,Other
R305B070074,Child-Instruction Interactions in Reading: Examining Causal Effects of Individualized Instruction in Second and Third Grade,Carol M. Connor,Florida State University,Efficacy,R305B070074,2007,2007,NA,"$3,000,000",Literacy,Education Research Grants,https://ies.ed.gov/use-work/awards/child-instruction-interactions-reading-examining-causal-effects-individualized-instruction-second,Uni
R305B070354,Diagnostic Embedded Classroom Assessment—An Efficacy Study,Steve Schneider,WestEd,Efficacy,R305B070354,2007,2007,NA,"$2,730,259","Science, Technology, Engineering, and Mathematics (STEM) Education",Education Research Grants,https://ies.ed.gov/use-work/awards/diagnostic-embedded-classroom-assessment-efficacy-study,Other
R305B070508,Successful Transitions to Algebra 1: A Randomized Control Trial of Two Theories of Ninth Grade Algebra Instruction,Robert Balfanz,Johns Hopkins University,Efficacy,R305B070508,2007,2007,NA,"$2,478,127","Science, Technology, Engineering, and Mathematics (STEM) Education",Education Research Grants,https://ies.ed.gov/use-work/awards/successful-transitions-algebra-1-randomized-control-trial-two-theories-ninth-grade-algebra,Uni
R305B070542,An Economical Improvement In Literacy and Numeracy,Robert Pasnak,George Mason University,Efficacy,R305B070542,2007,2007,NA,"$684,666",Cognition and Student Learning,Education Research Grants,https://ies.ed.gov/use-work/awards/economical-improvement-literacy-and-numeracy,Uni
R305B070702,A Randomized Efficacy Trial of Academically Enhanced Rigorous Career Academies: Studying the Impact of the National Academy Foundation (NAF) Model,James Kemple,MDRC,Efficacy,R305B070702,2007,2007,NA,"$2,996,259",Improving Education Systems,Education Research Grants,https://ies.ed.gov/use-work/awards/randomized-efficacy-trial-academically-enhanced-rigorous-career-academies-studying-impact-national,Other
R305B077307,Reading Intervention with Spanish-Speaking Students: Maximizing Instructional Effectiveness in English and Spanish,Scott Baker,University of Oregon,Efficacy,R305B077307,2007,2007,NA,"$3,498,216",Literacy,Education Research Grants,https://ies.ed.gov/use-work/awards/reading-intervention-spanish-speaking-students-maximizing-instructional-effectiveness-english-and,Uni
R305C080009,National Research & Development Center on Cognition and Science Instruction,F. Joseph Merlino,21st Century Partnership for STEM Education,Other,R305C080009,2008,2008,NA,"$9,995,038",Improving Low Achieving Schools,Education Research and Development Centers,https://ies.ed.gov/use-work/awards/national-research-development-center-cognition-and-science-instruction,Other
R305C080015,National Research & Development Center on Instructional Technology: Center for Advanced Technology in Schools,Eva Baker,"University of California, Los Angeles",Other,R305C080015,2008,2008,NA,"$9,833,451",Improving Low Achieving Schools,Education Research and Development Centers,https://ies.ed.gov/use-work/awards/national-research-development-center-instructional-technology-center-advanced-technology-schools,Uni
R305C080022,National Research & Development Center on Instructional Technology: Possible Worlds,Cornelia Brunner,"Education Development Center, Inc.",Other,R305C080022,2008,2008,NA,"$9,197,582",Improving Education Systems,Education Research and Development Centers,https://ies.ed.gov/use-work/awards/national-research-development-center-instructional-technology-possible-worlds,Firm
R305C090022,The National Center for Research on Rural Education,Susan Sheridan,"University of Nebraska, Lincoln",Other,R305C090022,2009,2009,NA,"$9,997,852",Rural Education,Education Research and Development Centers,https://ies.ed.gov/use-work/awards/national-center-research-rural-education,Uni
R305C090023,National Center for Teacher Effectiveness: Validating Measures of Effective Math Teaching,Thomas Kane,Harvard University,Other,R305C090023,2009,2009,NA,"$9,997,888",Teacher Quality,Education Research and Development Centers,https://ies.ed.gov/use-work/awards/national-center-teacher-effectiveness-validating-measures-effective-math-teaching,Uni
R305C100023,National Research and Development Center on Scaling Up Effective Schools,Marisa Cannata,Vanderbilt University,Other,R305C100023,2010,2010,NA,"$13,573,066",Improving Low Achieving Schools,Education Research and Development Centers,https://ies.ed.gov/use-work/awards/national-research-and-development-center-scaling-effective-schools,Uni
R305C100024,National Research & Development Center on Cognition and Mathematics Instruction,Steve Schneider,WestEd,Other,R305C100024,2010,2010,NA,"$9,998,406",Innovation in Education Reform,Education Research and Development Centers,https://ies.ed.gov/use-work/awards/national-research-development-center-cognition-and-mathematics-instruction,Other
R305C110011,The Center for Analysis of Postsecondary Education and Employment,Thomas Bailey,"Teachers College, Columbia University",Other,R305C110011,2011,2011,NA,"$9,951,362",Postsecondary Education and Training,Education Research and Development Centers,https://ies.ed.gov/use-work/awards/center-analysis-postsecondary-education-and-employment,Uni
R305C120001,Center for the Study of Adult Literacy (CSAL): Developing Instructional Approaches Suited to the Cognitive and Motivational Needs for Struggling Adults,Daphne Greenberg,Georgia State University,Other,R305C120001,2012,2012,NA,"$9,999,985",Adult Literacy,Education Research and Development Centers,https://ies.ed.gov/use-work/awards/center-study-adult-literacy-csal-developing-instructional-approaches-suited-cognitive-and,Uni
R305C120008,National Center for Analysis of Longitudinal Data in Education Research (CALDER),Dan Goldhaber,American Institutes for Research (AIR),Other,R305C120008,2012,2012,NA,"$10,000,000",State and Local Policy,Education Research and Development Centers,https://ies.ed.gov/use-work/awards/national-center-analysis-longitudinal-data-education-research-calder,Other
R305C140007,Center for the Analysis of Postsecondary Readiness,Nicole Edgecombe,"Teachers College, Columbia University",Other,R305C140007,2014,2014,NA,"$9,989,803",Postsecondary Education and Training,Education Research and Development Centers,https://ies.ed.gov/use-work/awards/center-analysis-postsecondary-readiness,Uni
R305C140008,National Center for Research in Policy and Practice,William R. Penuel,"University of Colorado, Boulder",Other,R305C140008,2014,2014,NA,"$4,995,352",NA,Education Research and Development Centers,https://ies.ed.gov/use-work/awards/national-center-research-policy-and-practice,Uni
R305C140018,National Center for Research on Gifted Education,Del Siegle,University of Connecticut,Other,R305C140018,2014,2014,NA,"$5,000,000",NA,Education Research and Development Centers,https://ies.ed.gov/use-work/awards/national-center-research-gifted-education,Uni
R305C150007,"Center on Standards, Alignment, Instruction and Learning (C-SAIL)",Andrew Porter,University of Pennsylvania,Other,R305C150007,2015,2015,NA,"$9,999,999","Assessment, Standards, and Accountability Research",Education Research and Development Centers,https://ies.ed.gov/use-work/awards/center-standards-alignment-instruction-and-learning-c-sail,Uni
R305C150017,The Center for Research Use in Education (CRUE),Henry May,University of Delaware,Other,R305C150017,2015,2015,NA,"$4,999,958",NA,Education Research and Development Centers,https://ies.ed.gov/use-work/awards/center-research-use-education-crue,Uni
R305C160004,Precision Education: The Virtual Learning Lab,Walter Leite,University of Florida,Other,R305C160004,2016,2016,NA,"$8,908,288",Innovation in Education Reform,Education Research and Development Centers,https://ies.ed.gov/use-work/awards/precision-education-virtual-learning-lab,Uni
R305C180025,The National Center for Research on Education Access and Choice,Douglas N. Harris,Tulane University,Other,R305C180025,2018,2018,NA,"$9,998,565",Innovation in Education Reform,Education Research and Development Centers,https://nces.ed.gov/use-work/awards/national-center-research-education-access-and-choice,Uni
R305C190004,The National Center for Rural Education Research Networks (NCRERN),Thomas Kane,Harvard University,Other,R305C190004,2019,2019,NA,"$9,994,246",Rural Education,Education Research and Development Centers,https://nces.ed.gov/use-work/awards/national-center-rural-education-research-networks-ncrern,Uni
R305C190007,WRITE Center for Secondary Students: Writing Research to Improve Teaching and Evaluation,Carol Booth Olson,"University of California, Irvine",Development and Innovation,R305C190007,2019,2019,NA,"$5,000,000",Reading and Literacy,Education Research and Development Centers,https://nces.ed.gov/use-work/awards/write-center-secondary-students-writing-research-improve-teaching-and-evaluation,Uni
R305C190014,"The National Center for Rural School Mental Health (NCRSMH): Enhancing the Capacity of Rural Schools to Identify, Prevent, and Intervene in Youth Mental Health Concerns",Wendy Reinke,"University of Missouri, Columbia",Development and Innovation,R305C190014,2019,2019,NA,"$9,999,729",Rural Education,Education Research and Development Centers,https://nces.ed.gov/use-work/awards/national-center-rural-school-mental-health-ncrsmh-enhancing-capacity-rural-schools-identify-prevent,Uni
R305C200008,National Research and Development Center to Improve Education for Secondary English Learners,Aída Walqui,WestEd,Other,R305C200008,2020,2020,NA,"$10,000,000",English Language Learners Research,Education Research and Development Centers,https://nces.ed.gov/use-work/awards/national-research-and-development-center-improve-education-secondary-english-learners,Other
R305C200012,National Center for Research on Gifted Education,Del Siegle,University of Connecticut,Other,R305C200012,2020,2020,NA,"$5,000,000",NA,Education Research and Development Centers,https://nces.ed.gov/use-work/awards/national-center-research-gifted-education-0,Uni
R305C200016,"Transdisciplinary Approaches to Improving Opportunities and Outcomes for English Learners: Using Engagement, Team-Based Learning, and Formative Assessment to Develop Content and Language Proficiency",David Francis,University of Houston,Other,R305C200016,2020,2020,NA,"$9,999,999",English Language Learners Research,Education Research and Development Centers,https://nces.ed.gov/use-work/awards/transdisciplinary-approaches-improving-opportunities-and-outcomes-english-learners-using-engagement,Uni
R305C210003,Postsecondary Teaching with Technology Collaborative,Jessica Mislevy,SRI International,Other,R305C210003,2021,2021,NA,"$9,999,999",Postsecondary Education and Training,Education Research and Development Centers,https://nces.ed.gov/use-work/awards/postsecondary-teaching-technology-collaborative,Other
R305E040085,Assessing the Impact of Principals' Professional Development: An Evaluation of the National Institute for School Leadership,Jonathan Supovitz,University of Pennsylvania,Efficacy,R305E040085,2004,2004,NA,"$3,080,214",Education Leadership,Education Research Grants,https://ies.ed.gov/use-work/awards/assessing-impact-principals-professional-development-evaluation-national-institute-school-leadership,Uni
R305E050052,"Implementing Public School Choice in Charlotte, NC: Impacts on Student Outcomes, Competitiveness and Racial Segregation",Thomas Kane,National Bureau of Economic Research (NBER),Efficacy,R305E050052,2005,2005,NA,"$1,364,688",Improving Education Systems,Education Research Grants,https://ies.ed.gov/use-work/awards/implementing-public-school-choice-charlotte-nc-impacts-student-outcomes-competitiveness-and-racial,Other
R305E050135,Study of Innovative School Leadership Performance Evaluation Systems,Anthony T. Milanowski,"University of Wisconsin, Madison",Efficacy,R305E050135,2005,2005,NA,"$420,070",Education Leadership,Education Research Grants,https://ies.ed.gov/use-work/awards/study-innovative-school-leadership-performance-evaluation-systems,Uni
R305E090003,Evaluation of Core Knowledge Charter Schools in Colorado,David Grissmer,University of Virginia,Efficacy,R305E090003,2009,2009,NA,"$4,891,945",Evaluation of State and Local Education Programs and Policies,Partnerships and Collaborations Focused on Problems of Practice or Policy,https://ies.ed.gov/use-work/awards/evaluation-core-knowledge-charter-schools-colorado,Uni
R305E090005,A Proposal to Measure the Impact of Indiana's System of Diagnostic Assessments on Student Achievement Outcomes,Shazia Miller,Learning Point Associates,Efficacy,R305E090005,2009,2009,NA,"$3,332,675",Evaluation of State and Local Education Programs and Policies,Partnerships and Collaborations Focused on Problems of Practice or Policy,https://ies.ed.gov/use-work/awards/proposal-measure-impact-indianas-system-diagnostic-assessments-student-achievement-outcomes,Firm
R305E090009,Evaluating the Effectiveness of Tennessee's Voluntary Pre-K Program,Mark Lipsey,Vanderbilt University,Efficacy,R305E090009,2009,2009,NA,"$5,982,571",Evaluation of State and Local Education Programs and Policies,Partnerships and Collaborations Focused on Problems of Practice or Policy,https://ies.ed.gov/use-work/awards/evaluating-effectiveness-tennessees-voluntary-pre-k-program,Uni
R305E090010,Evaluation of the New Jersey Preschool Expansion (NJPE) Program,Christine Ross,"MPR Associates, Inc.",Efficacy,R305E090010,2009,2009,NA,"$5,847,135",Evaluation of State and Local Education Programs and Policies,Partnerships and Collaborations Focused on Problems of Practice or Policy,https://ies.ed.gov/use-work/awards/evaluation-new-jersey-preschool-expansion-njpe-program,Firm
R305E090019,Evaluation of Ninth Grade Academies in Broward County Public Schools,Alison Black,MDRC,Efficacy,R305E090019,2009,2009,NA,"$4,827,957",Evaluation of State and Local Education Programs and Policies,Partnerships and Collaborations Focused on Problems of Practice or Policy,https://ies.ed.gov/use-work/awards/evaluation-ninth-grade-academies-broward-county-public-schools,Other
R305E100008,The Impact of the Michigan Merit Curriculum and Michigan Promise Scholarship on Student Outcomes,Brian A. Jacob,University of Michigan,Efficacy,R305E100008,2010,2010,NA,"$5,999,850",Evaluation of State and Local Education Programs and Policies,Partnerships and Collaborations Focused on Problems of Practice or Policy,https://ies.ed.gov/use-work/awards/impact-michigan-merit-curriculum-and-michigan-promise-scholarship-student-outcomes,Uni
R305E100013,Intended and Unintended Consequences of State High-Stakes Testing: Evidence from Standards-Based Reform in Massachusetts,Richard Murnane,Harvard University,Efficacy,R305E100013,2010,2010,NA,"$450,000",Evaluation of State and Local Education Programs and Policies,Partnerships and Collaborations Focused on Problems of Practice or Policy,https://ies.ed.gov/use-work/awards/intended-and-unintended-consequences-state-high-stakes-testing-evidence-standards-based-reform,Uni
R305E100030,Evaluation of the Effectiveness of the Ohio Department of Education's Literacy Core Curriculum for Early Childhood Educators,Shayne Piasta,Ohio State University,Efficacy,R305E100030,2010,2010,NA,"$5,998,358",Evaluation of State and Local Education Programs and Policies,Partnerships and Collaborations Focused on Problems of Practice or Policy,https://ies.ed.gov/use-work/awards/evaluation-effectiveness-ohio-department-educations-literacy-core-curriculum-early-childhood,Uni
R305E100043,Middle School Intervention Project (MSIP),Scott Baker,University of Oregon,Efficacy,R305E100043,2010,2010,NA,"$7,164,350",Evaluation of State and Local Education Programs and Policies,Partnerships and Collaborations Focused on Problems of Practice or Policy,https://ies.ed.gov/use-work/awards/middle-school-intervention-project-msip,Uni
R305E110019,Gifted Education Program Participation and Program Impacts,David Card,National Bureau of Economic Research (NBER),Efficacy,R305E110019,2011,2011,NA,"$791,666",Evaluation of State and Local Education Programs and Policies,Partnerships and Collaborations Focused on Problems of Practice or Policy,https://ies.ed.gov/use-work/awards/gifted-education-program-participation-and-program-impacts,Other
R305E120003,The Effect of Dual-Language Immersion on Student Achievement in the Portland Public Schools,Jennifer Steele,RAND Corporation,Efficacy,R305E120003,2012,2012,NA,"$1,694,560",Evaluation of State and Local Education Programs and Policies,Partnerships and Collaborations Focused on Problems of Practice or Policy,https://ies.ed.gov/use-work/awards/effect-dual-language-immersion-student-achievement-portland-public-schools,Firm
R305E120006,Evaluation of the Long-Term Effects of Retention under New York City's Student Promotion Policy,Louis Mariano,RAND Corporation,Efficacy,R305E120006,2012,2012,NA,"$1,690,567",Evaluation of State and Local Education Programs and Policies,Partnerships and Collaborations Focused on Problems of Practice or Policy,https://ies.ed.gov/use-work/awards/evaluation-long-term-effects-retention-under-new-york-citys-student-promotion-policy,Firm
R305E120010,Assessment of the Florida College and Career Readiness Initiative,Christine Mokher,CNA Corporation,Efficacy,R305E120010,2012,2012,NA,"$4,687,046",Evaluation of State and Local Education Programs and Policies,Partnerships and Collaborations Focused on Problems of Practice or Policy,https://ies.ed.gov/use-work/awards/assessment-florida-college-and-career-readiness-initiative,Firm
R305E130009,Beyond Triage: A Randomized Experiment in Sustained Pre-College Advising,Eric Bettinger,Stanford University,Efficacy,R305E130009,2013,2013,NA,"$1,705,221",Evaluation of State and Local Education Programs and Policies,Partnerships and Collaborations Focused on Problems of Practice or Policy,https://ies.ed.gov/use-work/awards/beyond-triage-randomized-experiment-sustained-pre-college-advising,Uni
R305E150005,Using Teacher Evaluation Data to Drive Instructional Improvement: Evidence from the Evaluation Partnership Program in Tennessee,John Papay,Brown University,Efficacy,R305E150005,2015,2015,NA,"$4,992,450",Evaluation of State and Local Education Programs and Policies,Partnerships and Collaborations Focused on Problems of Practice or Policy,https://ies.ed.gov/use-work/awards/using-teacher-evaluation-data-drive-instructional-improvement-evidence-evaluation-partnership,Uni
R305E150006,California's College and Career Readiness Standards in the Era of Common Core Assessments,Michal Kurlaender,"University of California, Davis",Efficacy,R305E150006,2015,2015,NA,"$4,974,387",Evaluation of State and Local Education Programs and Policies,Partnerships and Collaborations Focused on Problems of Practice or Policy,https://ies.ed.gov/use-work/awards/californias-college-and-career-readiness-standards-era-common-core-assessments,Uni
R305E190002,An Evaluation of Turning Around North Carolina's Lowest Performing Schools: A State Partnership Evaluation,Gary Henry,University of Delaware,Efficacy,R305E190002,2015,2015,NA,"$4,944,014",Evaluation of State and Local Education Programs and Policies,Partnerships and Collaborations Focused on Problems of Practice or Policy,https://ies.ed.gov/use-work/awards/evaluation-turning-around-north-carolinas-lowest-performing-schools-state-partnership-evaluation,Uni
R305F050006,Efficacy of Conversational Responsiveness Preschool Intervention,Laura Justice,Ohio State University,Efficacy,R305F050006,2005,2005,NA,"$506,225",NA,Field Initiated Evaluations of Education Innovations,https://ies.ed.gov/use-work/awards/efficacy-conversational-responsiveness-preschool-intervention,Uni
R305F050051,An Experimental Study of the Effectiveness of Instructional Consultation Teams,Sylvia Rosenfield,"University of Maryland, College Park",Efficacy,R305F050051,2005,2005,NA,"$1,869,878",NA,Field Initiated Evaluations of Education Innovations,https://ies.ed.gov/use-work/awards/experimental-study-effectiveness-instructional-consultation-teams,Uni
R305F050069,Effects of Enhanced After-School Programs on Educational Outcomes: A Randomized Trial,Denise Gottfredson,"University of Maryland, College Park",Efficacy,R305F050069,2005,2005,NA,"$1,499,943",NA,Field Initiated Evaluations of Education Innovations,https://ies.ed.gov/use-work/awards/effects-enhanced-after-school-programs-educational-outcomes-randomized-trial,Uni
R305F050080,Evaluating the Efficacy of Read Well Kindergarten,Barbara Gunn,Oregon Research Institute,Efficacy,R305F050080,2005,2005,NA,"$1,403,531",NA,Field Initiated Evaluations of Education Innovations,https://ies.ed.gov/use-work/awards/evaluating-efficacy-read-well-kindergarten,Other
R305F050117,Evaluation of Writing Wings: Writing Instruction for Disadvantaged Elementary School Children,Michael Puma,"Chesapeake Research Associates, LLC",Efficacy,R305F050117,2005,2005,NA,"$1,198,876",NA,Field Initiated Evaluations of Education Innovations,https://ies.ed.gov/use-work/awards/evaluation-writing-wings-writing-instruction-disadvantaged-elementary-school-children,Firm
R305F050122,Experimental Field Study of Cognitive Tutor Geometry Curriculum,John F. Pane,RAND Corporation,Efficacy,R305F050122,2005,2005,NA,"$1,255,961",NA,Field Initiated Evaluations of Education Innovations,https://ies.ed.gov/use-work/awards/experimental-field-study-cognitive-tutor-geometry-curriculum,Firm
R305F050161,Evaluation of Ohio's School Conflict Management Program,Mark Lipsey,Vanderbilt University,Efficacy,R305F050161,2005,2005,NA,"$1,340,989",NA,Field Initiated Evaluations of Education Innovations,https://ies.ed.gov/use-work/awards/evaluation-ohios-school-conflict-management-program,Uni
R305F050223,"Evaluation of the Computer and Team-Assisted Mathematical Acceleration (CATAMA) Lab in Urban, High-Poverty, High-Minority Middle Schools",Robert Balfanz,Johns Hopkins University,Efficacy,R305F050223,2005,2005,NA,"$1,148,885",NA,Field Initiated Evaluations of Education Innovations,https://ies.ed.gov/use-work/awards/evaluation-computer-and-team-assisted-mathematical-acceleration-catama-lab-urban-high-poverty-high,Uni
R305F050245,"Promoting School Success in Children Attending Pre-K Programs in Poor, Urban Schools",Laurie Brotman,New York University School of Medicine,Efficacy,R305F050245,2005,2005,NA,"$3,849,787",NA,Field Initiated Evaluations of Education Innovations,https://ies.ed.gov/use-work/awards/promoting-school-success-children-attending-pre-k-programs-poor-urban-schools,Uni
R305F050256,An Experimental Design Evaluation of Full-Day Kindergarten,Jonathan Plucker,Indiana University,Efficacy,R305F050256,2005,2005,NA,"$802,421",NA,Field Initiated Evaluations of Education Innovations,https://ies.ed.gov/use-work/awards/experimental-design-evaluation-full-day-kindergarten,Uni
R305F050274,An Evaluation of the SOURCE (Student Outreach for College Enrollment) Program: An Intervention to Promote College Application and Enrollment Among Urban Youth,Tiffani Chin,Berkeley Policy Associates,Efficacy,R305F050274,2005,2005,NA,"$1,495,657",NA,Field Initiated Evaluations of Education Innovations,https://ies.ed.gov/use-work/awards/evaluation-source-student-outreach-college-enrollment-program-intervention-promote-college,Firm
R305F050284,Evaluation of Efficacy of CBC for Addressing Disruptive Behaviors of Children at Risk for Academic Failure,Susan Sheridan,"University of Nebraska, Lincoln",Efficacy,R305F050284,2005,2005,NA,"$1,368,067",NA,Field Initiated Evaluations of Education Innovations,https://ies.ed.gov/use-work/awards/evaluation-efficacy-cbc-addressing-disruptive-behaviors-children-risk-academic-failure,Uni
R305F100002,The Language Bases of Reading Comprehension,Laura Justice,Ohio State University,Development and Innovation,R305F100002,2010,2010,NA,"$19,999,999",NA,Reading for Understanding Research Initiative,https://ies.ed.gov/use-work/awards/language-bases-reading-comprehension,Uni
R305F100005,"Assessing Reading for Understanding: A Theory-based, Developmental Approach",John Sabatini,Educational Testing Service (ETS),Exploration,R305F100005,2010,2010,NA,"$14,824,226",NA,Reading for Understanding Research Initiative,https://ies.ed.gov/use-work/awards/assessing-reading-understanding-theory-based-developmental-approach,Other
R305F100007,Reading for Understanding Across Grades 6 through 12: Evidence-Based Argumentation for Disciplinary Learning,Susan Goldman,"University of Illinois, Chicago",Development and Innovation,R305F100007,2010,2010,NA,"$19,256,585",NA,Reading for Understanding Research Initiative,https://ies.ed.gov/use-work/awards/reading-understanding-across-grades-6-through-12-evidence-based-argumentation-disciplinary-learning,Uni
R305F100013,Understanding Malleable Cognitive Processes and Integrated Comprehension Interventions for Grades 7–12,Sharon Vaughn,"University of Texas, Austin",Development and Innovation,R305F100013,2010,2010,NA,"$20,000,000",NA,Reading for Understanding Research Initiative,https://ies.ed.gov/use-work/awards/understanding-malleable-cognitive-processes-and-integrated-comprehension-interventions-grades-7-12,Uni
R305F100026,Catalyzing Comprehension Through Discussion and Debate,Suzanne Donovan,Strategic Education Research Partnership (SERP) Institute,Development and Innovation,R305F100026,2010,2010,NA,"$19,352,384",NA,Reading for Understanding Research Initiative,https://ies.ed.gov/use-work/awards/catalyzing-comprehension-through-discussion-and-debate,Other
R305F100027,"Examining Effective Intervention Targets, Longitudinal Intensity, and Scaling Factors for Pre-K to 5th Grade Student Comprehension",Christopher Lonigan,Florida State University,Development and Innovation,R305F100027,2010,2010,NA,"$20,000,000",NA,Reading for Understanding Research Initiative,https://ies.ed.gov/use-work/awards/examining-effective-intervention-targets-longitudinal-intensity-and-scaling-factors-pre-k-5th-grade,Uni
R305G030140,Instruction Of Reading Comprehension: Cognitive Strategies Or Cognitive Engagement,Georgia Garcia,"University of Illinois, Urbana-Champaign",Efficacy,R305G030140,2003,2003,NA,"$1,475,400",Literacy,Education Research Grants,https://ies.ed.gov/use-work/awards/instruction-reading-comprehension-cognitive-strategies-or-cognitive-engagement,Uni
R305G040089,"Embedding Knowledge-Focused Reading Comprehension Strategies in Cumulative Content-Area Instruction in Grades 3-4-5: An Assessment of Immediate, Transfer, and Long-Term Impact on Reading Achievement",Nancy Romance,Florida Atlantic University,Efficacy,R305G040089,2004,2004,NA,"$749,973",Literacy,Education Research Grants,https://ies.ed.gov/use-work/awards/embedding-knowledge-focused-reading-comprehension-strategies-cumulative-content-area-instruction,Uni
R305G040103,Quick Reads Supplementary Tutoring Efficacy and Replication Trials,Patricia Vadasy,Washington Research Institute,Efficacy,R305G040103,2004,2004,NA,"$688,980",Literacy,Education Research Grants,https://ies.ed.gov/use-work/awards/quick-reads-supplementary-tutoring-efficacy-and-replication-trials,Other
R305G040104,Scaling Up Peer Assisted Learning Strategies to Strengthen Reading Achievement,Douglas Fuchs,Vanderbilt University,Scale-Up Evaluations,R305G040104,2004,2004,NA,"$5,618,237",Literacy,Education Research Grants,https://ies.ed.gov/use-work/awards/scaling-peer-assisted-learning-strategies-strengthen-reading-achievement,Uni
R305G040145,Breakthrough to Literacy in the Chicago Public Schools: A Large Scale Evaluation of the Effectiveness of a Reading Comprehension Intervention,Richard Hurtig,University of Iowa,Scale-Up Evaluations,R305G040145,2004,2004,NA,"$5,984,980",Literacy,Education Research Grants,https://ies.ed.gov/use-work/awards/breakthrough-literacy-chicago-public-schools-large-scale-evaluation-effectiveness-reading,Uni
R305G050005,Print Referencing Efficacy,Laura Justice,Ohio State University,Efficacy,R305G050005,2005,2005,NA,"$2,626,659",Literacy,Education Research Grants,https://ies.ed.gov/use-work/awards/print-referencing-efficacy,Uni
R305G050216,The Read Aloud Curriculum in First Grade Classrooms: Furthering Our Understanding of Immediate and Long-Term Impacts and Causal Influences,Scott Baker,Pacific Institutes for Research,Efficacy,R305G050216,2005,2005,NA,"$2,885,585",Literacy,Education Research Grants,https://ies.ed.gov/use-work/awards/read-aloud-curriculum-first-grade-classrooms-furthering-our-understanding-immediate-and-long-term,Other
R305H030031,Increasing Learning By Promoting Early Abstract Thought,Robert Pasnak,George Mason University,Efficacy,R305H030031,2003,2003,NA,"$721,039",Cognition and Student Learning,Education Research Grants,https://ies.ed.gov/use-work/awards/increasing-learning-promoting-early-abstract-thought,Uni
R305H050036,A Randomized Trial of Two Promising Interventions for Students with Attention Problems,David Rabiner,Duke University,Efficacy,R305H050036,2005,2005,NA,"$1,150,719",Cognition and Student Learning,Education Research Grants,https://ies.ed.gov/use-work/awards/randomized-trial-two-promising-interventions-students-attention-problems,Uni
R305H060042,"Attention, Memory, and Executive Functions in Written Language Expression in Elementary School Children",Stephen Hooper,"University of North Carolina, Chapel Hill",Efficacy,R305H060042,2006,2006,NA,"$1,596,398",Cognition and Student Learning,Education Research Grants,https://ies.ed.gov/use-work/awards/attention-memory-and-executive-functions-written-language-expression-elementary-school-children,Uni
R305H060080,Test-Enhanced Learning in the Classroom,Henry Roediger III,"Washington University, St. Louis",Efficacy,R305H060080,2006,2006,NA,"$2,964,770",Cognition and Student Learning,Education Research Grants,https://ies.ed.gov/use-work/awards/test-enhanced-learning-classroom,Uni
R305H140028,Dual-Credit Courses and the Road to College: Experimental Evidence from Tennessee,Susan Dynarski,University of Michigan,Efficacy,R305H140028,2014,2014,NA,"$2,075,729",Evaluation of State and Local Education Programs and Policies,Partnerships and Collaborations Focused on Problems of Practice or Policy,https://ies.ed.gov/use-work/awards/dual-credit-courses-and-road-college-experimental-evidence-tennessee,Uni
R305H140045,An Evaluation of the Authentic Intellectual Work Initiative in Iowa,Eric Camburn,"University of Wisconsin, Madison",Efficacy,R305H140045,2014,2014,NA,"$3,660,458",Evaluation of State and Local Education Programs and Policies,Partnerships and Collaborations Focused on Problems of Practice or Policy,https://ies.ed.gov/use-work/awards/evaluation-authentic-intellectual-work-initiative-iowa,Uni
R305H140065,Evaluating the Impact of CUNY Start through a Researcher (MDRC) – Local Education Agency (City University of New York) Partnership,Michael Weiss,MDRC,Efficacy,R305H140065,2014,2014,NA,"$4,796,087",Evaluation of State and Local Education Programs and Policies,Partnerships and Collaborations Focused on Problems of Practice or Policy,https://ies.ed.gov/use-work/awards/evaluating-impact-cuny-start-through-researcher-mdrc-local-education-agency-city-university-new-york,Other
R305H150027,Evaluating Maryland State Policies to Improve School Climate,Catherine Bradshaw,University of Virginia,Efficacy,R305H150027,2015,2015,NA,"$2,756,311",Evaluation of State and Local Education Programs and Policies,Partnerships and Collaborations Focused on Problems of Practice or Policy,https://ies.ed.gov/use-work/awards/evaluating-maryland-state-policies-improve-school-climate,Uni
R305H170006,An Evaluation of the New Graduation Requirements in Texas,Lynn Mellor,American Institutes for Research (AIR),Efficacy,R305H170006,2017,2017,NA,"$2,790,413",Evaluation of State and Local Education Programs and Policies,Partnerships and Collaborations Focused on Problems of Practice or Policy,https://nces.ed.gov/use-work/awards/evaluation-new-graduation-requirements-texas,Other
R305H170042,Strengthening School Readiness through Pre-K for All: A University-District Partnership,Pamela Morris,New York University,Efficacy,R305H170042,2017,2017,NA,"$4,968,839",Evaluation of State and Local Education Programs and Policies,Partnerships and Collaborations Focused on Problems of Practice or Policy,https://nces.ed.gov/use-work/awards/strengthening-school-readiness-through-pre-k-all-university-district-partnership,Uni
R305H170085,An Experimental Evaluation of Corequisite Developmental Education in Texas,Trey Miller,American Institutes for Research (AIR),Efficacy,R305H170085,2017,2017,NA,"$4,500,000",Evaluation of State and Local Education Programs and Policies,Partnerships and Collaborations Focused on Problems of Practice or Policy,https://ies.ed.gov/use-work/awards/experimental-evaluation-corequisite-developmental-education-texas,Other
R305H190004,"Evaluating Michigan's Early Literacy Law: Impacts, Implementation and Improving State Capacity",Tara Kilbride,Michigan State University,Efficacy,R305H190004,2019,2019,NA,"$4,999,656",Evaluation of State and Local Education Programs and Policies,Partnerships and Collaborations Focused on Problems of Practice or Policy,https://nces.ed.gov/use-work/awards/evaluating-michigans-early-literacy-law-impacts-implementation-and-improving-state-capacity,Uni
R305H190035,The Consequences of High School Exit Examinations for Student Life Outcomes: Evidence from a Research-Practice Partnership in Massachusetts,John Papay,Brown University,Efficacy,R305H190035,2019,2019,NA,"$4,999,507",Evaluation of State and Local Education Programs and Policies,Partnerships and Collaborations Focused on Problems of Practice or Policy,https://nces.ed.gov/use-work/awards/consequences-high-school-exit-examinations-student-life-outcomes-evidence-research-practice,Uni
R305H190036,The Evaluation of Career and College Promise,Julie Edmunds,"University of North Carolina, Greensboro",Efficacy,R305H190036,2019,2019,NA,"$4,968,353",Evaluation of State and Local Education Programs and Policies,Partnerships and Collaborations Focused on Problems of Practice or Policy,https://nces.ed.gov/use-work/awards/evaluation-career-and-college-promise,Uni
R305J020014,Evaluation of Pre-Kindergarten Curricula in Head Start and Public School Settings,Susan H. Landry,University of Texas Health Science Center at Houston,Efficacy,R305J020014,2002,2002,NA,"$1,794,102",NA,Preschool Curriculum Evaluation Research,https://ies.ed.gov/use-work/awards/evaluation-pre-kindergarten-curricula-head-start-and-public-school-settings,Uni
R305J020020,Focus in Early Childhood Curricula: Helping Children Transition to School,Dale Farran,Vanderbilt University,Efficacy,R305J020020,2002,2002,NA,"$1,334,182",NA,Preschool Curriculum Evaluation Research,https://ies.ed.gov/use-work/awards/focus-early-childhood-curricula-helping-children-transition-school,Uni
R305J020026,A Longitudinal Study of the Effects of a Pre-Kindergarten Mathematics Curriculum on Low-Income Children's Mathematical Knowledge,Prentice Starkey,"University of California, Berkeley",Efficacy,R305J020026,2002,2002,NA,"$2,607,653",NA,Preschool Curriculum Evaluation Research,https://ies.ed.gov/use-work/awards/longitudinal-study-effects-pre-kindergarten-mathematics-curriculum-low-income-childrens-mathematical,Uni
R305J020027,Impact of the Project Approach on Children's School Readiness and School Achievement,Douglas Powell,Purdue University,Efficacy,R305J020027,2002,2002,NA,"$944,028",NA,Preschool Curriculum Evaluation Research,https://ies.ed.gov/use-work/awards/impact-project-approach-childrens-school-readiness-and-school-achievement,Uni
R305J020039,Evaluation of the Effects of Creative Curriculum on Classroom Quality and Child Outcomes in Head Start,Richard G. Lambert,"University of North Carolina, Charlotte",Efficacy,R305J020039,2002,2002,NA,"$1,161,486",NA,Preschool Curriculum Evaluation Research,https://ies.ed.gov/use-work/awards/evaluation-effects-creative-curriculum-classroom-quality-and-child-outcomes-head-start,Uni
R305J020040,Evaluation of the Early Literacy and Learning Model (ELLM): a Curriculum and Instructional Support System,Cheryl Fountain,University of North Florida,Efficacy,R305J020040,2002,2002,NA,"$3,105,597",NA,Preschool Curriculum Evaluation Research,https://ies.ed.gov/use-work/awards/evaluation-early-literacy-and-learning-model-ellm-curriculum-and-instructional-support-system,Uni
R305J020051,Granite Ladders: An Experimental Evaluation of an Early Literacy Curriculum for New Hampshire's Preschoolers,Jeff Priest,University of New Hampshire,Efficacy,R305J020051,2002,2002,NA,"$1,339,110",NA,Preschool Curriculum Evaluation Research,https://ies.ed.gov/use-work/awards/granite-ladders-experimental-evaluation-early-literacy-curriculum-new-hampshires-preschoolers,Uni
R305J030037,A Longitudinal Study of the Effectiveness of a Pre-K Multisensory Literacy Curriculum,Anne Cunningham,"University of California, Berkeley",Efficacy,R305J030037,2003,2003,NA,"$2,182,828",NA,Preschool Curriculum Evaluation Research,https://nces.ed.gov/use-work/awards/longitudinal-study-effectiveness-pre-k-multisensory-literacy-curriculum,Uni
R305J030084,Evaluation of the Language-Focused Curriculum,Laura Justice,University of Virginia,Efficacy,R305J030084,2003,2003,NA,"$1,426,418",NA,Preschool Curriculum Evaluation Research,https://ies.ed.gov/use-work/awards/evaluation-language-focused-curriculum,Uni
R305J030093,Evaluating the Effectiveness of Preschool Literacy Curriculum for Children At-Risk,Christopher Lonigan,Florida State University,Efficacy,R305J030093,2003,2003,NA,"$1,675,653",NA,Preschool Curriculum Evaluation Research,https://ies.ed.gov/use-work/awards/evaluating-effectiveness-preschool-literacy-curriculum-children-risk,Uni
R305J030103,Project Construct: A Catalyst for Early Achievement,Kathy Thornburg,"University of Missouri, Columbia",Efficacy,R305J030103,2003,2003,NA,"$1,161,335",NA,Preschool Curriculum Evaluation Research,https://ies.ed.gov/use-work/awards/project-construct-catalyst-early-achievement,Uni
R305J030120,Building Language for Literacy and Core Knowledge,Sharon Ramey,Georgetown University,Efficacy,R305J030120,2003,2003,NA,"$1,964,376",Early Learning Programs and Policies,Education Research Grants,https://ies.ed.gov/use-work/awards/building-language-literacy-and-core-knowledge,Uni
R305J030138,Randomized Evaluation of Curiosity Corner With Follow-Up Into SFA and Control Elementary Programs,Bette Chambers,Success for All Foundation,Efficacy,R305J030138,2003,2003,NA,"$1,481,236",NA,Preschool Curriculum Evaluation Research,https://ies.ed.gov/use-work/awards/randomized-evaluation-curiosity-corner-follow-sfa-and-control-elementary-programs,Other
R305K040001,An Examination of the Impact of Big Math for Little Kids on Pre-K and Kindergarten Students' Learning of Math,Margaret Clements,"Education Development Center, Inc.",Efficacy,R305K040001,2004,2004,NA,"$1,952,626","Science, Technology, Engineering, and Mathematics (STEM) Education",Education Research Grants,https://ies.ed.gov/use-work/awards/examination-impact-big-math-little-kids-pre-k-and-kindergarten-students-learning-math,Firm
R305K050004,Scaling Up the Implementation of a Pre-Kindergarten Mathematics Curriculum in Public Preschool Programs,Prentice Starkey,WestEd,Scale-Up Evaluations,R305K050004,2005,2005,NA,"$6,000,000","Science, Technology, Engineering, and Mathematics (STEM) Education",Education Research Grants,https://ies.ed.gov/use-work/awards/scaling-implementation-pre-kindergarten-mathematics-curriculum-public-preschool-programs,Other
R305K050045,Classroom Connectivity in Promoting Mathematics and Science Achievement,Douglas Owens,Ohio State University,Efficacy,R305K050045,2005,2005,NA,"$2,995,261","Science, Technology, Engineering, and Mathematics (STEM) Education",Education Research Grants,https://ies.ed.gov/use-work/awards/classroom-connectivity-promoting-mathematics-and-science-achievement,Uni
R305K050050,Math Pathways and Pitfalls Lessons for K-7 Students: Improving Mathematics Achievement for English Language Learners,Carne Barnett-Clarke,WestEd,Efficacy,R305K050050,2005,2005,NA,"$2,681,828","Science, Technology, Engineering, and Mathematics (STEM) Education",Education Research Grants,https://ies.ed.gov/use-work/awards/math-pathways-and-pitfalls-lessons-k-7-students-improving-mathematics-achievement-english-language,Other
R305K050157,Scaling Up TRIAD: Teaching Early Mathematics for Understanding with Trajectories and Technologies,Douglas Clements,"State University of New York (SUNY), Buffalo",Scale-Up Evaluations,R305K050157,2005,2005,NA,"$5,969,077","Science, Technology, Engineering, and Mathematics (STEM) Education",Education Research Grants,https://ies.ed.gov/use-work/awards/scaling-triad-teaching-early-mathematics-understanding-trajectories-and-technologies,Uni
R305K060142,Measuring the Efficacy and Student Achievement of Research-based Instructional Materials in High School Multidisciplinary Science,Joseph A. Taylor,Biological Sciences Curriculum Study (BSCS),Efficacy,R305K060142,2006,2006,NA,"$2,907,563","Science, Technology, Engineering, and Mathematics (STEM) Education",Education Research Grants,https://ies.ed.gov/use-work/awards/measuring-efficacy-and-student-achievement-research-based-instructional-materials-high-school,Other
R305L030002,Second Step,Gary Gottfredson,"University of Maryland, College Park",Efficacy,R305L030002,2003,2003,NA,"$2,150,085",NA,Social and Character Development,https://ies.ed.gov/use-work/awards/second-step,Uni
R305L030003,"Reading, Writing, Respect and Resolution: The Impact of a Social and Character Development and Literacy Program on Teachers and Children",J. Lawrence Aber,New York University,Efficacy,R305L030003,2003,2003,NA,"$2,369,900",NA,Social and Character Development,https://ies.ed.gov/use-work/awards/reading-writing-respect-and-resolution-impact-social-and-character-development-and-literacy-program,Uni
R305L030004,Positive Action for Social and Character Development,Brian Flay,Oregon State University,Efficacy,R305L030004,2003,2003,NA,"$1,928,084",NA,Social and Character Development,https://ies.ed.gov/use-work/awards/positive-action-social-and-character-development,Uni
R305L030065,Academic and Behavioral Competencies Model,William Pelham,"State University of New York (SUNY), Buffalo",Efficacy,R305L030065,2003,2003,NA,"$1,724,727",NA,Social and Character Development,https://ies.ed.gov/use-work/awards/academic-and-behavioral-competencies-model,Uni
R305L030162,Social and Character Development in Rural Youth: The Competence Support Program,Thomas Farmer,"University of North Carolina, Chapel Hill",Efficacy,R305L030162,2003,2003,NA,"$1,797,932",NA,Social and Character Development,https://ies.ed.gov/use-work/awards/social-and-character-development-rural-youth-competence-support-program,Uni
R305L030165,Promoting Alternative Thinking Strategies,Deborah Johnson,Children's Institute,Efficacy,R305L030165,2003,2003,NA,"$1,800,000",NA,Social and Character Development,https://ies.ed.gov/use-work/awards/promoting-alternative-thinking-strategies,Other
R305L030173,Love in a Big World,Leonard Bickman,Vanderbilt University,Efficacy,R305L030173,2003,2003,NA,"$1,824,960",NA,Social and Character Development,https://ies.ed.gov/use-work/awards/love-big-world,Uni
R305M030052,Teacher Quality Study: An Investigation of the Impact of Teacher Study Groups as a Means to Enhance The Quality of Reading Instruction for First Graders in High Poverty Schools in Two States,Russell Gersten,Instructional Research Group,Efficacy,R305M030052,2003,2003,NA,"$2,820,670","Teaching, Teachers, and the Education Workforce",Education Research Grants,https://ies.ed.gov/use-work/awards/teacher-quality-study-investigation-impact-teacher-study-groups-means-enhance-quality-reading,Other
R305M030090,Identifying Key Components of Effective Professional Development in Reading for First-Grade Teachers and Their Students,Joanne Carlisle,University of Michigan,Efficacy,R305M030090,2003,2003,NA,"$1,638,912","Teaching, Teachers, and the Education Workforce",Education Research Grants,https://ies.ed.gov/use-work/awards/identifying-key-components-effective-professional-development-reading-first-grade-teachers-and-their,Uni
R305M030099,Mastering Reading Instruction: A Professional Development Project for First Grade Teachers,Susan Brady,Haskins Laboratories,Efficacy,R305M030099,2003,2003,NA,"$2,912,063","Teaching, Teachers, and the Education Workforce",Education Research Grants,https://ies.ed.gov/use-work/awards/mastering-reading-instruction-professional-development-project-first-grade-teachers,Other
R305M040086,Can Literacy Professional Development be Improved with Web-based Collaborative Learning Tools: A Randomized Field Trial,Anthony Bryk,University of Chicago,Efficacy,R305M040086,2004,2004,NA,"$3,046,054","Teaching, Teachers, and the Education Workforce",Education Research Grants,https://ies.ed.gov/use-work/awards/can-literacy-professional-development-be-improved-web-based-collaborative-learning-tools-randomized,Uni
R305M050031,A Randomized Controlled Study of the Efficacy of Reading Apprenticeship Professional Development for High School History and Science Teaching and Learning,Cynthia Greenleaf,WestEd,Efficacy,R305M050031,2005,2005,NA,"$2,997,972","Teaching, Teachers, and the Education Workforce",Education Research Grants,https://ies.ed.gov/use-work/awards/randomized-controlled-study-efficacy-reading-apprenticeship-professional-development-high-school,Other
R305M050072,Examining the Efficacy of Two Models of Preschool Professional Development in Language and Literacy,Nancy Clark-Chiarelli,"Education Development Center, Inc.",Efficacy,R305M050072,2005,2005,NA,"$2,834,272","Teaching, Teachers, and the Education Workforce",Education Research Grants,https://ies.ed.gov/use-work/awards/examining-efficacy-two-models-preschool-professional-development-language-and-literacy,Firm
R305M050223,Replication and Outcomes of the Teaching SMART® Program in Elementary Science Classrooms,Kathryn Borman,University of South Florida,Efficacy,R305M050223,2005,2005,NA,"$2,288,100","Teaching, Teachers, and the Education Workforce",Education Research Grants,https://ies.ed.gov/use-work/awards/replication-and-outcomes-teaching-smartr-program-elementary-science-classrooms,Uni
R305M050226,"Comparing the Efficacy of Three Approaches to Improving Teaching Quality in Science Education: Curriculum Implementation, Design, and Adaptation",William R. Penuel,SRI International,Efficacy,R305M050226,2005,2005,NA,"$1,864,415","Teaching, Teachers, and the Education Workforce",Education Research Grants,https://ies.ed.gov/use-work/awards/comparing-efficacy-three-approaches-improving-teaching-quality-science-education-curriculum,Other
R305M050270,Investigating the Efficacy of a Professional Development Program in Classroom Assessment for Middle School Reading and Mathematics,Christina Schneider,South Carolina Department of Education,Efficacy,R305M050270,2005,2005,NA,"$1,680,625","Teaching, Teachers, and the Education Workforce",Education Research Grants,https://ies.ed.gov/use-work/awards/investigating-efficacy-professional-development-program-classroom-assessment-middle-school-reading,Other
R305R060022,Study of the Efficacy of North Carolina's Learn and Earn Early College High School Model,Julie Edmunds,"University of North Carolina, Greensboro",Efficacy,R305R060022,2006,2006,NA,"$2,871,016",Improving Education Systems,Education Research Grants,https://ies.ed.gov/use-work/awards/study-efficacy-north-carolinas-learn-and-earn-early-college-high-school-model,Uni
R305R060059,Comprehensive Evaluation of the Effects of District-Wide High School Curriculum Reform on Academic Achievement and Attainment in Chicago,Elaine Allensworth,University of Chicago,Efficacy,R305R060059,2006,2006,NA,"$1,844,860",Improving Education Systems,Education Research Grants,https://ies.ed.gov/use-work/awards/comprehensive-evaluation-effects-district-wide-high-school-curriculum-reform-academic-achievement,Uni
R305R220012,A Systematic Replication Study of Interleaved Mathematics Practice,Bryan Matlen,WestEd,Efficacy,R305R220012,2022,2022,NA,"$3,986,368",NA,Research Grants Focused on Systematic Replication,https://nces.ed.gov/use-work/awards/systematic-replication-study-interleaved-mathematics-practice,Other
R305R220024,A Replication Study to Examine the Efficacy of Sound Partners When Implemented by Peer Tutors,Elizabeth Swanson,"University of Texas, Austin",Efficacy,R305R220024,2022,2022,NA,"$4,000,000",NA,Research Grants Focused on Systematic Replication,https://nces.ed.gov/use-work/awards/replication-study-examine-efficacy-sound-partners-when-implemented-peer-tutors,Uni
R305S210005,A Study in Equity: Oregon's 9th Grade Transition,Daniel Farley,Oregon Department of Education,Efficacy,R305S210005,2021,2021,NA,"$881,756",NA,Using Longitudinal Data to Support State Policymaking,https://nces.ed.gov/use-work/awards/study-equity-oregons-9th-grade-transition,Other
R305S210008,The Distributional Effects of Secondary Career and Technical Educational (CTE) Programs on Postsecondary Educational and Employment Outcomes: An Evaluation of Delaware's CTE Programs of Study,Jonathan Wickert,Delaware Department of Education,Efficacy,R305S210008,2021,2021,NA,"$999,999",NA,Using Longitudinal Data to Support State Policymaking,https://nces.ed.gov/use-work/awards/distributional-effects-secondary-career-and-technical-educational-cte-programs-postsecondary,Other
R305S210026,Understanding Pennsylvania's Educational Inequities in the time of COVID-19,Candy Miller,Pennsylvania Department of Education,Efficacy,R305S210026,2021,2021,NA,"$998,574",NA,Using Longitudinal Data to Support State Policymaking,https://nces.ed.gov/use-work/awards/understanding-pennsylvanias-educational-inequities-time-covid-19,Other
R305S220003,Assessing the Long-Term Impacts of School Extension Programs on Student Re-Engagement and Learning Recovery,Michael Maher,North Carolina Department of Public Instruction,Efficacy,R305S220003,2022,2022,NA,"$988,118",NA,Using Longitudinal Data to Support State Policymaking,https://nces.ed.gov/use-work/awards/assessing-long-term-impacts-school-extension-programs-student-re-engagement-and-learning-recovery,Other
R305T210046,Just Discipline and Effective Restorative Practices: Assessing the Potential of Design Innovations and Implementation Science as Catalysts for Sustainable School Transformation,James Huguley,University of Pittsburgh,Efficacy,R305T210046,2021,2021,NA,"$2,999,981",NA,Transformative Research in the Education Sciences,https://nces.ed.gov/use-work/awards/just-discipline-and-effective-restorative-practices-assessing-potential-design-innovations-and,Uni
R305U050002,A One-Year Follow-up of Evidence-Based Early Reading Intervention Provided by Kindergarten and First Grade Teachers,Benita Blachman,Syracuse University,Efficacy,R305U050002,2005,2005,NA,"$199,897",Literacy,Education Research Grants,https://ies.ed.gov/use-work/awards/one-year-follow-evidence-based-early-reading-intervention-provided-kindergarten-and-first-grade,Uni
R305U070006,The Effects of Disadvantaged Schools and Neighborhoods on the Education of Low-Income Youth,Greg Duncan,Northwestern University,Efficacy,R305U070006,2007,2007,NA,"$600,000",NA,Unsolicited,https://ies.ed.gov/use-work/awards/effects-disadvantaged-schools-and-neighborhoods-education-low-income-youth,Uni
R305W020002,Scaling Up a Language and Literacy Development Program at the Pre-Kindergarten Level,Susan H. Landry,University of Texas Health Science Center at Houston,Scale-Up Evaluations,R305W020002,2002,2002,NA,"$5,925,630",Early Learning Programs and Policies,Education Research Grants,https://ies.ed.gov/use-work/awards/scaling-language-and-literacy-development-program-pre-kindergarten-level,Uni
R305W020005,Scaling Up an Assessment-Driven Intervention Using the Internet and Hand-held Computers,Barbara Foorman,Florida State University,Scale-Up Evaluations,R305W020005,2002,2002,NA,"$6,696,257",Literacy,Education Research Grants,https://ies.ed.gov/use-work/awards/scaling-assessment-driven-intervention-using-internet-and-hand-held-computers,Uni
R305W030036,"The New 3R's – Reading, Resilience, and Relationships in After-School Programs",Gil Noam,McLean Hospital,Efficacy,R305W030036,2003,2003,NA,"$1,000,000",NA,Unsolicited,https://ies.ed.gov/use-work/awards/new-3rs-reading-resilience-and-relationships-after-school-programs,Other
R305W030257,Scaling-up Effective Intervention for Preventing Reading Difficulties in Young Children,Patricia Mathes,Southern Methodist University,Scale-Up Evaluations,R305W030257,2003,2003,NA,"$5,999,744",Literacy,Education Research Grants,https://ies.ed.gov/use-work/awards/scaling-effective-intervention-preventing-reading-difficulties-young-children,Uni
R305W060016,The Pathway Project: A Cognitive Strategies Approach to Reading and Writing Instruction for Teachers of Secondary English Language Learners,Carol Booth Olson,"University of California, Irvine",Efficacy,R305W060016,2006,2006,NA,"$2,942,842","Teaching, Teachers, and the Education Workforce",Education Research Grants,https://ies.ed.gov/use-work/awards/pathway-project-cognitive-strategies-approach-reading-and-writing-instruction-teachers-secondary,Uni
R305W060027,Content-Focused Coaching (SM) for High Quality Reading Instruction,Lindsay Clare Matsumura,University of Pittsburgh,Efficacy,R305W060027,2006,2006,NA,"$2,946,864","Teaching, Teachers, and the Education Workforce",Education Research Grants,https://ies.ed.gov/use-work/awards/content-focused-coaching-sm-high-quality-reading-instruction,Uni
R305X220016,Evidence to Inform Improvement: Supporting California Community Colleges in Pandemic Recovery,Michal Kurlaender,"University of California, Davis",Efficacy,R305X220016,2022,2022,NA,"$3,000,000",Community College Recovery Research Network,Improving Pandemic Recovery Efforts in Education Agencies,https://nces.ed.gov/use-work/awards/evidence-inform-improvement-supporting-california-community-colleges-pandemic-recovery,Uni
R305X220018,Leveraging Technology and Engaging Students: Evaluating Covid-19 Recovery Efforts in the Los Angeles Community College District,Christopher Avery,Harvard University,Efficacy,R305X220018,2022,2022,NA,"$2,889,797",Community College Recovery Research Network,Improving Pandemic Recovery Efforts in Education Agencies,https://nces.ed.gov/use-work/awards/leveraging-technology-and-engaging-students-evaluating-covid-19-recovery-efforts-los-angeles,Uni
R324A070118,Testing The Impact of PBIS Plus,Philip Leaf,Johns Hopkins University,Efficacy,R324A070118,2007,2007,NA,"$2,849,197","Social, Emotional, and Behavioral Competence",Special Education Research Grants,https://ies.ed.gov/use-work/awards/testing-impact-pbis-plus,Uni
R324A070181,Class-wide Function-Based Intervention Teams: A Research to Practice Agenda for Functional Behavior Assessment (CW: FIT),Debra Kamps,University of Kansas,Efficacy,R324A070181,2007,2007,NA,"$2,998,625","Social, Emotional, and Behavioral Competence",Special Education Research Grants,https://ies.ed.gov/use-work/awards/class-wide-function-based-intervention-teams-research-practice-agenda-functional-behavior-assessment,Uni
R324A070183,Think Time Efficacy Study,Gregory Benner,University of Washington,Efficacy,R324A070183,2007,2007,NA,"$1,430,137","Social, Emotional, and Behavioral Competence",Special Education Research Grants,https://ies.ed.gov/use-work/awards/think-time-efficacy-study,Uni
R324A070206,Improving Mathematics Performance of At Risk Students and Students with Learning Disabilities in Urban Middle Schools (MSM Project),Marjorie Montague,University of Miami,Efficacy,R324A070206,2007,2007,NA,"$2,085,120","Science, Technology, Engineering, and Mathematics",Special Education Research Grants,https://ies.ed.gov/use-work/awards/improving-mathematics-performance-risk-students-and-students-learning-disabilities-urban-middle,Uni
R324A080026,A Randomized Efficacy Trial of the Kids in Transition to School (KITS) Program for Children with Developmental Disabilities and Behavioral Problems,Katherine Pears,Oregon Social Learning Center,Efficacy,R324A080026,2008,2008,NA,"$2,957,477",Early Intervention and Early Learning,Special Education Research Grants,https://ies.ed.gov/use-work/awards/randomized-efficacy-trial-kids-transition-school-kits-program-children-developmental-disabilities,Other
R324A080037,Sit Together and Read: Early Childhood Special Education,Laura Justice,Ohio State University,Efficacy,R324A080037,2008,2008,NA,"$3,866,519",Early Intervention and Early Learning,Special Education Research Grants,https://ies.ed.gov/use-work/awards/sit-together-and-read-early-childhood-special-education,Uni
R324A080071,"Establishing the Efficacy of the ""Special Friends"" Project",Michaelene Ostrosky,"University of Illinois, Urbana-Champaign",Efficacy,R324A080071,2008,2008,NA,"$2,997,953",Early Intervention and Early Learning,Special Education Research Grants,https://ies.ed.gov/use-work/awards/establishing-efficacy-special-friends-project,Uni
R324A080195,Efficacy and Sustainability of the STAR Program,David Mandell,University of Pennsylvania,Efficacy,R324A080195,2008,2008,NA,"$2,719,835",Autism Spectrum Disorders,Special Education Research Grants,https://ies.ed.gov/use-work/awards/efficacy-and-sustainability-star-program,Uni
R324A090044,Efficacy Trial of Carescapes: Promoting Social Development in Home-based Child Care,Julie Rusby,Oregon Research Institute,Efficacy,R324A090044,2009,2009,NA,"$2,727,926",Early Intervention and Early Learning,Special Education Research Grants,https://ies.ed.gov/use-work/awards/efficacy-trial-carescapes-promoting-social-development-home-based-child-care,Other
R324A090052,Responsiveness-To-Instruction to Strengthen the Academic Performance of Students with Reading and Math Disabilities,Douglas Fuchs,Vanderbilt University,Efficacy,R324A090052,2009,2009,NA,"$2,983,337","Systems, Policy, and Finance",Special Education Research Grants,https://ies.ed.gov/use-work/awards/responsiveness-instruction-strengthen-academic-performance-students-reading-and-math-disabilities,Uni
R324A090091,"Improving Social-Communication, Literacy, and Adaptive Behaviors for Young Children with Autism Spectrum Disorders",Debra Kamps,University of Kansas,Efficacy,R324A090091,2009,2009,NA,"$2,969,998",Autism Spectrum Disorders,Special Education Research Grants,https://ies.ed.gov/use-work/awards/improving-social-communication-literacy-and-adaptive-behaviors-young-children-autism-spectrum,Uni
R324A090094,Comprehensive Autism Program using Strategies for Teaching based on Autism Research,Helen Young,Portland State University,Efficacy,R324A090094,2009,2009,NA,"$2,561,416",Autism Spectrum Disorders,Special Education Research Grants,https://ies.ed.gov/use-work/awards/comprehensive-autism-program-using-strategies-teaching-based-autism-research,Uni
R324A090104,Project ECRI: Enhancing Core Reading Instruction in First Grade,Hank Fien,University of Oregon,Efficacy,R324A090104,2009,2009,NA,"$5,115,878","Systems, Policy, and Finance",Special Education Research Grants,https://ies.ed.gov/use-work/awards/project-ecri-enhancing-core-reading-instruction-first-grade,Uni
R324A090111,Ecological Approach to Family Intervention and Treatment (Eco-FIT) Integrated with PBS: An Effectiveness Trial in Middle School,John Seeley,Oregon Research Institute,Scale-Up Evaluations,R324A090111,2009,2009,NA,"$6,598,994","Social, Emotional, and Behavioral Competence",Special Education Research Grants,https://ies.ed.gov/use-work/awards/ecological-approach-family-intervention-and-treatment-eco-fit-integrated-pbs-effectiveness-trial,Other
R324A090179,Evaluating the Efficacy of Enhanced Anchored Instruction for Middle School Students with Learning Disabilities in Math,Brian Bottge,University of Kentucky,Efficacy,R324A090179,2009,2009,NA,"$2,330,163",Cognition and Student Learning in Special Education,Special Education Research Grants,https://ies.ed.gov/use-work/awards/evaluating-efficacy-enhanced-anchored-instruction-middle-school-students-learning-disabilities-math,Uni
R324A090181,An Efficacy Trial of Milieu Teaching Language Intervention in Preschoolers with Language Disorders,Ann Kaiser,Vanderbilt University,Efficacy,R324A090181,2009,2009,NA,"$2,912,169",Early Intervention and Early Learning,Special Education Research Grants,https://ies.ed.gov/use-work/awards/efficacy-trial-milieu-teaching-language-intervention-preschoolers-language-disorders,Uni
R324A100022,Preventing School Dropout with Secondary Students: The Implementation of an Individualized Reading Intervention and Dropout Prevention Intervention,Greg Roberts,"University of Texas, Austin",Efficacy,R324A100022,2010,2010,NA,"$2,017,289","Reading, Writing, and Language",Special Education Research Grants,https://nces.ed.gov/use-work/awards/preventing-school-dropout-secondary-students-implementation-individualized-reading-intervention-and,Uni
R324A100115,A Randomized Trial of Conjoint Behavioral Consultation (CBC) in Rural Educational Settings: Efficacy for Elementary Students With Disruptive Behaviors,Susan Sheridan,"University of Nebraska, Lincoln",Efficacy,R324A100115,2010,2010,NA,"$2,999,994","Social, Emotional, and Behavioral Competence",Special Education Research Grants,https://ies.ed.gov/use-work/awards/randomized-trial-conjoint-behavioral-consultation-cbc-rural-educational-settings-efficacy-elementary,Uni
R324A100166,My Life: Evaluation of Self-Determination Enhancement for Transitioning Students in Special Education and Foster Care,Sarah Geenen,Portland State University,Efficacy,R324A100166,2010,2010,NA,"$2,932,504","Transition to Postsecondary Education, Career, and/or Independent Living",Special Education Research Grants,https://ies.ed.gov/use-work/awards/my-life-evaluation-self-determination-enhancement-transitioning-students-special-education-and,Uni
R324A100174,A Randomized Trial of the SCERTS Curriculum for Students with Autism Spectrum Disorders in Early Elementary School Classrooms,Amy Wetherby,Florida State University,Efficacy,R324A100174,2010,2010,NA,"$2,999,364",Autism Spectrum Disorders,Special Education Research Grants,https://ies.ed.gov/use-work/awards/randomized-trial-scerts-curriculum-students-autism-spectrum-disorders-early-elementary-school,Uni
R324A100215,Examining the Efficacy of Banking Time: A Teacher-Child Early Intervention to Improve Children's Emotional and Behavioral Development,Amanda Williford,University of Virginia,Efficacy,R324A100215,2010,2010,NA,"$2,688,025",Early Intervention and Early Learning,Special Education Research Grants,https://ies.ed.gov/use-work/awards/examining-efficacy-banking-time-teacher-child-early-intervention-improve-childrens-emotional-and,Uni
R324A100225,Efficacy of Broad Target Speech Recasts on Students with Down Syndrome,Paul Yoder,Vanderbilt University,Efficacy,R324A100225,2010,2010,NA,"$2,856,880",Educators and School-Based Service Providers,Special Education Research Grants,https://ies.ed.gov/use-work/awards/efficacy-broad-target-speech-recasts-students-down-syndrome,Uni
R324A100305,Efficacy of a Parent-Mediated Intervention for One-Year-Olds at Risk for Autism,Linda Watson,"University of North Carolina, Chapel Hill",Efficacy,R324A100305,2010,2010,NA,"$2,515,897",Early Intervention and Early Learning,Special Education Research Grants,https://ies.ed.gov/use-work/awards/efficacy-parent-mediated-intervention-one-year-olds-risk-autism,Uni
R324A100391,Peer Support and Peer Network Interventions to Improve Peer Relationships and School Engagement,Erik Carter,Vanderbilt University,Efficacy,R324A100391,2010,2010,NA,"$2,279,679","Transition to Postsecondary Education, Career, and/or Independent Living",Special Education Research Grants,https://ies.ed.gov/use-work/awards/peer-support-and-peer-network-interventions-improve-peer-relationships-and-school-engagement,Uni
R324A110018,A Study of the Effects of a Three-Tier Model of Interagency Collaboration on Transition Outcomes for Students with Disabilities,,"University of North Carolina, Charlotte",Efficacy,R324A110018,2011,2011,NA,"$2,495,693","Transition to Postsecondary Education, Career, and/or Independent Living",Special Education Research Grants,https://ies.ed.gov/use-work/awards/study-effects-three-tier-model-interagency-collaboration-transition-outcomes-students-disabilities,Uni
R324A110027,Students Exposed to Trauma: An Efficacy Study of the Cognitive Behavioral Intervention for Trauma in Schools,W. Carl Sumi,SRI International,Efficacy,R324A110027,2011,2011,NA,"$3,383,527","Social, Emotional, and Behavioral Competence",Special Education Research Grants,https://ies.ed.gov/use-work/awards/students-exposed-trauma-efficacy-study-cognitive-behavioral-intervention-trauma-schools,Other
R324A110048,Efficacy Trials with a New Early Literacy and Language Curriculum for Preschool Children with Developmental Speech and/or Language Impairment,M. Jeanne Wilcox,Arizona State University,Efficacy,R324A110048,2011,2011,NA,"$4,197,151",Early Intervention and Early Learning,Special Education Research Grants,https://ies.ed.gov/use-work/awards/efficacy-trials-new-early-literacy-and-language-curriculum-preschool-children-developmental-speech,Uni
R324A110053,Efficacy of the Interactive Strategies Approach-Extended as a Small Group Intervention for Intermediate Grade Struggling Readers,Lynn Gelzheiser,"State University of New York (SUNY), Albany",Efficacy,R324A110053,2011,2011,NA,"$3,138,200","Reading, Writing, and Language",Special Education Research Grants,https://ies.ed.gov/use-work/awards/efficacy-interactive-strategies-approach-extended-small-group-intervention-intermediate-grade,Uni
R324A110079,Testing an Integrated Preschool Curriculum for English Language Learners,Susan H. Landry,University of Texas Health Science Center at Houston,Efficacy,R324A110079,2011,2011,NA,"$3,035,724",Early Intervention and Early Learning,Special Education Research Grants,https://ies.ed.gov/use-work/awards/testing-integrated-preschool-curriculum-english-language-learners,Uni
R324A110135,Project Early Vocabulary Intervention,Michael Coyne,University of Connecticut,Efficacy,R324A110135,2011,2011,NA,"$4,097,835","Reading, Writing, and Language",Special Education Research Grants,https://ies.ed.gov/use-work/awards/project-early-vocabulary-intervention,Uni
R324A110166,Efficacy Study of Check and Connect to Improve Student Outcomes,W. Carl Sumi,SRI International,Efficacy,R324A110166,2011,2011,NA,"$3,475,570","Social, Emotional, and Behavioral Competence",Special Education Research Grants,https://ies.ed.gov/use-work/awards/efficacy-study-check-and-connect-improve-student-outcomes,Other
R324A110173,Efficacy of the BEST in CLASS Intervention for Young Children at High Risk for Emotional and Behavioral Disorders,Maureen Conroy,University of Florida,Efficacy,R324A110173,2011,2011,NA,"$4,134,515","Social, Emotional, and Behavioral Competence",Special Education Research Grants,https://ies.ed.gov/use-work/awards/efficacy-best-class-intervention-young-children-high-risk-emotional-and-behavioral-disorders,Uni
R324A110183,Relative Effectiveness of Contrasting Approaches to Response-Contingent Learning Interventions,Melinda Raab,Orelena Hawks Puckett Institute,Efficacy,R324A110183,2011,2011,NA,"$1,947,772",Early Intervention and Early Learning,Special Education Research Grants,https://ies.ed.gov/use-work/awards/relative-effectiveness-contrasting-approaches-response-contingent-learning-interventions,Other
R324A110246,LEAP–USA Follow-up Project,Phillip Strain,University of Colorado Health Sciences Center,Efficacy,R324A110246,2011,2011,NA,"$1,198,674",Autism Spectrum Disorders,Special Education Research Grants,https://ies.ed.gov/use-work/awards/leap-usa-follow-project,Uni
R324A110256,Advancing Social-Communication and Play (ASAP): An Intervention Program for Preschoolers with Autism,Brian Boyd,"University of North Carolina, Chapel Hill",Efficacy,R324A110256,2011,2011,NA,"$3,167,682",Early Intervention and Early Learning,Special Education Research Grants,https://ies.ed.gov/use-work/awards/advancing-social-communication-and-play-asap-intervention-program-preschoolers-autism,Uni
R324A110353,Evaluation of a Comprehensive Community-based Intervention for Toddlers with ASD,Bonnie McBride,University of Oklahoma Health Sciences Center,Efficacy,R324A110353,2011,2011,NA,"$2,887,900",Early Intervention and Early Learning,Special Education Research Grants,https://ies.ed.gov/use-work/awards/evaluation-comprehensive-community-based-intervention-toddlers-asd,Uni
R324A120027,Evaluating the Efficacy of the School-based Social Competence Intervention for Adolescents (SCI-A) with High Functioning Autism,Janine Stichter,"University of Missouri, Columbia",Efficacy,R324A120027,2012,2012,NA,"$2,896,933","Social, Emotional, and Behavioral Competence",Special Education Research Grants,https://ies.ed.gov/use-work/awards/evaluating-efficacy-school-based-social-competence-intervention-adolescents-sci-high-functioning,Uni
R324A120041,Team-Initiated Problem Solving for Improved Student Outcome,Robert Horner,University of Oregon,Efficacy,R324A120041,2012,2012,NA,"$2,523,998","Social, Emotional, and Behavioral Competence",Special Education Research Grants,https://ies.ed.gov/use-work/awards/team-initiated-problem-solving-improved-student-outcome,Uni
R324A120097,A Randomized Controlled Trial of Prevent-Teach-Reinforce for Young Children,Glen Dunlap,Nevada System of Higher Education,Efficacy,R324A120097,2012,2012,NA,"$2,667,001",Early Intervention and Early Learning,Special Education Research Grants,https://ies.ed.gov/use-work/awards/randomized-controlled-trial-prevent-teach-reinforce-young-children,Other
R324A120153,Efficacy of the Getting Ready Intervention at Supporting Parental Engagement and Positive Outcomes for Preschool Children at Educational Risk,Susan Sheridan,"University of Nebraska, Lincoln",Efficacy,R324A120153,2012,2012,NA,"$3,212,919",Early Intervention and Early Learning,Special Education Research Grants,https://ies.ed.gov/use-work/awards/efficacy-getting-ready-intervention-supporting-parental-engagement-and-positive-outcomes-preschool,Uni
R324A120169,A Summer Preparatory Program for Middle and High School Students with ADHD,William Pelham,Florida International University,Efficacy,R324A120169,2012,2012,NA,"$3,478,637","Social, Emotional, and Behavioral Competence",Special Education Research Grants,https://ies.ed.gov/use-work/awards/summer-preparatory-program-middle-and-high-school-students-adhd,Uni
R324A120178,Examining the Efficacy of a Classroom-Wide Model for Promoting Social Emotional Development and Addressing Challenging Behavior in Preschool Children with or at-risk for Disabilities,Mary Louise Hemmeter,Vanderbilt University,Efficacy,R324A120178,2012,2012,NA,"$3,499,978",Early Intervention and Early Learning,Special Education Research Grants,https://ies.ed.gov/use-work/awards/examining-efficacy-classroom-wide-model-promoting-social-emotional-development-and-addressing,Uni
R324A120232,Project DATA: A Multisite Evaluation of a School-based Model for Preschoolers with Autism,Bonnie McBride,University of Oklahoma Health Sciences Center,Efficacy,R324A120232,2012,2012,NA,"$2,600,000",Autism Spectrum Disorders,Special Education Research Grants,https://ies.ed.gov/use-work/awards/project-data-multisite-evaluation-school-based-model-preschoolers-autism,Uni
R324A120260,On the Way Home: Promoting Transition Outcomes in Youth with EBD or LD—An Efficacy and Replication Study,Alexandra Torkelson-Trout,"University of Nebraska, Lincoln",Efficacy,R324A120260,2012,2012,NA,"$3,487,223","Transition to Postsecondary Education, Career, and/or Independent Living",Special Education Research Grants,https://ies.ed.gov/use-work/awards/way-home-promoting-transition-outcomes-youth-ebd-or-ld-efficacy-and-replication-study,Uni
R324A120291,Joint Attention Mediated Learning Intervention for Toddlers with Autism Spectrum Disorders and Their Families,Hannah Schertz,Indiana University,Efficacy,R324A120291,2012,2012,NA,"$3,499,713",Early Intervention and Early Learning,Special Education Research Grants,https://ies.ed.gov/use-work/awards/joint-attention-mediated-learning-intervention-toddlers-autism-spectrum-disorders-and-their-families,Uni
R324A120304,A Randomized Control Trial of a Tier 2 Kindergarten Mathematics Intervention,Ben Clarke,University of Oregon,Efficacy,R324A120304,2012,2012,NA,"$3,338,552","Science, Technology, Engineering, and Mathematics",Special Education Research Grants,https://ies.ed.gov/use-work/awards/randomized-control-trial-tier-2-kindergarten-mathematics-intervention,Uni
R324A120344,"A Multi-Site Efficacy Trial of the Class-wide Function-related Intervention Teams ""CW-FIT"": A Research to Practice Agency for Students With and At Risk for EBD",Howard Wills,University of Kansas,Efficacy,R324A120344,2012,2012,NA,"$2,916,059","Social, Emotional, and Behavioral Competence",Special Education Research Grants,https://ies.ed.gov/use-work/awards/multi-site-efficacy-trial-class-wide-function-related-intervention-teams-cw-fit-research-practice,Uni
R324A120358,Efficacy of the Collaborative Life Skills Program,Linda Pfiffner,"University of California, San Francisco",Efficacy,R324A120358,2012,2012,NA,"$3,386,497","Social, Emotional, and Behavioral Competence",Special Education Research Grants,https://ies.ed.gov/use-work/awards/efficacy-collaborative-life-skills-program,Uni
R324A120363,Enhancing Early Learning for Infants with Disabilities: A Responsive Parenting Intervention,Heather Taylor,University of Texas Health Science Center at Houston,Efficacy,R324A120363,2012,2012,NA,"$2,649,290",Early Intervention and Early Learning,Special Education Research Grants,https://ies.ed.gov/use-work/awards/enhancing-early-learning-infants-disabilities-responsive-parenting-intervention,Uni
R324A120365,The Effects of Online Decision Making Support for Home Visitors Using an RTI Approach to Promote the Language Development of At-risk Infants and Toddlers,Jay Buzhardt,University of Kansas,Efficacy,R324A120365,2012,2012,NA,"$2,998,772",Early Intervention and Early Learning,Special Education Research Grants,https://ies.ed.gov/use-work/awards/effects-online-decision-making-support-home-visitors-using-rti-approach-promote-language-development,Uni
R324A120410,A Randomized Trial of a Tutor-Based Mathematics and Attention Intervention for Low-Performing Pre-Schoolers at Risk for Mathematical Difficulties in School,Marcia Barnes,"University of Texas, Austin",Efficacy,R324A120410,2011,2011,NA,"$4,081,051",Early Intervention and Early Learning,Special Education Research Grants,https://ies.ed.gov/use-work/awards/randomized-trial-tutor-based-mathematics-and-attention-intervention-low-performing-pre-schoolers,Uni
R324A130066,Read It Again! In Early Childhood Special Education,Laura Justice,Ohio State University,Efficacy,R324A130066,2013,2013,NA,"$3,500,000",Early Intervention and Early Learning,Special Education Research Grants,https://ies.ed.gov/use-work/awards/read-it-again-early-childhood-special-education,Uni
R324A130180,Parent Connectors: An Efficacy Study of Peer-Support for Parents of Middle School Youth with Emotional Disturbance,Kristin Duppong Hurley,"University of Nebraska, Lincoln",Efficacy,R324A130180,2013,2013,NA,"$3,206,013",Families of Children with Disabilities,Special Education Research Grants,https://ies.ed.gov/use-work/awards/parent-connectors-efficacy-study-peer-support-parents-middle-school-youth-emotional-disturbance,Uni
R324A130216,Efficacy of a Comprehensive School-Based Intervention for Children with High-Functioning Autism Spectrum Disorders (HFASDs),Christopher Lopata,Canisius College,Efficacy,R324A130216,2013,2013,NA,"$3,399,077",Autism Spectrum Disorders,Special Education Research Grants,https://ies.ed.gov/use-work/awards/efficacy-comprehensive-school-based-intervention-children-high-functioning-autism-spectrum-disorders,Uni
R324A140002,A Modular CBT for Reducing Anxiety and Improving Educational Outcomes,Golda Ginsburg,University of Connecticut Health Center,Efficacy,R324A140002,2012,2012,NA,"$3,255,147","Social, Emotional, and Behavioral Competence",Special Education Research Grants,https://ies.ed.gov/use-work/awards/modular-cbt-reducing-anxiety-and-improving-educational-outcomes,Uni
R324A140003,Reading Achievement Multi-component Program (RAMP-UP),Mary Beth Calhoon,University of Miami,Efficacy,R324A140003,2012,2012,NA,"$3,485,216","Reading, Writing, and Language",Special Education Research Grants,https://ies.ed.gov/use-work/awards/reading-achievement-multi-component-program-ramp,Uni
R324A140005,Examining the Efficacy of Classroom Pivotal Response Teaching in Classroom Environments,Aubyn Stahmer,"University of California, Davis",Efficacy,R324A140005,2012,2012,NA,"$2,545,268",Autism Spectrum Disorders,Special Education Research Grants,https://ies.ed.gov/use-work/awards/examining-efficacy-classroom-pivotal-response-teaching-classroom-environments,Uni
R324A150021,Implementing an emergent literacy program for students with intellectual disabilities and autism in general education classrooms,Pamela Hunt,San Francisco State University,Efficacy,R324A150021,2015,2015,NA,"$2,750,825","Reading, Writing, and Language",Special Education Research Grants,https://ies.ed.gov/use-work/awards/implementing-emergent-literacy-program-students-intellectual-disabilities-and-autism-general,Uni
R324A150047,An Efficacy Study of the School-based National Professional Development Center on Autism Spectrum Disorders Model (NPDC),Samuel Odom,"University of North Carolina, Chapel Hill",Efficacy,R324A150047,2015,2015,NA,"$3,498,529",Educators and School-Based Service Providers,Special Education Research Grants,https://ies.ed.gov/use-work/awards/efficacy-study-school-based-national-professional-development-center-autism-spectrum-disorders-model,Uni
R324A150076,Impact of Professional Development on Preschool Teachers' Use of Embedded-Instruction Practices: An Efficacy Trial of Tools for Teachers,Patricia Snyder,University of Florida,Efficacy,R324A150076,2015,2015,NA,"$3,498,113",Early Intervention and Early Learning,Special Education Research Grants,https://ies.ed.gov/use-work/awards/impact-professional-development-preschool-teachers-use-embedded-instruction-practices-efficacy-trial,Uni
R324A150078,Developing Connections Between Word Problems and Mathematical Equations to Promote Word-Problem Performance Among Students with Mathematics Difficulty,Sarah Powell,"University of Texas, Austin",Efficacy,R324A150078,2015,2015,NA,"$3,013,726","Science, Technology, Engineering, and Mathematics",Special Education Research Grants,https://ies.ed.gov/use-work/awards/developing-connections-between-word-problems-and-mathematical-equations-promote-word-problem,Uni
R324A150094,"An Efficacy Trial of J-EMT: Enhanced Milieu Teaching Language Intervention plus Joint Attention, Engagement and Regulation Intervention for Toddlers with Autism",Ann Kaiser,Vanderbilt University,Efficacy,R324A150094,2015,2015,NA,"$3,499,197",Early Intervention and Early Learning,Special Education Research Grants,https://ies.ed.gov/use-work/awards/efficacy-trial-j-emt-enhanced-milieu-teaching-language-intervention-plus-joint-attention-engagement,Uni
R324A150103,Efficacy of the START-Play Program for Infants with Neuromotor Disorders,Regina Harbourne,Duquesne University,Efficacy,R324A150103,2015,2015,NA,"$3,430,109",Early Intervention and Early Learning,Special Education Research Grants,https://ies.ed.gov/use-work/awards/efficacy-start-play-program-infants-neuromotor-disorders,Uni
R324A150138,READY for WAGES: Research on Employment of Adjudicated Youth through Working at Gaining Employment Social Skills Curriculum,Deanne Unruh,University of Oregon,Efficacy,R324A150138,2015,2015,NA,"$3,500,000","Transition to Postsecondary Education, Career, and/or Independent Living",Special Education Research Grants,https://ies.ed.gov/use-work/awards/ready-wages-research-employment-adjudicated-youth-through-working-gaining-employment-social-skills,Uni
R324A150149,Long-Term Effects of the Kids in Transition to School (KITS) Program for Children with Developmental Disabilities and Behavioral Problems,Katherine Pears,Oregon Social Learning Center,Efficacy,R324A150149,2015,2015,NA,"$1,299,872",Early Intervention and Early Learning,Special Education Research Grants,https://ies.ed.gov/use-work/awards/long-term-effects-kids-transition-school-kits-program-children-developmental-disabilities-and,Other
R324A150179,Efficacy of Enhanced First Step to Success Intervention for Tertiary-Level Students with Disruptive Behavior,Andy Frey,University of Louisville,Efficacy,R324A150179,2015,2015,NA,"$3,497,001","Social, Emotional, and Behavioral Competence",Special Education Research Grants,https://ies.ed.gov/use-work/awards/efficacy-enhanced-first-step-success-intervention-tertiary-level-students-disruptive-behavior,Uni
R324A150221,Preschool First Step to Success: An Efficacy Replication Study,Edward Feil,Oregon Research Institute,Efficacy,R324A150221,2015,2015,NA,"$3,499,924",Early Intervention and Early Learning,Special Education Research Grants,https://ies.ed.gov/use-work/awards/preschool-first-step-success-efficacy-replication-study,Other
R324A150269,Passport to Literacy: Examining the Effectiveness of the Voyager Passport Intervention for Fourth-grade Students with or at High Risk for Reading Disabilities,Jeanne Wanzek,Vanderbilt University,Efficacy,R324A150269,2013,2013,NA,"$3,464,901","Reading, Writing, and Language",Special Education Research Grants,https://ies.ed.gov/use-work/awards/passport-literacy-examining-effectiveness-voyager-passport-intervention-fourth-grade-students-or,Uni
R324A160008,Efficacy Study of the Universally Designed Science Notebook: An Intervention to Support All Students' Elementary School Science Learning,Jose Blackorby,Center for Applied Special Technology (CAST),Efficacy,R324A160008,2016,2016,NA,"$3,499,937","Science, Technology, Engineering, and Mathematics",Special Education Research Grants,https://ies.ed.gov/use-work/awards/efficacy-study-universally-designed-science-notebook-intervention-support-all-students-elementary,Other
R324A160017,A Randomized Trial of Conjoint Behavioral Consultation (CBC) with Latino Students: A Replication Study,Susan Sheridan,"University of Nebraska, Lincoln",Efficacy,R324A160017,2016,2016,NA,"$3,499,987","Social, Emotional, and Behavioral Competence",Special Education Research Grants,https://ies.ed.gov/use-work/awards/randomized-trial-conjoint-behavioral-consultation-cbc-latino-students-replication-study,Uni
R324A160042,Project AIM: Algebra-readiness Intervention Modules for Middle School Students with Mathematics Difficulties,Diane Bryant,"University of Texas, Austin",Efficacy,R324A160042,2016,2016,NA,"$3,216,539","Science, Technology, Engineering, and Mathematics",Special Education Research Grants,https://ies.ed.gov/use-work/awards/project-aim-algebra-readiness-intervention-modules-middle-school-students-mathematics-difficulties,Uni
R324A160046,A Randomized Control Trial of a Tier 2 First Grade Mathematics Intervention,Ben Clarke,University of Oregon,Efficacy,R324A160046,2016,2016,NA,"$3,498,258","Science, Technology, Engineering, and Mathematics",Special Education Research Grants,https://ies.ed.gov/use-work/awards/randomized-control-trial-tier-2-first-grade-mathematics-intervention,Uni
R324A160136,Evaluating a Social-Emotional Learning Curriculum for Children At Risk for Emotional or Behavioral Disorders,Ann Daunic,University of Florida,Efficacy,R324A160136,2016,2016,NA,"$3,499,958","Social, Emotional, and Behavioral Competence",Special Education Research Grants,https://ies.ed.gov/use-work/awards/evaluating-social-emotional-learning-curriculum-children-risk-emotional-or-behavioral-disorders,Uni
R324A170008,The Self-Determined Learning Model of Instruction: Examining the Impact of Implementation Supports on Teacher and Student Outcomes,Karrie Shogren,University of Kansas,Efficacy,R324A170008,2017,2017,NA,"$3,300,000","Transition to Postsecondary Education, Career, and/or Independent Living",Special Education Research Grants,https://nces.ed.gov/use-work/awards/self-determined-learning-model-instruction-examining-impact-implementation-supports-teacher-and,Uni
R324A170069,Efficacy of Paraprofessional Behavior Support Coaching for Elementary School Students with Externalizing Behavior Disorders,Linda Reddy,Rutgers University,Efficacy,R324A170069,2017,2017,NA,"$3,299,279",Educators and School-Based Service Providers,Special Education Research Grants,https://nces.ed.gov/use-work/awards/efficacy-paraprofessional-behavior-support-coaching-elementary-school-students-externalizing,Uni
R324A170086,An Efficacy Study of Strategic and Interactive Writing Instruction (SIWI): Teacher Development and Student Outcomes,Kimberly Wolbers,University of Tennessee,Efficacy,R324A170086,2017,2017,NA,"$3,298,243","Reading, Writing, and Language",Special Education Research Grants,https://nces.ed.gov/use-work/awards/efficacy-study-strategic-and-interactive-writing-instruction-siwi-teacher-development-and-student,Uni
R324A170101,Supporting Teachers' Implementation of Data-Based Instruction in Early Writing: An Efficacy Study,Kristen McMaster,University of Minnesota,Efficacy,R324A170101,2017,2017,NA,"$3,299,321","Reading, Writing, and Language",Special Education Research Grants,https://nces.ed.gov/use-work/awards/supporting-teachers-implementation-data-based-instruction-early-writing-efficacy-study,Uni
R324A170148,Paths 2 the Future: Testing the Efficacy of a Career Development Intervention for High School Girls with Disabilities,Lauren Lindstrom,"University of California, Davis",Efficacy,R324A170148,2015,2015,NA,"$3,499,674","Transition to Postsecondary Education, Career, and/or Independent Living",Special Education Research Grants,https://ies.ed.gov/use-work/awards/paths-2-future-testing-efficacy-career-development-intervention-high-school-girls-disabilities,Uni
R324A180005,Testing the Long-Term Beneficial Impacts from a Comprehensive School Intervention for High-Functioning Children with ASD (HFASD): An Efficacy Follow-Up Study,Christopher Lopata,Canisius College,Efficacy,R324A180005,2018,2018,NA,"$880,430",Autism Spectrum Disorders,Special Education Research Grants,https://nces.ed.gov/use-work/awards/testing-long-term-beneficial-impacts-comprehensive-school-intervention-high-functioning-children-asd,Uni
R324A180037,Family-Centered Intervention in Schools to Reduce Social and Behavioral Problems From Early Elementary School to Adolescence,Elizabeth Stormshak,University of Oregon,Efficacy,R324A180037,2018,2018,NA,"$3,299,983","Social, Emotional, and Behavioral Competence",Special Education Research Grants,https://nces.ed.gov/use-work/awards/family-centered-intervention-schools-reduce-social-and-behavioral-problems-early-elementary-school,Uni
R324A180091,Efficacy Follow-Up Study of the CSESA Model,Kara Hume,"University of North Carolina, Chapel Hill",Efficacy,R324A180091,2018,2018,NA,"$1,100,000",Autism Spectrum Disorders,Special Education Research Grants,https://nces.ed.gov/use-work/awards/efficacy-follow-study-csesa-model,Uni
R324A180221,Testing the Efficacy of Reading RULES: A Tier 1 and Tier 2 Intervention for First-Grade Children with Decoding and Comprehension Difficulties,Emily Solari,University of Virginia,Efficacy,R324A180221,2015,2015,NA,"$3,499,893","Reading, Writing, and Language",Special Education Research Grants,https://ies.ed.gov/use-work/awards/testing-efficacy-reading-rules-tier-1-and-tier-2-intervention-first-grade-children-decoding-and,Uni
R324A190046,Evaluating the Efficacy of a Daily Check-in/Check-out Intervention for Students At Risk for Emotional and Behavioral Disorders,Timothy Lewis,"University of Missouri, Columbia",Efficacy,R324A190046,2019,2019,NA,"$3,267,793","Social, Emotional, and Behavioral Competence",Special Education Research Grants,https://nces.ed.gov/use-work/awards/evaluating-efficacy-daily-check-incheck-out-intervention-students-risk-emotional-and-behavioral,Uni
R324A190072,Examining the Efficacy of a Content Area Reading Comprehension Intervention for Students With Disabilities,Sharon Vaughn,"University of Texas, Austin",Efficacy,R324A190072,2019,2019,NA,"$3,284,468","Reading, Writing, and Language",Special Education Research Grants,https://nces.ed.gov/use-work/awards/examining-efficacy-content-area-reading-comprehension-intervention-students-disabilities,Uni
R324A190145,Liberate,David Houchins,Georgia State University,Efficacy,R324A190145,2019,2019,NA,"$3,299,326",Special Topics,Special Education Research Grants,https://nces.ed.gov/use-work/awards/liberate,Uni
R324A190154,"Examining Outcomes of a Multi-Component, Individually Tailored Consultation Process Focused on Classroom Management for Teachers (K-5)",Julie Owens,Ohio University,Efficacy,R324A190154,2019,2019,NA,"$3,297,119","Social, Emotional, and Behavioral Competence",Special Education Research Grants,https://nces.ed.gov/use-work/awards/examining-outcomes-multi-component-individually-tailored-consultation-process-focused-classroom,Uni
R324A190177,EMT en Español: Comprehensive Early Intervention to Support School Readiness Skills for Spanish-Speaking Toddlers with Language Delays,Ann Kaiser,Vanderbilt University,Efficacy,R324A190177,2019,2019,NA,"$3,285,441",Early Intervention and Early Learning,Special Education Research Grants,https://nces.ed.gov/use-work/awards/emt-en-espanol-comprehensive-early-intervention-support-school-readiness-skills-spanish-speaking,Uni
R324A190239,Enhancing IEPs of Children with ADHD Using Daily Report Cards: An Efficacy Trial,Gregory Fabiano,Florida International University,Efficacy,R324A190239,2018,2018,NA,"$3,290,517","Social, Emotional, and Behavioral Competence",Special Education Research Grants,https://nces.ed.gov/use-work/awards/enhancing-ieps-children-adhd-using-daily-report-cards-efficacy-trial,Uni
R324A190240,An Efficacy Trial to Evaluate Supporting Paraprofessionals by Advancing Reading Intervention Knowledge and Skill (SPARK),Christopher Lemons,Stanford University,Efficacy,R324A190240,2018,2018,NA,"$3,298,858","Reading, Writing, and Language",Special Education Research Grants,https://nces.ed.gov/use-work/awards/efficacy-trial-evaluate-supporting-paraprofessionals-advancing-reading-intervention-knowledge-and,Uni
R324A200007,"Combining the Self-Determined Learning Model of Instruction and Peer Supports: Examining the Impact on Academic, Social, and Functional Outcomes for Students With Autism Spectrum Disorders",Karrie Shogren,University of Kansas,Efficacy,R324A200007,2020,2020,NA,"$3,300,000",Autism Spectrum Disorders,Special Education Research Grants,https://nces.ed.gov/use-work/awards/combining-self-determined-learning-model-instruction-and-peer-supports-examining-impact-academic,Uni
R324A200063,Initial Efficacy Evaluation of the CW-FIT Middle School Program: Improving Academic Engagement and Outcomes for Middle School Students,Howard Wills,University of Kansas,Efficacy,R324A200063,2020,2020,NA,"$3,300,000","Social, Emotional, and Behavioral Competence",Special Education Research Grants,https://nces.ed.gov/use-work/awards/initial-efficacy-evaluation-cw-fit-middle-school-program-improving-academic-engagement-and-outcomes,Uni
R324A200101,A Randomized Trial of the Connect-IT Intervention in Middle School Students With or At Risk for Reading Disabilities,Marcia Barnes,Vanderbilt University,Efficacy,R324A200101,2020,2020,NA,"$3,066,223","Reading, Writing, and Language",Special Education Research Grants,https://nces.ed.gov/use-work/awards/randomized-trial-connect-it-intervention-middle-school-students-or-risk-reading-disabilities,Uni
R324A200140,Examining the Efficacy of a Fraction Sense Intervention Grounded in Principles From the Science of Learning,Nancy Jordan,University of Delaware,Efficacy,R324A200140,2020,2020,NA,"$3,299,957",Cognition and Student Learning in Special Education,Special Education Research Grants,https://nces.ed.gov/use-work/awards/examining-efficacy-fraction-sense-intervention-grounded-principles-science-learning,Uni
R324A200151,Examining the Efficacy of Friends on the Block: An Intensive Early Literacy Intervention for Elementary Students With Intellectual and Developmental Disability (Project Intensity),Jill Allor,Southern Methodist University,Efficacy,R324A200151,2020,2020,NA,"$3,299,942","Reading, Writing, and Language",Special Education Research Grants,https://nces.ed.gov/use-work/awards/examining-efficacy-friends-block-intensive-early-literacy-intervention-elementary-students,Uni
R324A200154,Modular Approach for Autism Programs in Schools (MAAPS),Cynthia Anderson,May Institute,Efficacy,R324A200154,2020,2020,NA,"$3,299,999",Autism Spectrum Disorders,Special Education Research Grants,https://nces.ed.gov/use-work/awards/modular-approach-autism-programs-schools-maaps,Other
R324A200176,The Role of Algebraic Reasoning Within Additive and Multiplicative Multi-Step Problem Solving for Students With Mathematics Difficulty (Project RAAMPS),Sarah Powell,"University of Texas, Austin",Efficacy,R324A200176,2020,2020,NA,"$3,289,913","Science, Technology, Engineering, and Mathematics",Special Education Research Grants,https://nces.ed.gov/use-work/awards/role-algebraic-reasoning-within-additive-and-multiplicative-multi-step-problem-solving-students,Uni
R324A200179,Efficacy of Story Friends Vocabulary Curriculum Targeting Preschoolers At Risk for Language and Literacy Disabilities,Howard Goldstein,University of South Florida,Efficacy,R324A200179,2020,2020,NA,"$3,298,903",Early Intervention and Early Learning,Special Education Research Grants,https://nces.ed.gov/use-work/awards/efficacy-story-friends-vocabulary-curriculum-targeting-preschoolers-risk-language-and-literacy,Uni
R324A210021,Effectiveness of Leveled Literacy Intervention Intermediate for Third and Fourth Grade Students with Reading Difficulties or Disabilities,Jeanne Wanzek,Vanderbilt University,Efficacy,R324A210021,2021,2021,NA,"$3,799,815","Reading, Writing, and Language",Special Education Research Grants,https://nces.ed.gov/use-work/awards/effectiveness-leveled-literacy-intervention-intermediate-third-and-fourth-grade-students-reading,Uni
R324A210266,Project PRIME2: Planning Realistic Intervention implementation and Maintenance by Educators,Michael Coyne,University of Connecticut,Efficacy,R324A210266,2021,2021,NA,"$3,769,253",Educators and School-Based Service Providers,Special Education Research Grants,https://nces.ed.gov/use-work/awards/project-prime2-planning-realistic-intervention-implementation-and-maintenance-educators,Uni
R324A220215,Reading Enhancements for Students With Autism Spectrum Disorders (Project READ): A Reading Comprehension Intervention,Michael Solis,"University of California, Riverside",Efficacy,R324A220215,2022,2022,NA,"$3,799,999","Reading, Writing, and Language",Special Education Research Grants,https://nces.ed.gov/use-work/awards/reading-enhancements-students-autism-spectrum-disorders-project-read-reading-comprehension-0,Uni
R324B060003,"Early, Evidence-Based Intervention For Externalizing Behavior Problems in School: From Efficacy to Effectiveness of the First Step to Success Program",Mary Wagner,SRI International,Scale-Up Evaluations,R324B060003,2006,2006,NA,"$5,857,960","Social, Emotional, and Behavioral Competence",Special Education Research Grants,https://ies.ed.gov/use-work/awards/early-evidence-based-intervention-externalizing-behavior-problems-school-efficacy-effectiveness,Other
R324B060029,Universal Cognitive-Behavioral Intervention for Elementary Students to Reduce Disruptive/Aggressive Behavior,Stephen Smith,University of Florida,Efficacy,R324B060029,2006,2006,NA,"$1,625,469","Social, Emotional, and Behavioral Competence",Special Education Research Grants,https://ies.ed.gov/use-work/awards/universal-cognitive-behavioral-intervention-elementary-students-reduce-disruptiveaggressive-behavior,Uni
R324B060047,Adaptive Treatments for Children with ADHD,William Pelham,Florida International University,Efficacy,R324B060047,2006,2006,NA,"$2,711,468","Social, Emotional, and Behavioral Competence",Special Education Research Grants,https://ies.ed.gov/use-work/awards/adaptive-treatments-children-adhd,Uni
R324B070219,Comparison of Two Comprehensive Treatment Models for Preschool-Aged Children With Autism Spectrum Disorders and Their Families,Samuel Odom,"University of North Carolina, Chapel Hill",Efficacy,R324B070219,2007,2007,NA,"$3,019,247",Autism Spectrum Disorders,Special Education Research Grants,https://ies.ed.gov/use-work/awards/comparison-two-comprehensive-treatment-models-preschool-aged-children-autism-spectrum-disorders-and,Uni
R324C080006,National Research and Development Center on Serious Behavior Disorders at the Secondary Level,Lee Kern,Lehigh University,Other,R324C080006,2008,2008,NA,"$10,447,669",NA,Special Education Research and Development Centers,https://ies.ed.gov/use-work/awards/national-research-and-development-center-serious-behavior-disorders-secondary-level,Uni
R324C080011,Center for Response to Intervention in Early Childhood,Charles Greenwood,University of Kansas,Other,R324C080011,2008,2008,NA,"$10,000,000",NA,Special Education Research and Development Centers,https://ies.ed.gov/use-work/awards/center-response-intervention-early-childhood,Uni
R324C100004,National Research and Development Center on Improving Mathematics Instruction for Students with Mathematics Difficulties,Nancy Jordan,University of Delaware,Other,R324C100004,2010,2010,NA,"$9,896,532",NA,Special Education Research and Development Centers,https://ies.ed.gov/use-work/awards/national-research-and-development-center-improving-mathematics-instruction-students-mathematics,Uni
R324C110004,National Research and Development Center on Assessment and Accountability for Special Education,Gerald Tindal,University of Oregon,Other,R324C110004,2011,2011,NA,"$11,677,134",NA,Special Education Research and Development Centers,https://nces.ed.gov/use-work/awards/national-research-and-development-center-assessment-and-accountability-special-education,Uni
R324C120001,Special Education Research and Development Center on Reading Instruction for Deaf and Hard of Hearing Students,Amy Lederberg,Georgia State University,Other,R324C120001,2012,2012,NA,"$10,000,000",NA,Special Education Research and Development Centers,https://ies.ed.gov/use-work/awards/special-education-research-and-development-center-reading-instruction-deaf-and-hard-hearing-students,Uni
R324C120006,Center on Secondary Education for Students with Autism Spectrum Disorders (CSESA),Samuel Odom,"University of North Carolina, Chapel Hill",Other,R324C120006,2012,2012,NA,"$9,994,452",NA,Special Education Research and Development Centers,https://ies.ed.gov/use-work/awards/center-secondary-education-students-autism-spectrum-disorders-csesa,Uni
R324D130003,Improving Reading and Mathematics Outcomes for Students with Learning Disabilities: Next Generation Intensive Interventions,Douglas Fuchs,Vanderbilt University,Other,R324D130003,2013,2013,NA,"$10,000,000",NA,Accelerating the Academic Achievement of Students with Learning Disabilities,https://ies.ed.gov/use-work/awards/improving-reading-and-mathematics-outcomes-students-learning-disabilities-next-generation-intensive,Uni
R324E060067,Project Early Reading Intervention,Deborah Simmons,Texas A&M University,Efficacy,R324E060067,2006,2006,NA,"$2,885,628",Early Intervention and Early Learning,Special Education Research Grants,https://ies.ed.gov/use-work/awards/project-early-reading-intervention,Uni
R324E060068,LEAP - USA (Using Science-Based Approaches),Phillip Strain,"University of Colorado, Denver",Efficacy,R324E060068,2006,2006,NA,"$1,809,917",Early Intervention and Early Learning,Special Education Research Grants,https://ies.ed.gov/use-work/awards/leap-usa-using-science-based-approaches,Uni
R324E060086,A Randomized Trial of Preschool Instructional Strategies to Improve School Performance and Reduce Use of Special Education,Christopher Lonigan,Florida State University,Efficacy,R324E060086,2006,2006,NA,"$3,299,598",Early Intervention and Early Learning,Special Education Research Grants,https://ies.ed.gov/use-work/awards/randomized-trial-preschool-instructional-strategies-improve-school-performance-and-reduce-use,Uni
R324E060088,Improving Language and Literacy Outcomes for Preschool Children at Highest Risk for Reading Problems,Ann Kaiser,Vanderbilt University,Efficacy,R324E060088,2006,2006,NA,"$2,995,758",Early Intervention and Early Learning,Special Education Research Grants,https://ies.ed.gov/use-work/awards/improving-language-and-literacy-outcomes-preschool-children-highest-risk-reading-problems,Uni
R324G060005,Multiple-Component Remediation for Struggling Middle School Readers,Robin Morris,Georgia State University,Efficacy,R324G060005,2006,2006,NA,"$2,882,630","Reading, Writing, and Language",Special Education Research Grants,https://ies.ed.gov/use-work/awards/multiple-component-remediation-struggling-middle-school-readers,Uni
R324N190002,Enhancing Ci3T: Building Professional Capacity for High Fidelity Implementation to Support Students' Educational Outcomes (Project ENHANCE),Kathleen Lynne Lane,University of Kansas,Development and Innovation,R324N190002,2019,2019,NA,"$3,999,320",The Multi-Tiered Systems of Support (MTSS) Network,Research Networks Focused on Critical Problems of Education Policy and Practice in Special Education,https://nces.ed.gov/use-work/awards/enhancing-ci3t-building-professional-capacity-high-fidelity-implementation-support-students,Uni
R324N190012,Evaluating the Impact of Integrated Behavior and Reading Multi-Tiered Systems of Support in Elementary Schools,Michael Coyne,University of Connecticut,Efficacy,R324N190012,2019,2019,NA,"$3,999,589",The Multi-Tiered Systems of Support (MTSS) Network,Research Networks Focused on Critical Problems of Education Policy and Practice in Special Education,https://nces.ed.gov/use-work/awards/evaluating-impact-integrated-behavior-and-reading-multi-tiered-systems-support-elementary-schools,Uni
R324R200003,Implementing Fraction Intervention Classwide to Address Mathematics Learning Disabilities in Inclusive Classrooms,Douglas Fuchs,Vanderbilt University,Efficacy,R324R200003,2020,2020,NA,"$3,589,062",NA,Research Grants Focused on Systematic Replication,https://nces.ed.gov/use-work/awards/implementing-fraction-intervention-classwide-address-mathematics-learning-disabilities-inclusive,Uni
R324R200005,ROOTS Replication: A Systematic Replication of a Tier 2 Kindergarten Mathematics Intervention,Ben Clarke,University of Oregon,Efficacy,R324R200005,2020,2020,NA,"$3,600,000",NA,Research Grants Focused on Systematic Replication,https://nces.ed.gov/use-work/awards/roots-replication-systematic-replication-tier-2-kindergarten-mathematics-intervention,Uni
R324S060043,Project Success: Improving the Educational Outcomes of Youth with Disabilities in Foster Care,Laurie Powers,Portland State University,Efficacy,R324S060043,2006,2006,NA,"$1,816,782","Transition to Postsecondary Education, Career, and/or Independent Living",Special Education Research Grants,https://ies.ed.gov/use-work/awards/project-success-improving-educational-outcomes-youth-disabilities-foster-care,Uni
R324X220067,Project ENGAGE: Enhancing Student Engagement to Facilitate Learning and Well-Being,Kathleen Lynne Lane,"University of Kansas Center for Research, Inc.",Efficacy,R324X220067,2022,2022,NA,"$3,000,000",NA,Research to Accelerate Pandemic Recovery in Special Education,https://nces.ed.gov/use-work/awards/project-engage-enhancing-student-engagement-facilitate-learning-and-well-being,Uni
