grant_id,eric_id,title,author,publicationtype,publicationdateyear,publisher,source,url
R305A040043,EJ1082317,"Supplemental Educational Services and Student Test Score Gains: Evidence from a Large, Urban School District","Springer, Matthew G.; Pepper, Matthew J.; Ghosh-Dastidar, Bonnie","Journal Articles,Reports - Evaluative",2014,"University of Illinois Press. 1325 South Oak Street, Champaign, IL 61820-6903. Tel: 217-244-0626; Fax: 217-244-8082; e-mail: journals@uillinois.edu; Web site: http://www.press.uillinois.edu/journals/main.html",Journal of Education Finance,http://muse.jhu.edu/login?auth=0&type=summary&url=/journals/journal_of_education_finance/v039/39.4.springer.html
R305A040043,ED486012,The Efficacy of Choice Threats within School Accountability Systems: Results from Legislatively Induced Experiments. PEPG 05-01,"West, Martin R.; Peterson, Paul E.",Reports - Research,2005,"Program on Education Policy and Governance, Harvard University, Kennedy School of Government, 79 John F. Kennedy Street, Taubman 304, Cambridge, MA 02138. Tel: 617-495-7976; Fax: 617-496-4428; e-mail: pepg@fas.harvard.edu.",Program on Education Policy and Governance,NA
R305A040043,ED513533,Public Opinion on Merit Pay: Self Interest vs. Symbolic Politics. Program on Education Policy and Governance Working Papers Series. PEPG 10-05,"Howell, William G.; Henderson, Michael","Numerical/Quantitative Data,Reports - Evaluative,Speeches/Meeting Papers",2010,"Program on Education Policy and Governance. Harvard University, Kennedy School of Government, 79 John F. Kennedy Street, Taubman 304, Cambridge, MA 02138. Tel: 617-495-7976; Fax: 617-496-4428; e-mail: pepg@fas.harvard.edu; Web site: http://www.hks.harvard.edu/pepg","Program on Education Policy and Governance, Harvard University",NA
R305A040043,ED513538,Citizen Perceptions of Government Service Quality: Evidence from Public Schools. Program on Education Policy and Governance Working Papers Series. PEPG 10-16,"Chingos, Matthew M.; Henderson, Michael; West, Martin R.",Reports - Research,2010,"Program on Education Policy and Governance. Harvard University, Kennedy School of Government, 79 John F. Kennedy Street, Taubman 304, Cambridge, MA 02138. Tel: 617-495-7976; Fax: 617-496-4428; e-mail: pepg@fas.harvard.edu; Web site: http://www.hks.harvard.edu/pepg","Program on Education Policy and Governance, Harvard University",NA
R305A040043,ED498041,School Reform in Philadelphia: A Comparison of Student Achievement at Privately-Managed Schools with Student Achievement in Other District Schools. PEPG 07-03,"Peterson, Paul E.",Reports - Evaluative,2007,"Program on Education Policy and Governance. Harvard University, Kennedy School of Government, 79 John F. Kennedy Street, Taubman 304, Cambridge, MA 02138. Tel: 617-495-7976; Fax: 617-496-4428; e-mail: pepg@fas.harvard.edu; Web site: http://www.ksg.harvard.edu/pepg/","Program on Education Policy and Governance, Harvard University",NA
R305A040043,ED498124,Civics Exam: Schools of Choice Boost Civic Values. PEPG/ 07-05,"Wolf, Patrick J.","Information Analyses,Reports - Evaluative",2007,"Program on Education Policy and Governance. Harvard University, Kennedy School of Government, 79 John F. Kennedy Street, Taubman 304, Cambridge, MA 02138. Tel: 617-495-7976; Fax: 617-496-4428; e-mail: pepg@fas.harvard.edu; Web site: http://www.ksg.harvard.edu/pepg/","Program on Education Policy and Governance, Harvard University",NA
R305A040043,ED511727,Instructional Conditions in Charter Schools and Students' Mathematics Achievement Gains. Research Brief,"Berends, Mark; Goldring, Ellen; Stein, Marc; Cravens, Xiu",Reports - Evaluative,2010,"National Center on School Choice, Vanderbilt University. Box 459 GPC, 230 Appleton Place, Nashville, TN 37203. Tel: 615-322-8107; Fax: 615-322-8828; Web site: http://www.vanderbilt.edu/schoolchoice","National Center on School Choice, Vanderbilt University (NJ1)",NA
R305A040043,ED509549,Charter Law and Charter Outcomes: Re-Examining the Charter School Marketplace,"Wong, Kenneth K.; Shen, Francis X.",Reports - Evaluative,2006,"National Center on School Choice, Vanderbilt University. Box 459 GPC, 230 Appleton Place, Nashville, TN 37203. Tel: 615-322-8107; Fax: 615-322-8828; Web site: http://www.vanderbilt.edu/schoolchoice","National Center on School Choice, Vanderbilt University (NJ1)",NA
R305A040043,ED494311,On the Public-Private School Achievement Debate. Faculty Research Working Papers Series,"Peterson, Paul E.; Llaudet, Elena","Reports - Evaluative,Speeches/Meeting Papers",2006,"Program on Education Policy and Governance. Harvard University, Kennedy School of Government, 79 John F. Kennedy Street, Taubman 304, Cambridge, MA 02138. Tel: 617-495-7976; Fax: 617-496-4428; e-mail: pepg@fas.harvard.edu; Web site: http://www.ksg.harvard.edu/pepg/","Program on Education Policy and Governance, Harvard University",NA
R305A040043,ED489769,Generational Change: Closing the Test Score Gap,"Peterson, Paul E., Ed.","Books,Collected Works - General,Information Analyses",2006,"Rowman & Littlefield Publishing Group, 4501 Forbes Blvd., Suite 200, Lanham, MD 20706. Tel: 800-462-6420 (Toll Free).",Rowman & Littlefield Education,http://www.rowmanlittlefield.com/ISBN/074254608X
R305A040043,ED504851,Charter Schools in New York City: Who Enrolls and How They Affect Their Students' Achievement. NBER Working Paper No. 14852,"Hoxby, Caroline M.; Murarka, Sonali",Reports - Descriptive,2009,"National Bureau of Economic Research. 1050 Massachusetts Avenue, Cambridge, MA 02138-5398. Tel: 617-588-0343; Web site: http://www.nber.org/cgi-bin/get_bars.pl?bar=pub",National Bureau of Economic Research,http://www.nber.org/papers/w14852
R305A040043,ED502722,New York City's Charter Schools Overall Report,"Hoxby, Caroline M.; Murarka, Sonali",Reports - Evaluative,2007,"National Bureau of Economic Research. 1050 Massachusetts Avenue, Cambridge, MA 02138-5398. Tel: 617-588-0343; Web site: http://www.nber.org/cgi-bin/get_bars.pl?bar=pub",National Bureau of Economic Research,http://www.nber.org
R305A040043,ED508258,Achievement Trade-Offs and No Child Left Behind. Working Paper,"Ballou, Dale; Springer, Matthew G.",Reports - Research,2009,"Urban Institute. 2100 M Street NW, Washington, DC 20037. Tel: 202-261-5687; Fax: 202-467-5775; Web site: http://www.urban.org",Urban Institute (NJ1),NA
R305A040043,ED508279,"Supplemental Educational Services and Student Test Score Gains: Evidence from a Large, Urban School District. Working Paper","Springer, Matthew G.; Pepper, Matthew J.; Ghosh-Dastidar, Bonnie","Reports - Research,Speeches/Meeting Papers",2009,"Urban Institute. 2100 M Street NW, Washington, DC 20037. Tel: 202-261-5687; Fax: 202-467-5775; Web site: http://www.urban.org",Urban Institute (NJ1),NA
R305A040043,ED500466,"Education Policy, Academic Research, and Public Opinion. AEI Future of American Education Project, Working Paper 2007-01","Howell, William G.","Information Analyses,Reports - Evaluative",2007,"American Enterprise Institute for Public Policy Research. 1150 Seventeenth Street NW, Washington, DC 20036. Tel: 202-862-5800; Fax: 202-862-7177; Web site: http://www.aei.org",American Enterprise Institute for Public Policy Research,https://www.aei.org/articles-op-eds/
R305A040043,ED465840,The Education Gap: Vouchers and Urban Schools.,"Howell, William G.; Peterson, Paul E.","Books,Reports - Evaluative",2002,"Brookings Institution Press, 1775 Massachusetts Avenue, N.W., Washington, DC 20036-2188 ($28.95). Tel: 202-797-6258; Tel: 800-275-1447 (Toll Free); Fax: 202-797-6004; Web site: http://www.brookings.edu.",NA,NA
R305A040043,ED529695,Handbook of Research on School Choice,"Berends, Mark, Ed.; Springer, Matthew G., Ed.; Ballou, Dale, Ed.; Walberg, Herbert J., Ed.","Books,Reports - Descriptive",2009,"Routledge, Taylor & Francis Group. 7625 Empire Drive, Florence, KY 41042. Tel: 800-634-7064; Fax: 800-248-4724; e-mail: cserve@routledge-ny.com; Web site: http://www.routledge.com","Routledge, Taylor & Francis Group",http://www.routledge.com/books/details/9780805862249/
R305A040043,ED530052,"Review of ""The Impact of a Universal Class-Size Reduction Policy: Evidence from Florida's Statewide Mandate""","Finn, Jeremy D.",Reports - Evaluative,2010,"Education and the Public Interest Center. School of Education, University of Colorado, Boulder, CO 80309. Tel: 303-447-EPIC; Fax: 303-492-7090; e-mail: epic@colorado.edu; Web site: http://www.colorado.edu/education/centersoutreach/epic.html",Education and the Public Interest Center,NA
R305A040043,ED543582,Teacher Turnover in Charter Schools. Research Brief,"Stuit, David; Smith, Thomas M.",Reports - Research,2010,"National Center on School Choice, Vanderbilt University. Box 459 GPC, 230 Appleton Place, Nashville, TN 37203. Tel: 615-322-8107; Fax: 615-322-8828; Web site: http://www.vanderbilt.edu/schoolchoice","National Center on School Choice, Vanderbilt University (NJ1)",NA
R305A040043,ED628592,School Choice: The Findings,"Walberg, Herbert J.","Books,Reports - Research",2006,"Cato Institute. 1000 Massachusetts Avenue NW, Washington, DC 20001-5403. Tel: 202-842-0200; Fax: 202-842-3490; e-mail: subscriptions@cato.org; Web site: http://www.cato.org",Cato Institute,https://www.cato.org/books/school-choice-findings
R305A040043,ED628681,Getting Choice Right: Ensuring Equity and Efficiency in Education Policy,"Betts, Julian R., Ed.; Loveless, Tom, Ed.","Books,Collected Works - General",2005,"Brookings Institution Press. 1775 Massachusetts Avenue NW, Washington, DC 20036. Tel: 202-797-6000; Fax: 202-797-6004; e-mail: webmaster@brookings.edu; Web site: https://www.brookings.edu/bipress/",Brookings Institution Press,https://www.brookings.edu/book/getting-choice-right/
R305A040043,ED628683,Schools and the Equal Opportunity Problem. CESifo Seminar Series,"Woessmann, Ludger, Ed.; Peterson, Paul E., Ed.","Books,Collected Works - General",2007,"MIT Press. 55 Hayward Street, Cambridge, MA 02142. Tel: 800-405-1619; Tel: 617-253-5646; Fax: 617-253-1709; e-mail: mitpress-orders@mit.edu; Web site: https://mitpress.mit.edu/",MIT Press,https://mitpress.mit.edu/9780262232579/schools-and-the-equal-opportunity-problem/
R305A040043,ED628708,Choice and Competition in American Education,"Peterson, Paul E., Ed.","Books,Collected Works - General",2005,"Rowman & Littlefield Publishers, Inc. 15200 NBN Way, P.O. Box 191, Blue Ridge Summit, PA 17214-0191. Tel: 800-462-6420; Fax: 800-338-4550; e-mail: custserv@rowman.com; Web site: http://rowman.com/RLPublishers",Rowman & Littlefield Publishers,https://rowman.com/ISBN/9780742545809/Choice-and-Competition-in-American-Education
R305A040043,ED628713,Charter School Outcomes,"Berends, Mark, Ed.; Springer, Matthew G., Ed.; Walberg, Herbert J., Ed.","Books,Collected Works - General",2007,"Routledge, Taylor & Francis Group. 7625 Empire Drive, Florence, KY 41042. Tel: 800-634-7064; Fax: 800-248-4724; e-mail: cserve@routledge-ny.com; Web site: http://www.routledge.com","Routledge, Taylor & Francis Group",https://www.routledge.com/Charter-School-Outcomes/Berends-Springer-Walberg/p/book/9780805862225
R305A040043,EJ535188,School Choice in Milwaukee.,"Peterson, Paul E.; And Others","Reports - Descriptive,Journal Articles",1996,NA,Public Interest,NA
R305A040043,EJ763307,Findings from the City of Big Shoulders: Younger Students Learn More in Charter Schools,"Hoxby, Caroline M.; Rockoff, Jonah E.","Journal Articles,Reports - Research",2005,"Hoover Institution. Stanford University, Stanford, CA 94305-6010. Tel: 800-935-2882; Fax: 650-723-8626; e-mail: educationnext@hoover.stanford.edu; Web site: http://www.hoover.org/publications/ednext",Education Next,http://www.hoover.org/publications/ednext/3397721.html
R305A040043,EJ763354,Is Your Child's School Effective?: Don't Rely on NCLB to Tell You,"Peterson, Paul E.; West, Martin R.","Journal Articles,Reports - Evaluative",2006,"Hoover Institution. Stanford University, Stanford, CA 94305-6010. Tel: 800-935-2882; Fax: 650-723-8626; e-mail: educationnext@hoover.stanford.edu; Web site: http://www.hoover.org/publications/ednext",Education Next,http://www.hoover.org/publications/ednext/3826496.html
R305A040043,EJ763364,The NCES Private-Public School Study: Findings Are Other than They Seem,"Peterson, Paul E.; Llaudet, Elena","Information Analyses,Journal Articles,Reports - Evaluative",2007,"Hoover Institution. Stanford University, Stanford, CA 94305-6010. Tel: 800-935-2882; Fax: 650-723-8626; e-mail: educationnext@hoover.stanford.edu; Web site: http://www.hoover.org/publications/ednext",Education Next,http://www.hoover.org/publications/ednext/4549956.html
R305A040043,EJ861071,The Persuadable Public,"Howell, William G.; Peterson, Paul E.; West, Martin R.","Journal Articles,Reports - Evaluative",2009,"Hoover Institution. Stanford University, Stanford, CA 94305-6010. Tel: 800-935-2882; Fax: 650-723-8626; e-mail: educationnext@hoover.stanford.edu; Web site: http://www.hoover.org/publications/ednext",Education Next,http://educationnext.org/persuadable-public/
R305A040043,EJ910571,Grading Schools,"Chingos, Matthew M.; Henderson, Michael; West, Martin","Journal Articles,Reports - Research",2010,"Hoover Institution. Stanford University, Stanford, CA 94305-6010. Tel: 800-935-2882; Fax: 650-723-8626; e-mail: educationnext@hoover.stanford.edu; Web site: http://educationnext.org/journal/",Education Next,http://educationnext.org/grading-schools/
R305A040043,EJ845836,Educating the Public,"Howell, William G.; West, Martin R.","Journal Articles,Reports - Descriptive",2009,"Hoover Institution. Stanford University, Stanford, CA 94305-6010. Tel: 800-935-2882; Fax: 650-723-8626; e-mail: educationnext@hoover.stanford.edu; Web site: http://www.hoover.org/publications/ednext",Education Next,http://www.hoover.org/publications/ednext/Educating_the_Public.html
R305A040043,EJ796148,"Is the Price ""Right""?","Howell, William G.; West, Martin R.","Journal Articles,Reports - Descriptive",2008,"Hoover Institution. Stanford University, Stanford, CA 94305-6010. Tel: 800-935-2882; Fax: 650-723-8626; e-mail: educationnext@hoover.stanford.edu; Web site: http://www.hoover.org/publications/ednext",Education Next,http://www.hoover.org/publications/ednext/18144279.html
R305A040043,EJ809282,"The 2008 ""Education Next""-PEPG Survey of Public Opinion","Howell, William G.; West, Martin R.; Peterson, Paul E.","Journal Articles,Reports - Research",2008,"Hoover Institution. Stanford University, Stanford, CA 94305-6010. Tel: 800-935-2882; Fax: 650-723-8626; e-mail: educationnext@hoover.stanford.edu; Web site: http://www.hoover.org/publications/ednext",Education Next,http://www.hoover.org/publications/ednext/26250734.html
R305A040043,EJ833455,For-Profit and Nonprofit Management in Philadelphia Schools,"Peterson, Paul E.; Chingos, Matthew M.","Journal Articles,Reports - Research",2009,"Hoover Institution. Stanford University, Stanford, CA 94305-6010. Tel: 800-935-2882; Fax: 650-723-8626; e-mail: educationnext@hoover.stanford.edu; Web site: http://www.hoover.org/publications/ednext",Education Next,http://www.hoover.org/publications/ednext/For-Profit_and_Nonprofit_Management_in_Philadelphia_Schools.html
R305A040043,EJ767503,Civics Exam: Schools of Choice Boost Civic Values,"Wolf, Patrick J.","Journal Articles,Reports - Evaluative",2007,"Hoover Institution. Stanford University, Stanford, CA 94305-6010. Tel: 800-935-2882; Fax: 650-723-8626; e-mail: educationnext@hoover.stanford.edu; Web site: http://www.hoover.org/publications/ednext",Education Next,http://www.hoover.org/publications/ednext/7273471.html
R305A040043,EJ780981,Accountability Incentives: Do Schools Practice Educational Triage?,"Springer, Matthew G.","Journal Articles,Reports - Research",2008,"Hoover Institution. Stanford University, Stanford, CA 94305-6010. Tel: 800-935-2882; Fax: 650-723-8626; e-mail: educationnext@hoover.stanford.edu; Web site: http://www.hoover.org/publications/ednext",Education Next,http://www.hoover.org/publications/ednext/10720326.html
R305A040043,EJ774991,"What Americans Think about Their Schools: The 2007 ""Education Next""-PEPG Survey","Howell, William G.; West, Martin R.; Peterson, Paul E.","Journal Articles,Numerical/Quantitative Data,Reports - Research",2007,"Hoover Institution. Stanford University, Stanford, CA 94305-6010. Tel: 800-935-2882; Fax: 650-723-8626; e-mail: educationnext@hoover.stanford.edu; Web site: http://www.hoover.org/publications/ednext",Education Next,http://www.hoover.org/publications/ednext/8768237.html#136432
R305A040056,EJ1227215,The Postsecondary Educational Plans of Rural Youth with Disabilities and Their Nondisabled Peers,"Weiss, Margaret P.; Hutchins, Bryan C.; Meece, Judith L.","Journal Articles,Reports - Research",2012,"SAGE Publications and Hammill Institute on Disabilities. 2455 Teller Road, Thousand Oaks, CA 91320. Tel: 800-818-7243; Tel: 805-499-9774; Fax: 800-583-2665; e-mail: journals@sagepub.com; Web site: http://sagepub.com",Career Development and Transition for Exceptional Individuals,NA
R305A040056,ED588204,Self- and Peer-Identified Victims in Late Childhood: Differences in Perceptions of the School Ecology,"Dawes, Molly; Chen, Chin-Chih; Farmer, Thomas W.; Hamm, Jill V.",Reports - Research,2017,NA,Grantee Submission,NA
R305A040056,ED597076,Examining the Postsecondary Decision-Making Behaviors of Rural Latina/o Youth and Factors That Predict Enrollment,"Ramirez, Nestor Alexis; Meece, Judith L.","Speeches/Meeting Papers,Reports - Research",2017,"AERA Online Paper Repository. Available from: American Educational Research Association. 1430 K Street NW Suite 1200, Washington, DC 20005. Tel: 202-238-3200; Fax: 202-238-3250; e-mail: subscriptions@aera.net; Web site: http://www.aera.net",AERA Online Paper Repository,http://www.aera.net/Publications/Online-Paper-Repository/AERA-Online-Paper-Repository
R305A040082,ED519120,Effects of Cooperative Writing with Embedded Multimedia: A Randomized Experiment,"Madden, Nancy A.; Slavin, Robert E.; Logan, Michele",Reports - Research,2011,"Society for Research on Educational Effectiveness. 2040 Sheridan Road, Evanston, IL 60208. Tel: 202-495-0920; Fax: 202-640-4401; e-mail: inquiries@sree.org; Web site: http://www.sree.org",Society for Research on Educational Effectiveness,NA
R305A040082,ED527574,Beyond the Basics: Effective Reading Programs for the Upper Elementary Grades,"Slavin, Robert E.; Lake, Cynthia; Cheung, Alan; Davis, Susan",Reports - Evaluative,2009,"Center for Data-Driven Reform in Education. Johns Hopkins University, 200 West Towsontown Boulevard, Baltimore, MD 21204. Web site: http://www.education.jhu.edu/crre",Center for Data-Driven Reform in Education,http://www.bestevidence.org/reading/upper_elem/upper_elem_read.htm
R305A040082,ED527634,Effective Programs for Struggling Readers: A Best-Evidence Synthesis,"Slavin, Robert E.; Lake, Cynthia; Davis, Susan; Madden, Nancy A.",Reports - Evaluative,2009,"Center for Data-Driven Reform in Education. Johns Hopkins University, 200 West Towsontown Boulevard, Baltimore, MD 21204. Web site: http://www.education.jhu.edu/crre",Center for Data-Driven Reform in Education,http://www.bestevidence.org/reading/strug/strug_read.htm
R305A040082,ED527637,Effective Reading Programs for the Elementary Grades: A Best-Evidence Synthesis,"Slavin, Robert E.; Lake, Cynthia; Chambers, Bette; Cheung, Alan; Davis, Susan","Information Analyses,Reports - Evaluative",2010,"Center for Data-Driven Reform in Education. Johns Hopkins University, 200 West Towsontown Boulevard, Baltimore, MD 21204. Web site: http://www.education.jhu.edu/crre",Center for Data-Driven Reform in Education (NJ1),http://www.bestevidence.org/reading/elem_read/elem_read.htm
R305A040082,ED527638,Effective Beginning Reading Programs: A Best-Evidence Synthesis,"Slavin, Robert E.; Lake, Cynthia; Chambers, Bette; Cheung, Alan; Davis, Susan",Reports - Evaluative,2009,"Center for Data-Driven Reform in Education. Johns Hopkins University, 200 West Towsontown Boulevard, Baltimore, MD 21204. Web site: http://www.education.jhu.edu/crre",Center for Data-Driven Reform in Education,http://www.bestevidence.org/reading/begin_read/begin_read.htm
R305A040082,ED483806,A Synthesis of Research on Language of Reading Instruction for English Language Learners.,"Slavin, Robert E.; Cheung, Alan",Reports - Evaluative,2004,NA,Success for All Foundation,NA
R305A040082,ED539695,Effective Programs for Elementary Science: A Best-Evidence Synthesis,"Slavin, Robert E.; Lake, Cynthia; Hanley, Pam; Thurston, Allen",Reports - Evaluative,2012,"Center for Research and Reform in Education. Available from: School of Education Johns Hopkins University. 200 West Towsontown Boulevard, Baltimore, MD 21204. Tel: 410-616-2407; Fax: 410-324-4444; e-mail: thebee@bestevidence.org; Web site: http://education.jhu.edu/research/crre",Center for Research and Reform in Education,http://www.bestevidence.org/word/elem_science_Jun_13_2012.pdf
R305A040082,ED539713,Effective Reading Programs for Spanish Dominant English Language Learners (ELLs) in the Elementary Grades: A Synthesis of Research. Educator's Summary,NA,Reports - Evaluative,2012,"Center for Research and Reform in Education. Available from: School of Education Johns Hopkins University. 200 West Towsontown Boulevard, Baltimore, MD 21204. Tel: 410-616-2407; Fax: 410-324-4444; e-mail: thebee@bestevidence.org; Web site: http://education.jhu.edu/research/crre",Center for Research and Reform in Education,http://www.bestevidence.org/word/ell_read_Jun_14_2012_sum.pdf
R305A040082,ED539714,Effects of Educational Technology Applications on Reading Outcomes for Struggling Readers: A Best Evidence Synthesis,"Cheung, Alan C. K.; Slavin, Robert E.",Reports - Evaluative,2012,"Center for Research and Reform in Education. Available from: School of Education Johns Hopkins University. 200 West Towsontown Boulevard, Baltimore, MD 21204. Tel: 410-616-2407; Fax: 410-324-4444; e-mail: thebee@bestevidence.org; Web site: http://education.jhu.edu/research/crre",Center for Research and Reform in Education,http://www.bestevidence.org/word/tech_strug_read_Jul_18_2012.pdf
R305A040082,ED539723,Reading and Language Outcomes of a Five-Year Randomized Evaluation of Transitional Bilingual Education,"Slavin, Robert E.; Madden, Nancy; Calderon, Margarita; Chamberlain, Anne; Hennessy, Megan",Reports - Research,2010,"Center for Research and Reform in Education. Available from: School of Education Johns Hopkins University. 200 West Towsontown Boulevard, Baltimore, MD 21204. Tel: 410-616-2407; Fax: 410-324-4444; e-mail: thebee@bestevidence.org; Web site: http://education.jhu.edu/research/crre",Center for Research and Reform in Education,http://www.bestevidence.org/word/bilingual_education_Apr_22_2010.pdf
R305A040082,ED537972,Effective Programs in Elementary Mathematics: A Best-Evidence Synthesis. Educator's Summary,NA,Reports - Evaluative,2009,"Center for Data-Driven Reform in Education. Johns Hopkins University, 200 West Towsontown Boulevard, Baltimore, MD 21204. Web site: http://www.cddre.org/",Center for Data-Driven Reform in Education (NJ3),http://www.bestevidence.org/word/elem_math_Mar_11_2009_sum.pdf
R305A040082,EJ737281,A Synthesis of Research on Language of Reading Instruction for English Language Learners,"Slavin, Robert E.; Cheung, Alan","Journal Articles,Reports - Descriptive",2005,"American Educational Research Association. 1230 17th St. NW, Washington, DC 20036-3078. Tel: 202-223-9485; Fax: 202-775-1824; e-mail: subscriptions@aera.net; Web site: http://www.aera.net.",Review of Educational Research,http://www.aera.net/publications/?id=319
R305A040082,EJ844603,Evidence-Based Reform in Education: Promise and Pitfalls,"Slavin, Robert E.","Journal Articles,Opinion Papers",2005,"Mid-Western Educational Research Association. P.O. Box 34421, Chicago, IL 60634-0421. Tel: 419-372-7401; Fax: 419-372-2828; e-mail: mer@bgsu.edu; Web site: http://www.mwera.org",Mid-Western Educational Researcher,http://www.mwera.org/mwer/browse.php
R305A040082,EJ742512,Effective Reading Programs for English Language Learners and Other Language-Minority Students,"Cheung, Alan; Slavin, Robert E.","Journal Articles,Reports - Evaluative",2005,"National Association for Bilingual Education. 1030 15th Street NW, Suite 470, Washington, DC 20005. Tel: 202-898-1829; Fax: 202-789-2866; E-mail: nabe@nabe.org; Web site: http://www.nabe.org/publications.html.",Bilingual Research Journal,http://brj.asu.edu/content/vol29_no2/abstracts.html
R305A050004,ED502283,Issues in Assessing English Language Learners: English Language Proficiency Measures and Accommodation Uses. Literature Review (Part 1 of 3). CRESST Report 731,"Wolf, Mikyung Kim; Kao, Jenny; Herman, Joan; Bachman, Lyle F.; Bailey, Alison; Bachman, Patina L.; Farnsworth, Tim; Chang, Sandy M.",Information Analyses,2008,"National Center for Research on Evaluation, Standards, and Student Testing (CRESST). 300 Charles E Young Drive N, GSE&IS Building 3rd Floor, Mailbox 951522, Los Angeles, CA 90095-1522. Tel: 310-206-1532; Fax: 310-825-3883; Web site: http://www.cresst.org","National Center for Research on Evaluation, Standards, and Student Testing (CRESST)",NA
R305A050004,ED502284,Issues in Assessing English Language Learners: English Language Proficiency Measures   and Accommodation Uses. Practice Review (Part 2 of 3). CRESST Report 732,"Wolf, Mikyung Kim; Kao, Jenny; Griffin, Noelle; Herman, Joan L.; Bachman, Patina L.; Chang, Sandy M.; Farnsworth, Tim",Reports - Evaluative,2008,"National Center for Research on Evaluation, Standards, and Student Testing (CRESST). 300 Charles E Young Drive N, GSE&IS Building 3rd Floor, Mailbox 951522, Los Angeles, CA 90095-1522. Tel: 310-206-1532; Fax: 310-825-3883; Web site: http://www.cresst.org","National Center for Research on Evaluation, Standards, and Student Testing (CRESST)",NA
R305A050004,ED502627,Providing Validity Evidence to Improve the Assessment of English Language Learners. CRESST Report 738,"Wolf, Mikyung Kim; Herman, Joan L.; Kim, Jinok; Abedi, Jamal; Leon, Seth; Griffin, Noelle; Bachman, Patina L.; Chang, Sandy M.; Farnsworth, Tim; Jung, Hyekyung; Nollner, Julie; Shin, Hye Won","Collected Works - General,Reports - Research",2008,"National Center for Research on Evaluation, Standards, and Student Testing (CRESST). 300 Charles E Young Drive N, GSE&IS Building 3rd Floor, Mailbox 951522, Los Angeles, CA 90095-1522. Tel: 310-206-1532; Fax: 310-825-3883; Web site: http://www.cresst.org","National Center for Research on Evaluation, Standards, and Student Testing (CRESST)",NA
R305A050004,ED502628,Templates and Objects in Authoring Problem-Solving Assessments. CRESST Report 735,"Vendlinski, Terry P.; Baker, Eva L.; Niemi, David",Reports - Evaluative,2008,"National Center for Research on Evaluation, Standards, and Student Testing (CRESST). 300 Charles E Young Drive N, GSE&IS Building 3rd Floor, Mailbox 951522, Los Angeles, CA 90095-1522. Tel: 310-206-1532; Fax: 310-825-3883; Web site: http://www.cresst.org","National Center for Research on Evaluation, Standards, and Student Testing (CRESST)",NA
R305A050004,ED502629,Testing One Premise of Scientific Inquiry in Science Classrooms: A Study That Examines Students' Scientific Explanations. CRESST Report 733,"Ruiz-Primo, Maria Araceli; Li, Min; Tsai, Shin-Ping; Schneider, Julie",Reports - Evaluative,2008,"National Center for Research on Evaluation, Standards, and Student Testing (CRESST). 300 Charles E Young Drive N, GSE&IS Building 3rd Floor, Mailbox 951522, Los Angeles, CA 90095-1522. Tel: 310-206-1532; Fax: 310-825-3883; Web site: http://www.cresst.org","National Center for Research on Evaluation, Standards, and Student Testing (CRESST)",NA
R305A050004,ED502631,Using Data and Big Ideas: Teaching Distribution as an Instance of Repeated Addition. CRESST Report 734,"Vendlinski, Terry P.; Howard, Keith E.; Hemberg, Bryan C.; Vinyard, Laura; Martel, Annabel; Kyriacou, Elizabeth; Casper, Jennifer; Chai, Yourim; Phelan, Julia C.; Baker, Eva L.",Reports - Descriptive,2008,"National Center for Research on Evaluation, Standards, and Student Testing (CRESST). 300 Charles E Young Drive N, GSE&IS Building 3rd Floor, Mailbox 951522, Los Angeles, CA 90095-1522. Tel: 310-206-1532; Fax: 310-825-3883; Web site: http://www.cresst.org","National Center for Research on Evaluation, Standards, and Student Testing (CRESST)",NA
R305A050004,ED499421,Accountability and Assessment: Is Public Interest in K-12 Education Being Served? CRESST Report 728,"Herman, Joan L.","Information Analyses,Reports - Evaluative",2007,"National Center for Research on Evaluation, Standards, and Student Testing (CRESST). 300 Charles E Young Drive N, GSE&IS Building 3rd Floor, Mailbox 951522, Los Angeles, CA 90095-1522. Tel: 310-206-1532; Fax: 310-825-3883; Web site: http://www.cresst.org","National Center for Research on Evaluation, Standards, and Student Testing (CRESST)",NA
R305A050004,ED507083,Some Aspects of the Technical Quality of Formative Assessments in Middle School Mathematics. CRESST Report 750,"Phelan, Julia; Kang, Taehoon; Niemi, David N.; Vendlinski, Terry; Choi, Kilchan",Reports - Evaluative,2009,"National Center for Research on Evaluation, Standards, and Student Testing (CRESST). 300 Charles E Young Drive N, GSE&IS Building 3rd Floor, Mailbox 951522, Los Angeles, CA 90095-1522. Tel: 310-206-1532; Fax: 310-825-3883; Web site: http://www.cresst.org","National Center for Research on Evaluation, Standards, and Student Testing (CRESST)",NA
R305A050004,ED571793,Towards Individualized Instruction with Technology-Enabled Tools and Methods: An Exploratory Study. CRESST Report 854,"Chung, Gregory K. W. K.; Delacruz, Girlie C.; Dionne, Gary B.; Baker, Eva L.; Lee, John J.; Osmundson, Ellen",Reports - Research,2016,"National Center for Research on Evaluation, Standards, and Student Testing (CRESST). 300 Charles E Young Drive N, GSE&IS Building 3rd Floor, Mailbox 951522, Los Angeles, CA 90095-1522. Tel: 310-206-1532; Fax: 310-825-3883; Web site: http://www.cresst.org","National Center for Research on Evaluation, Standards, and Student Testing (CRESST)",NA
R305A050056,ED513343,Generating Knowledge of Academic Language among Urban Middle School Students,"Snow, Catherine E.; Lawrence, Joshua F.; White, Claire",Reports - Research,2010,"Society for Research on Educational Effectiveness. 2040 Sheridan Road, Evanston, IL 60208. Tel: 202-495-0920; Fax: 202-640-4401; e-mail: inquiries@sree.org; Web site: http://www.sree.org",Society for Research on Educational Effectiveness,NA
R305A050056,ED513407,The Impact of an Instructional Intervention on the Science and Language Learning of Middle Grade English Language Learners,"August, Diane; Branum-Martin, Lee; Cardenas-Hagan, Elsa; Francis, David",Reports - Research,2010,"Society for Research on Educational Effectiveness. 2040 Sheridan Road, Evanston, IL 60208. Tel: 202-495-0920; Fax: 202-640-4401; e-mail: inquiries@sree.org; Web site: http://www.sree.org",Society for Research on Educational Effectiveness,NA
R305A050056,ED549139,Effective Practices for Increasing the Achievement of English Learners. CREATE Brief,"Echevarría, Jana",Reports - Research,2012,Center for Research on the Educational Achievement and Teaching of English Language Learners. Web site: http://www.cal.org/create/publications/briefs/index.html,Center for Research on the Educational Achievement and Teaching of English Language Learners,NA
R305A050056,ED549143,CREATE: A Comprehensive Model for Instruction of Academic Language and Literacy in the Content Areas. CREATE Brief,"Duguay, Annie",Reports - Research,2012,Center for Research on the Educational Achievement and Teaching of English Language Learners. Web site: http://www.cal.org/create/publications/briefs/index.html,Center for Research on the Educational Achievement and Teaching of English Language Learners,NA
R305A050056,ED549147,Using Literacy Coaching to Promote the Teaching and Learning of English Learners in Content Areas. CREATE Brief,"Reutebuch, Colleen K.",Reports - Descriptive,2012,Center for Research on the Educational Achievement and Teaching of English Language Learners. Web site: http://www.cal.org/create/publications/briefs/index.html,Center for Research on the Educational Achievement and Teaching of English Language Learners,NA
R305A050056,ED549149,The SIOP Model: A Professional Development Framework for a Comprehensive School-Wide Intervention. CREATE Brief,"Echevarría, Jana; Short, Deborah J.",Reports - Research,2011,Center for Research on the Educational Achievement and Teaching of English Language Learners. Web site: http://www.cal.org/create/publications/briefs/index.html,Center for Research on the Educational Achievement and Teaching of English Language Learners,NA
R305A050056,ED549153,Improving Reading across Subject Areas with Word Generation. CREATE Brief,"Lawrence, Joshua F.; White, Claire; Snow, Catherine E.",Reports - Research,2011,Center for Research on the Educational Achievement and Teaching of English Language Learners. Web site: http://www.cal.org/create/publications/briefs/index.html,Center for Research on the Educational Achievement and Teaching of English Language Learners,NA
R305A050056,ED549172,Effective Social Studies Instruction to Promote Knowledge Acquisition and Vocabulary Learning of English Language Learners in the Middle Grades. CREATE Brief,"Reutebuch, Colleen Klein",Reports - Descriptive,2010,Center for Research on the Educational Achievement and Teaching of English Language Learners. Web site: http://www.cal.org/create/publications/briefs/index.html,Center for Research on the Educational Achievement and Teaching of English Language Learners,NA
R305A050056,ED549174,Improving Science and Vocabulary Learning of English Language Learners. CREATE Brief,"August, Diane; Artzi, Lauren; Mazrum, Julie",Reports - Research,2010,Center for Research on the Educational Achievement and Teaching of English Language Learners. Web site: http://www.cal.org/create/publications/briefs/index.html,Center for Research on the Educational Achievement and Teaching of English Language Learners,NA
R305A050056,ED549176,Response to Intervention and English Learners. CREATE Brief,"Echevarria, Jana; Hasbrouck, Jan",Reports - Descriptive,2009,Center for Research on the Educational Achievement and Teaching of English Language Learners. Web site: http://www.cal.org/create/publications/briefs/index.html,Center for Research on the Educational Achievement and Teaching of English Language Learners,NA
R305A050056,ED549177,Using the SIOP Model to Improve Middle School Science Instruction. CREATE Brief,"Himmel, Jennifer; Short, Deborah J.; Richards, Catherine; Echevarria, Jana",Reports - Descriptive,2009,Center for Research on the Educational Achievement and Teaching of English Language Learners. Web site: http://www.cal.org/create/publications/briefs/index.html,Center for Research on the Educational Achievement and Teaching of English Language Learners,NA
R305A050056,ED571513,Extended Discourse in First and Second Language Acquisition: A Challenge and an Opportunity,"Snow, Catherine E.","Journal Articles,Speeches/Meeting Papers,Reports - Research",2014,NA,Grantee Submission,NA
R305A050056,ED628561,Teaching Vocabulary to English Language Learners. Language and Literacy Series,"Graves, Michael F.; August, Diane; Mancilla-Martinez, Jeannette","Books,Guides - Classroom - Teacher",2012,"Teachers College Press. 1234 Amsterdam Avenue, New York, NY 10027. Tel: 800-575-6566; Fax: 802-864-7626; e-mail: tcp.orders@aidcvt.com; Web site: http://www.tcpress.com",Teachers College Press,https://www.tcpress.com/teaching-vocabulary-to-english-language-learners-9780807753750?page_id=88
R305A060010,ED525149,Getting Ready for College: An Implementation and Early Impacts Study of Eight Texas Developmental Summer Bridge Programs,"Wathington, Heather D.; Barnett, Elisabeth A.; Weissman, Evan; Teres, Jedediah; Pretlow, Joshua; Nakanishi, Aki",Reports - Research,2011,"National Center for Postsecondary Research. Teachers College, Columbia University, Box 174, 525 West 120th Street, New York, NY 10027. Tel: 212-678-3091; Fax: 212-678-3699; e-mail: ncpr@columbia.edu; Web site: http://www.postsecondaryresearch.org/",National Center for Postsecondary Research,NA
R305A060010,ED522631,Breaking New Ground: An Impact Study of Career-Focused Learning Communities at Kingsborough Community College,"Visher, Mary G.; Teres, Jedediah",Reports - Research,2011,"National Center for Postsecondary Research. Teachers College, Columbia University, Box 174, 525 West 120th Street, New York, NY 10027. Tel: 212-678-3091; Fax: 212-678-3699; e-mail: ncpr@columbia.edu; Web site: http://www.postsecondaryresearch.org/",National Center for Postsecondary Research,NA
R305A060010,ED521471,Unlocking the Gate: What We Know about Improving Developmental Education,"Rutschow, Elizabeth Zachry; Schneider, Emily",Information Analyses,2011,"MDRC. 16 East 34th Street 19th Floor, New York, NY 10016-4326. Tel: 212-532-3200; Fax: 212-684-0832; e-mail: publications@mdrc.org; Web site: http://www.mdrc.org",MDRC,NA
R305A060010,ED512610,Does Remediation Work for All Students? How the Effects of Postsecondary Remedial and Developmental Courses Vary by Level of Academic Preparation. An NCPR Working Paper,"Boatman, Angela; Long, Bridget Terry",Reports - Evaluative,2010,"National Center for Postsecondary Research. Teachers College, Columbia University, Box 174, 525 West 120th Street, New York, NY 10027. Tel: 212-678-3091; Fax: 212-678-3699; e-mail: ncpr@columbia.edu; Web site: http://www.postsecondaryresearch.org/",National Center for Postsecondary Research,NA
R305A060010,ED512710,Learning Communities for Students in Developmental Reading: An Impact Study at Hillsborough Community College. NCPR Brief,"Weiss, Michael J.; Visher, Mary G.; Wathington, Heather",Reports - Research,2010,"National Center for Postsecondary Research. Teachers College, Columbia University, Box 174, 525 West 120th Street, New York, NY 10027. Tel: 212-678-3091; Fax: 212-678-3699; e-mail: ncpr@columbia.edu; Web site: http://www.postsecondaryresearch.org/",National Center for Postsecondary Research,NA
R305A060010,ED516646,Learning Communities for Students in Developmental Math: Impact Studies at Queensborough and Houston Community Colleges,"Weissman, Evan; Butcher, Kristin F.; Schneider, Emily; Teres, Jedediah; Collado, Herbert; Greenberg, David",Reports - Evaluative,2011,"National Center for Postsecondary Research. Teachers College, Columbia University, Box 174, 525 West 120th Street, New York, NY 10027. Tel: 212-678-3091; Fax: 212-678-3699; e-mail: ncpr@columbia.edu; Web site: http://www.postsecondaryresearch.org/",National Center for Postsecondary Research,NA
R305A060010,ED511989,The Role of Simplification and Information in College Decisions: Results and Implications from the H&R Block FAFSA Experiment. An NCPR Working Paper,"Bettinger, Eric P.; Long, Bridget Terry; Oreopoulos, Philip; Sanbonmatsu, Lisa",Reports - Evaluative,2009,"National Center for Postsecondary Research. Teachers College, Columbia University, Box 174, 525 West 120th Street, New York, NY 10027. Tel: 212-678-3091; Fax: 212-678-3699; e-mail: ncpr@columbia.edu; Web site: http://www.postsecondaryresearch.org/",National Center for Postsecondary Research,NA
R305A060010,ED510037,The Role of Simplification and Information in College Decisions: Results from the H&R Block FAFSA Experiment. NBER Working Paper No. 15361,"Bettinger, Eric P.; Long, Bridget Terry; Oreopoulos, Philip; Sanbonmatsu, Lisa",Reports - Research,2009,"National Bureau of Economic Research. 1050 Massachusetts Avenue, Cambridge, MA 02138-5398. Tel: 617-588-0343; Web site: http://www.nber.org",National Bureau of Economic Research,http://www.nber.org/papers/w15361
R305A060010,ED509307,Scaling up Learning Communities: The Experience of Six Community Colleges,"Visher, Mary G.; Schneider, Emily; Wathington, Heather; Collado, Herbert",Reports - Evaluative,2010,"National Center for Postsecondary Research. Teachers College, Columbia University, Box 174, 525 West 120th Street, New York, NY 10027. Tel: 212-678-3091; Fax: 212-678-3699; e-mail: ncpr@columbia.edu; Web site: http://www.postsecondaryresearch.org/",National Center for Postsecondary Research,NA
R305A060010,ED510961,Learning Communities for Students in Developmental Reading: An Impact Study at Hillsborough Community College,"Weiss, Michael J.; Visher, Mary G.; Wathington, Heather",Reports - Research,2010,"National Center for Postsecondary Research. Teachers College, Columbia University, Box 174, 525 West 120th Street, New York, NY 10027. Tel: 212-678-3091; Fax: 212-678-3699; e-mail: ncpr@columbia.edu; Web site: http://www.postsecondaryresearch.org/",National Center for Postsecondary Research,NA
R305A060010,ED506374,Evaluating the Impact of Remedial Education in Florida Community Colleges: A Quasi-Experimental Regression Discontinuity Design. NCPR Brief,"Calcagno, Juan Carlos; Long, Bridget Terry",Reports - Evaluative,2009,"National Center for Postsecondary Research. Teachers College, Columbia University, Box 174, 525 West 120th Street, New York, NY 10027. Tel: 212-678-3091; Fax: 212-678-3699; e-mail: ncpr@columbia.edu; Web site: http://www.tc.columbia.edu/centers/ncpr/",National Center for Postsecondary Research,NA
R305A060010,ED501555,What is Known about the Impact of Financial Aid? Implications for Policy. An NCPR Working Paper,"Long, Bridget Terry",Information Analyses,2008,"National Center for Postsecondary Research. Teachers College, Columbia University, Box 174, 525 West 120th Street, New York, NY 10027. Tel: 212-678-3091; Fax: 212-678-3699; e-mail: ncpr@columbia.edu; Web site: http://www.tc.columbia.edu/centers/ncpr/",National Center for Postsecondary Research,NA
R305A060010,ED501563,"The Learning Communities Demonstration: Rationale, Sites, and Research Design. An NCPR Working Paper","Visher, Mary G.; Wathington, Heather; Richburg-Hayes, Lashawn; Schneider, Emily",Reports - Descriptive,2008,"National Center for Postsecondary Research. Teachers College, Columbia University, Box 174, 525 West 120th Street, New York, NY 10027. Tel: 212-678-3091; Fax: 212-678-3699; e-mail: ncpr@columbia.edu; Web site: http://www.tc.columbia.edu/centers/ncpr/",National Center for Postsecondary Research,NA
R305A060010,ED550506,Evaluating Institutional Efforts to Streamline Postsecondary Remediation: The Causal Effects of the Tennessee Developmental-Course Redesign Initiative on Early Student Academic Success,"Boatman, Angela",Dissertations/Theses - Doctoral Dissertations,2012,"ProQuest LLC. 789 East Eisenhower Parkway, P.O. Box 1346, Ann Arbor, MI 48106. Tel: 800-521-0600; Web site: http://www.proquest.com/en-US/products/dissertations/individuals.shtml",ProQuest LLC,http://gateway.proquest.com/openurl?url_ver=Z39.88-2004&rft_val_fmt=info:ofi/fmt:kev:mtx:dissertation&res_dat=xri:pqm&rft_dat=xri:pqdiss:3535064
R305A060010,ED529251,Learning Communities for Students in Developmental English: Impact Studies at Merced College and the Community College of Baltimore County,"Weissman, Evan; Cullinan, Dan; Cerna, Oscar; Safran, Stephanie; Richman, Phoebe",Reports - Research,2012,"National Center for Postsecondary Research. Teachers College, Columbia University, Box 174, 525 West 120th Street, New York, NY 10027. Tel: 212-678-3091; Fax: 212-678-3699; e-mail: ncpr@columbia.edu; Web site: http://www.postsecondaryresearch.org/",National Center for Postsecondary Research,NA
R305A060010,ED533824,Bridging the Gap: An Impact Study of Eight Developmental Summer Bridge Programs in Texas,"Barnett, Elisabeth A.; Bork, Rachel Hare; Mayer, Alexander K.; Pretlow, Joshua; Wathington, Heather D.; Weiss, Madeline Joy",Reports - Research,2012,"National Center for Postsecondary Research. Teachers College, Columbia University, Box 174, 525 West 120th Street, New York, NY 10027. Tel: 212-678-3091; Fax: 212-678-3699; e-mail: ncpr@columbia.edu; Web site: http://www.postsecondaryresearch.org/",National Center for Postsecondary Research,NA
R305A060010,ED533825,The Effects of Learning Communities for Students in Developmental Education: A Synthesis of Findings from Six Community Colleges,"Visher, Mary G.; Weiss, Michael J.; Weissman, Evan; Rudd, Timothy; Wathington, Heather D.",Reports - Research,2012,"National Center for Postsecondary Research. Teachers College, Columbia University, Box 174, 525 West 120th Street, New York, NY 10027. Tel: 212-678-3091; Fax: 212-678-3699; e-mail: ncpr@columbia.edu; Web site: http://www.postsecondaryresearch.org/",National Center for Postsecondary Research,NA
R305A060010,ED533873,Bridging College and Careers: Using Dual Enrollment to Enhance Career and Technical Education Pathways. An NCPR Working Paper,"Rodriguez, Olga; Hughes, Katherine L.; Belfield, Clive","Numerical/Quantitative Data,Reports - Research",2012,"National Center for Postsecondary Research. Teachers College, Columbia University, Box 174, 525 West 120th Street, New York, NY 10027. Tel: 212-678-3091; Fax: 212-678-3699; e-mail: ncpr@columbia.edu; Web site: http://www.postsecondaryresearch.org/",National Center for Postsecondary Research,NA
R305A060010,ED533913,Scaling up Learning Communities: The Experience of Six Community Colleges. Executive Summary,"Visher, Mary G.; Schneider, Emily; Wathington, Heather; Collado, Herbert",Reports - Research,2010,"National Center for Postsecondary Research. Teachers College, Columbia University, Box 174, 525 West 120th Street, New York, NY 10027. Tel: 212-678-3091; Fax: 212-678-3699; e-mail: ncpr@columbia.edu; Web site: http://www.postsecondaryresearch.org/",National Center for Postsecondary Research,NA
R305A060010,ED533916,Evaluating Institutional Efforts to Streamline Postsecondary Remediation: The Causal Effects of the Tennessee Developmental Course Redesign Initiative on Early Student Academic Success. An NCPR Working Paper,"Boatman, Angela",Reports - Research,2012,"National Center for Postsecondary Research. Teachers College, Columbia University, Box 174, 525 West 120th Street, New York, NY 10027. Tel: 212-678-3091; Fax: 212-678-3699; e-mail: ncpr@columbia.edu; Web site: http://www.postsecondaryresearch.org/",National Center for Postsecondary Research,NA
R305A060010,ED527527,High School Dual Enrollment Programs: Are We Fast-Tracking Students Too Fast? An NCPR Working Paper,"Speroni, Cecilia","Numerical/Quantitative Data,Reports - Research",2011,"National Center for Postsecondary Research. Teachers College, Columbia University, Box 174, 525 West 120th Street, New York, NY 10027. Tel: 212-678-3091; Fax: 212-678-3699; e-mail: ncpr@columbia.edu; Web site: http://www.postsecondaryresearch.org/",National Center for Postsecondary Research,NA
R305A060010,ED527528,Determinants of Students' Success: The Role of Advanced Placement and Dual Enrollment Programs. An NCPR Working Paper,"Speroni, Cecilia",Reports - Research,2011,"National Center for Postsecondary Research. Teachers College, Columbia University, Box 174, 525 West 120th Street, New York, NY 10027. Tel: 212-678-3091; Fax: 212-678-3699; e-mail: ncpr@columbia.edu; Web site: http://www.postsecondaryresearch.org/",National Center for Postsecondary Research,NA
R305A060010,ED532393,Preparing High School Students for College: An Exploratory Study of College Readiness Partnership Programs in Texas,"Barnett, Elisabeth A.; Corrin, William; Nakanishi, Aki; Bork, Rachel Hare; Mitchell, Claire; Sepanik, Susan",Reports - Research,2012,"National Center for Postsecondary Research. Teachers College, Columbia University, Box 174, 525 West 120th Street, New York, NY 10027. Tel: 212-678-3091; Fax: 212-678-3699; e-mail: ncpr@columbia.edu; Web site: http://www.postsecondaryresearch.org/",National Center for Postsecondary Research,NA
R305A060010,ED549164,The Common Core State Standards: Implications for Community Colleges and Student Preparedness for College. An NCPR Working Paper,"Barnett, Elisabeth A.; Fay, Maggie P.",Reports - Research,2013,"National Center for Postsecondary Research. Teachers College, Columbia University, Box 174, 525 West 120th Street, New York, NY 10027. Tel: 212-678-3091; Fax: 212-678-3699; e-mail: ncpr@columbia.edu; Web site: http://www.postsecondaryresearch.org/",National Center for Postsecondary Research,NA
R305A060010,ED549167,"Looking beyond Enrollment: The Causal Effect of Need-Based Grants on College Access, Persistence, and Graduation. An NCPR Working Paper","Castleman, Benjamin L.; Long, Bridget Terry",Reports - Research,2013,"National Center for Postsecondary Research. Teachers College, Columbia University, Box 174, 525 West 120th Street, New York, NY 10027. Tel: 212-678-3091; Fax: 212-678-3699; e-mail: ncpr@columbia.edu; Web site: http://www.postsecondaryresearch.org/",National Center for Postsecondary Research,NA
R305A060010,ED539169,Preparing Students for College Learning and Work: Investigating the Capstone Course Component of Virginia's College and Career Readiness Initiative. An NCPR Working Paper,"Wathington, Heather D.; Barnett, Elisabeth A.; Fay, Maggie P.; Mitchell, Claire; Pretlow, Joshua; Bork, Rachel Hare",Reports - Research,2012,"National Center for Postsecondary Research. Teachers College, Columbia University, Box 174, 525 West 120th Street, New York, NY 10027. Tel: 212-678-3091; Fax: 212-678-3699; e-mail: ncpr@columbia.edu; Web site: http://www.postsecondaryresearch.org/",National Center for Postsecondary Research,NA
R305A060010,ED501553,The Impact of Postsecondary Remediation Using a Regression Discontinuity Approach: Addressing Endogenous Sorting and Noncompliance. An NCPR Working Paper,Juan Carlos Calcagno; Bridget Terry Long,Reports - Research,2008,"National Center for Postsecondary Research. Teachers College, Columbia University, Box 174, 525 West 120th Street, New York, NY 10027. Tel: 212-678-3091; Fax: 212-678-3699; e-mail: ncpr@columbia.edu; Web site: http://www.tc.columbia.edu/centers/ncpr/",National Center for Postsecondary Research,NA
R305A060021,EJ1140273,Adapting for Scalability: Automating the Video Assessment of Instructional Learning,"Roberts , Amy M.; LoCasale-Crouch, Jennifer; Hamre, Bridget K.; Buckrop, Jordan M.","Journal Articles,Reports - Research",2017,"Online Learning Consortium, Inc. P.O. Box 1238, Newburyport, MA 01950. Tel: 888-898-6209; Fax: 888-898-6209; e-mail: olj@onlinelearning-c.org; Web site: http://onlinelearningconsortium.org/read/online-learning-journal/",Online Learning,NA
R305A060021,EJ1360451,Assessing School Communities Using Google Street View: A Virtual Systematic Social Observation Approach,"McCoy, Dana Charles; Sabol, Terri J.; Hanno, Emily C.; Odgers, Candice L.","Journal Articles,Reports - Research",2022,"SAGE Publications. 2455 Teller Road, Thousand Oaks, CA 91320. Tel: 800-818-7243; Tel: 805-499-9774; Fax: 800-583-2665; e-mail: journals@sagepub.com; Web site: http://sagepub.com",AERA Open,NA
R305A060021,ED527213,Culture and Child Development in Early Childhood Programs: Practices for Quality Education and Care,"Howes, Carollee","Books,Reports - Descriptive",2009,"Teachers College Press. 1234 Amsterdam Avenue, New York, NY 10027. Tel: 800-575-6566; Fax: 802-864-7626; e-mail: tcp.orders@aidcvt.com; Web site: http://www.tcpress.com",Teachers College Press,http://store.tcpress.com/0807750204.shtml
R305A060021,ED517297,"Foundations for Teaching Excellence: Connecting Early Childhood Quality Rating, Professional Development, and Competency Systems in States","Howes, Carollee, Ed.; Pianta, Robert C., Ed.","Books,Collected Works - General,Guides - General",2011,"Brookes Publishing Company. P.O. Box 10624, Baltimore, MD 21285. Tel: 800-638-3775; Fax: 410-337-8539; e-mail: custserv@brookespublishing.com; Web site: http://www.brookespublishing.com",Brookes Publishing Company,https://products.brookespublishing.com/Foundations-for-Teaching-Excellence-P247.aspx
R305A060021,ED507528,The Promise of Pre-K,"Pianta, Robert C., Ed.; Howes, Carollee, Ed.","Books,Collected Works - General,Information Analyses",2009,"Brookes Publishing Company. P.O. Box 10624, Baltimore, MD 21285. Tel: 800-638-3775; Fax: 410-337-8539; e-mail: custserv@brookespublishing.com; Web site: http://www.brookespublishing.com",Brookes Publishing Company,http://www.brookespublishing.com/store/books/pianta-70335/index.htm
R305A060021,ED544014,"Maximizing Classroom Time to Promote Learning. NCRECE In Focus. Volume 1, Issue 3","Goffin, Stacie G.",Reports - Research,2010,"National Center for Research on Early Childhood Education. 350 Old Ivy Way Suite 100, Charlottesville, VA 22903. Tel: 866-301-8278; e-mail: castl@virginia.edu; Web site: http://curry.virginia.edu/research/centers/castl/project/ncrece",National Center for Research on Early Childhood Education,NA
R305A060021,ED544015,Measuring Teacher-Child Interactions in Linguistically Diverse Pre-K Classrooms. Research Brief,"Downer, Jason T.; Lopez, Michael L.; Grimm, Kevin J.; Hamagami, Aki; Pianta, Robert C.; Howes, Carollee",Reports - Research,2012,"National Center for Research on Early Childhood Education. 350 Old Ivy Way Suite 100, Charlottesville, VA 22903. Tel: 866-301-8278; e-mail: castl@virginia.edu; Web site: http://curry.virginia.edu/research/centers/castl/project/ncrece",National Center for Research on Early Childhood Education,NA
R305A060021,ED544017,Making a College Course Matter for Pre-K Professionals: Supports Needed for Success. Research Brief,"Hatfield, Bridget E.; LoCasale-Crouch, Jennifer",Reports - Research,2013,"National Center for Research on Early Childhood Education. 350 Old Ivy Way Suite 100, Charlottesville, VA 22903. Tel: 866-301-8278; e-mail: castl@virginia.edu; Web site: http://curry.virginia.edu/research/centers/castl/project/ncrece",National Center for Research on Early Childhood Education,NA
R305A060021,ED544018,Comparing Universal and Targeted Pre-Kindergarten Programs. Research Brief,"Dotterer, Aryn M.; Burchinal, Margaret; Bryant, Donna; Early, Diane; Pianta, Robert C.",Reports - Research,2012,"National Center for Research on Early Childhood Education. 350 Old Ivy Way Suite 100, Charlottesville, VA 22903. Tel: 866-301-8278; e-mail: castl@virginia.edu; Web site: http://curry.virginia.edu/research/centers/castl/project/ncrece",National Center for Research on Early Childhood Education,NA
R305A060021,ED544019,"Promoting Children's School Readiness: Rethinking the Levers for Change. NCRECE In Focus. Volume 1, Issue 1","Goffin, Stacie G.",Reports - Descriptive,2010,"National Center for Research on Early Childhood Education. 350 Old Ivy Way Suite 100, Charlottesville, VA 22903. Tel: 866-301-8278; e-mail: castl@virginia.edu; Web site: http://curry.virginia.edu/research/centers/castl/project/ncrece",National Center for Research on Early Childhood Education,NA
R305A060021,ED544020,A Course on Effective Teacher-Child Interactions. Research Brief,"Hamre, Bridget K.; Pianta, Robert C.; Burchinal, Margaret; Field, Samuel; LoCasale-Crouch, Jennifer; Downer, Jason T.; Howes, Carollee; LaParo, Karen; Scott-Little, Catherine",Reports - Research,2012,"National Center for Research on Early Childhood Education. 350 Old Ivy Way Suite 100, Charlottesville, VA 22903. Tel: 866-301-8278; e-mail: castl@virginia.edu; Web site: http://curry.virginia.edu/research/centers/castl/project/ncrece",National Center for Research on Early Childhood Education,NA
R305A060021,ED544022,"Readiness for School Involves an Array of Skills: Let's Not Forget Fine Motor Development. NCRECE In Focus. Volume 1, Issue 5","Goffin, Stacie G.",Reports - Research,2010,"National Center for Research on Early Childhood Education. 350 Old Ivy Way Suite 100, Charlottesville, VA 22903. Tel: 866-301-8278; e-mail: castl@virginia.edu; Web site: http://curry.virginia.edu/research/centers/castl/project/ncrece",National Center for Research on Early Childhood Education,NA
R305A060021,ED544024,The Feasibility of a Common Course in Early Childhood Teacher Preparation Programs. Research Brief,"Scott-Little, Catherine; La Paro, Karen M.; Thomason, Amy C.; Pianta, Robert C.; Hamre, Bridget; Downer, Jason; Burchinal, Margaret; Howes, Carollee",Reports - Research,2011,"National Center for Research on Early Childhood Education. 350 Old Ivy Way Suite 100, Charlottesville, VA 22903. Tel: 866-301-8278; e-mail: castl@virginia.edu; Web site: http://curry.virginia.edu/research/centers/castl/project/ncrece",National Center for Research on Early Childhood Education,NA
R305A060021,ED544028,"Expanding School Readiness Gains in Prekindergarten. NCRECE In Focus. Volume 1, Issue 6","Goffin, Stacie G.",Reports - Research,2010,"National Center for Research on Early Childhood Education. 350 Old Ivy Way Suite 100, Charlottesville, VA 22903. Tel: 866-301-8278; e-mail: castl@virginia.edu; Web site: http://curry.virginia.edu/research/centers/castl/project/ncrece",National Center for Research on Early Childhood Education,NA
R305A060034,EJ1168744,Designing Incentives for Public School Teachers: Evidence from a Texas Incentive Pay Program,"Springer, Matthew G.; Taylor, Lori L.","Journal Articles,Reports - Research",2016,"University of Illinois Press. 1325 South Oak Street, Champaign, IL 61820-6903. Tel: 217-244-0626; Fax: 217-244-8082; e-mail: journals@uillinois.edu; Web site: http://www.press.uillinois.edu/journals.php",Journal of Education Finance,http://muse.jhu.edu/article/613779
R305A060034,ED513347,Teacher Pay for Performance: Experimental Evidence from the Project on Incentives in Teaching,"Springer, Matthew G.; Hamilton, Laura; McCaffrey, Daniel F.; Ballou, Dale; Le, Vi-Nhuan; Pepper, Matthew; Lockwood, J. R.; Stecher, Brian M.",Numerical/Quantitative Data,2010,"National Center on Performance Incentives. Peabody College of Vanderbilt University, PMB #43, 230 Appleton Place, Nashville, TN 37203. Tel: 615-322-5538; Fax: 615-322-6018; e-mail: ncpi@vanderbilt.edu; Web site: http://www.performanceincentives.org",National Center on Performance Incentives,https://my.vanderbilt.edu/performanceincentives/files/2012/09/Full-Report-Teacher-Pay-for-Performance-Experimental-Evidence-from-the-Project-on-Incentives-in-Teaching-20104.pdf
R305A060034,ED511764,"Scrambling the Nest Egg: How Well Do Teachers Understand Their Pensions, and What Do They Think about Alternative Pension Structures? Working Paper 51","DeArmond, Michael; Goldhaber, Dan",Reports - Evaluative,2010,"National Center for Analysis of Longitudinal Data in Education Research. The Urban Institute, 2100 M Street NW, Washington, DC 20037. Tel: 202-261-5739; Fax: 202-833-2477; e-mail: inquiry@caldercenter.org; Web site: http://www.caldercenter.org",National Center for Analysis of Longitudinal Data in Education Research,NA
R305A060034,ED509662,Efficiency and Equity in the Time Pattern of Teacher Pension Benefits: An Analysis of Four State Systems. Working Paper 6,"Costrell, Robert M.; Podgursky, Michael",Reports - Evaluative,2007,"National Center for Analysis of Longitudinal Data in Education Research. The Urban Institute, 2100 M Street NW, Washington, DC 20037. Tel: 202-261-5739; Fax: 202-833-2477; e-mail: inquiry@caldercenter.org; Web site: http://www.caldercenter.org",National Center for Analysis of Longitudinal Data in Education Research,NA
R305A060034,ED510376,An Interim Evaluation of Teacher and Principal Experiences during the Pilot Phase of AISD Reach. Policy Evaluation Report,"Burns, Susan Freeman; Gardner, Catherine D.; Meeuwsen, Joyce","Reports - Evaluative,Tests/Questionnaires",2009,"National Center on Performance Incentives. Peabody College of Vanderbilt University, PMB #43, 230 Appleton Place, Nashville, TN 37203. Tel: 615-322-5538; Fax: 615-322-6018; e-mail: ncpi@vanderbilt.edu; Web site: http://www.performanceincentives.org",National Center on Performance Incentives,http://www.performanceincentives.org/data/files/news/BooksNews/AISD_REACH_Interim_Report1.pdf
R305A060034,ED510382,Missouri's Teacher Career Ladder Program. Research Brief,"Booker, Kevin; Glazerman, Steven",Reports - Evaluative,2008,"National Center on Performance Incentives. Peabody College of Vanderbilt University, PMB #43, 230 Appleton Place, Nashville, TN 37203. Tel: 615-322-5538; Fax: 615-322-6018; e-mail: ncpi@vanderbilt.edu; Web site: http://www.performanceincentives.org",National Center on Performance Incentives,http://www.performanceincentives.org/data/files/news/ReportsNews/Booker_et_al_for_posting.pdf
R305A060034,ED510383,The Link between Pensions and Retirement Timing: Lessons from California Teachers. Conference Paper 2009-12,"Brown, Kristine M.","Reports - Evaluative,Speeches/Meeting Papers",2009,"National Center on Performance Incentives. Peabody College of Vanderbilt University, PMB #43, 230 Appleton Place, Nashville, TN 37203. Tel: 615-322-5538; Fax: 615-322-6018; e-mail: ncpi@vanderbilt.edu; Web site: http://www.performanceincentives.org",National Center on Performance Incentives,http://www.performanceincentives.org/data/files/news/ConferencePapers2009News/Brown_2009.pdf
R305A060034,ED510384,Pay-for-Performance: New Developments and Issues. Working Paper 2007-05,"Cannon, Mark D.",Reports - Evaluative,2007,"National Center on Performance Incentives. Peabody College of Vanderbilt University, PMB #43, 230 Appleton Place, Nashville, TN 37203. Tel: 615-322-5538; Fax: 615-322-6018; e-mail: ncpi@vanderbilt.edu; Web site: http://www.performanceincentives.org",National Center on Performance Incentives,http://www.performanceincentives.org/data/files/news/PapersNews/Cannon_2007.pdf
R305A060034,ED510385,"Determinants of the Generosity of Pension Plans for Public School Teachers, 1982-2006. Conference Paper 2009-05","Clark, Robert L.; Craig, Lee A.","Reports - Evaluative,Speeches/Meeting Papers",2009,"National Center on Performance Incentives. Peabody College of Vanderbilt University, PMB #43, 230 Appleton Place, Nashville, TN 37203. Tel: 615-322-5538; Fax: 615-322-6018; e-mail: ncpi@vanderbilt.edu; Web site: http://www.performanceincentives.org",National Center on Performance Incentives,http://www.performanceincentives.org/data/files/news/ConferencePapers2009News/Clark_Craig_Conference_20091.pdf
R305A060034,ED510393,Efficiency and Equity in the Time Pattern of Teacher Pension Benefits: An Analysis of Four State Systems. Working Paper 2007-01,"Costrell, Robert M.; Podgursky, Michael J.",Reports - Evaluative,2007,"National Center on Performance Incentives. Peabody College of Vanderbilt University, PMB #43, 230 Appleton Place, Nashville, TN 37203. Tel: 615-322-5538; Fax: 615-322-6018; e-mail: ncpi@vanderbilt.edu; Web site: http://www.performanceincentives.org",National Center on Performance Incentives,http://www.performanceincentives.org/data/files/news/PapersNews/Costrell_and_Podgursky_20071.pdf
R305A060034,ED510395,Distribution of Benefits in Teacher Retirement Systems and Their Implications for Mobility. Conference Paper 2009-04,"Costrell, Robert; Podgursky, Michael","Numerical/Quantitative Data,Reports - Evaluative,Speeches/Meeting Papers",2009,"National Center on Performance Incentives. Peabody College of Vanderbilt University, PMB #43, 230 Appleton Place, Nashville, TN 37203. Tel: 615-322-5538; Fax: 615-322-6018; e-mail: ncpi@vanderbilt.edu; Web site: http://www.performanceincentives.org",National Center on Performance Incentives,http://www.performanceincentives.org/data/files/news/ConferencePapers2009News/Costrell_Podgursky_2009_FINAL_Updated.pdf
R305A060034,ED510425,Teacher Retirement Systems: Research Findings. Research Brief,"Hansen, Janet S.; Podgursky, Michael J.; Costrell, Robert M.",Reports - Descriptive,2009,"National Center on Performance Incentives. Peabody College of Vanderbilt University, PMB #43, 230 Appleton Place, Nashville, TN 37203. Tel: 615-322-5538; Fax: 615-322-6018; e-mail: ncpi@vanderbilt.edu; Web site: http://www.performanceincentives.org",National Center on Performance Incentives,http://www.performanceincentives.org/conference/Final_ResearchBriefNCPIlayoutJuly20.pdf
R305A060034,ED510426,Texas Educator Excellence Grant (TEEG) Program: Year Two Evaluation Report. Policy Evaluation Report,"Springer, Matthew G.; Podgursky, Michael J.; Lewis, Jessica L.; Ehlert, Mark W.; Gronberg, Timothy J.; Hamilton, Laura S.; Jansen, Dennis W.; Lopez, Omar S.; Peng, Art; Stecher, Brian M.; Taylor, Lori L.","Numerical/Quantitative Data,Reports - Research,Tests/Questionnaires",2008,"National Center on Performance Incentives. Peabody College of Vanderbilt University, PMB #43, 230 Appleton Place, Nashville, TN 37203. Tel: 615-322-5538; Fax: 615-322-6018; e-mail: ncpi@vanderbilt.edu; Web site: http://www.performanceincentives.org",National Center on Performance Incentives,http://www.performanceincentives.org/data/files/news/BooksNews/FINAL_TEEG_Year_2_Report.pdf
R305A060034,ED510430,Texas Educator Excellence Grant (TEEG) Program: Year One Evaluation Report. Policy Evaluation Report,"Springer, Matthew G.; Podgursky, Michael J.; Lewis, Jessica L.; Ehlert, Mark W.; Ghosh-Dastidar, Bonnie; Gronberg, Timothy J.; Hamilton, Laura S.; Jansen, Dennis W.; Lopez, Omar S.; Patterson, Christine H.; Stecher, Brian M.; Taylor, Lori L.","Numerical/Quantitative Data,Reports - Research,Tests/Questionnaires",2008,"National Center on Performance Incentives. Peabody College of Vanderbilt University, PMB #43, 230 Appleton Place, Nashville, TN 37203. Tel: 615-322-5538; Fax: 615-322-6018; e-mail: ncpi@vanderbilt.edu; Web site: http://www.performanceincentives.org",National Center on Performance Incentives,http://www.performanceincentives.org/data/files/news/BooksNews/FINAL_TEEG_Year_1_Report.pdf
R305A060034,ED510431,Governor's Educator Excellence Grant (GEEG) Program: Year Two Evaluation Report. Policy Evaluation Report,"Springer, Matthew G.; Lewis, Jessica L.; Podgursky, Michael J.; Ehlert, Mark W.; Taylor, Lori L.; Lopez, Omar S.; Peng, Art","Numerical/Quantitative Data,Reports - Research,Tests/Questionnaires",2009,"National Center on Performance Incentives. Peabody College of Vanderbilt University, PMB #43, 230 Appleton Place, Nashville, TN 37203. Tel: 615-322-5538; Fax: 615-322-6018; e-mail: ncpi@vanderbilt.edu; Web site: http://www.performanceincentives.org",National Center on Performance Incentives,http://www.performanceincentives.org/data/files/news/BooksNews/GEEG_Year_2_Report1.pdf
R305A060034,ED510432,Governor's Educator Excellence Grant (GEEG) Program: Year Three Evaluation Report. Policy Evaluation Report,"Springer, Matthew G.; Lewis, Jessica L.; Podgursky, Michael J.; Ehlert, Mark W.; Taylor, Lori L.; Lopez, Omar S.; Peng, Art","Numerical/Quantitative Data,Reports - Research,Tests/Questionnaires",2009,"National Center on Performance Incentives. Peabody College of Vanderbilt University, PMB #43, 230 Appleton Place, Nashville, TN 37203. Tel: 615-322-5538; Fax: 615-322-6018; e-mail: ncpi@vanderbilt.edu; Web site: http://www.performanceincentives.org",National Center on Performance Incentives,http://www.performanceincentives.org/data/files/news/BooksNews/GEEG_Year_Three_Report.pdf
R305A060034,ED510433,Teacher Incentives in Developing Countries: Recent Experimental Evidence from Kenya. Working Paper 2008-09,"Glewwe, Paul; Ilias, Nauman; Kremer, Michael","Reports - Evaluative,Speeches/Meeting Papers",2008,"National Center on Performance Incentives. Peabody College of Vanderbilt University, PMB #43, 230 Appleton Place, Nashville, TN 37203. Tel: 615-322-5538; Fax: 615-322-6018; e-mail: ncpi@vanderbilt.edu; Web site: http://www.performanceincentives.org",National Center on Performance Incentives,http://www.performanceincentives.org/data/files/directory/ConferencePapersNews/Glewwe_et_al_20081.pdf
R305A060034,ED510434,Collective Bargaining in Education and Pay for Performance. Working Paper 2008-11,"Hannaway, Jane; Rotherham, Andrew J.","Reports - Evaluative,Speeches/Meeting Papers",2008,"National Center on Performance Incentives. Peabody College of Vanderbilt University, PMB #43, 230 Appleton Place, Nashville, TN 37203. Tel: 615-322-5538; Fax: 615-322-6018; e-mail: ncpi@vanderbilt.edu; Web site: http://www.performanceincentives.org",National Center on Performance Incentives,http://www.performanceincentives.org/data/files/directory/ConferencePapersNews/Hannaway_et_al_2008.pdf
R305A060034,ED510447,Performance Incentives: Their Growing Impact on American K-12 Education,"Springer, Matthew G., Ed.","Books,Collected Works - General",2009,"Brookings Institution Press. 1775 Massachusetts Avenue NW, Washington, DC 20036. Tel: 202-797-6000; Fax: 202-797-6004; e-mail: webmaster@brookings.edu; Web site: http://www.brookings.edu/press.aspx",Brookings Institution Press,http://www.brookings.edu/press/Books/2008/performanceincentives.aspx
R305A060034,ED510449,Texas Educator Excellence Grant (TEEG) Program: Year Three Evaluation Report. Policy Evaluation Report,"Springer, Matthew G.; Lewis, Jessica L.; Podgursky, Michael J.; Ehlert, Mark W.; Gronberg, Timothy J.; Hamilton, Laura S.; Jansen, Dennis W.; Stecher, Brian M.; Taylor, Lori L.; Lopez, Omar S.; Peng, Art","Numerical/Quantitative Data,Reports - Evaluative,Tests/Questionnaires",2009,"National Center on Performance Incentives. Peabody College of Vanderbilt University, PMB #43, 230 Appleton Place, Nashville, TN 37203. Tel: 615-322-5538; Fax: 615-322-6018; e-mail: ncpi@vanderbilt.edu; Web site: http://www.performanceincentives.org",National Center on Performance Incentives,http://www.performanceincentives.org/data/files/news/BooksNews/TEEG_Year_Three_Report1.pdf
R305A060034,ED510458,The Design of Schools' Performance Incentive Programs in Texas: Findings from Year One of GEEG. Research Brief,NA,Reports - Research,2008,"National Center on Performance Incentives. Peabody College of Vanderbilt University, PMB #43, 230 Appleton Place, Nashville, TN 37203. Tel: 615-322-5538; Fax: 615-322-6018; e-mail: ncpi@vanderbilt.edu; Web site: http://www.performanceincentives.org",National Center on Performance Incentives,http://www.performanceincentives.org/data/files/news/ReportsNews/TEEG_Design_Year_1.pdf
R305A060034,ED510460,Teacher Incentives in Developing Countries: Experimental Evidence from Kenya. Research Brief,NA,Reports - Evaluative,2008,"National Center on Performance Incentives. Peabody College of Vanderbilt University, PMB #43, 230 Appleton Place, Nashville, TN 37203. Tel: 615-322-5538; Fax: 615-322-6018; e-mail: ncpi@vanderbilt.edu; Web site: http://www.performanceincentives.org",National Center on Performance Incentives,http://www.performanceincentives.org/data/files/news/ReportsNews/Glewwe_Feb_08.pdf
R305A060034,ED510462,The Politics of Teacher Pay Reforms. Research Brief,NA,Reports - Evaluative,2008,"National Center on Performance Incentives. Peabody College of Vanderbilt University, PMB #43, 230 Appleton Place, Nashville, TN 37203. Tel: 615-322-5538; Fax: 615-322-6018; e-mail: ncpi@vanderbilt.edu; Web site: http://www.performanceincentives.org",National Center on Performance Incentives,http://www.performanceincentives.org/data/files/news/ReportsNews/Goldhaber_Feb_08.pdf
R305A060034,ED510464,Toward a More Comprehensive Model of Teacher Pay. Research Brief,NA,Reports - Evaluative,2008,"National Center on Performance Incentives. Peabody College of Vanderbilt University, PMB #43, 230 Appleton Place, Nashville, TN 37203. Tel: 615-322-5538; Fax: 615-322-6018; e-mail: ncpi@vanderbilt.edu; Web site: http://www.performanceincentives.org",National Center on Performance Incentives,http://www.performanceincentives.org/data/files/news/ReportsNews/Koppich_Brief_200820.pdf
R305A060034,ED510465,Value-Added and Other Methods for Measuring School Performance: An Analysis of Performance Measurement Strategies in Teacher Incentive Fund Proposals. Research Brief,NA,Reports - Evaluative,2008,"National Center on Performance Incentives. Peabody College of Vanderbilt University, PMB #43, 230 Appleton Place, Nashville, TN 37203. Tel: 615-322-5538; Fax: 615-322-6018; e-mail: ncpi@vanderbilt.edu; Web site: http://www.performanceincentives.org",National Center on Performance Incentives,http://www.performanceincentives.org/data/files/news/ReportsNews/Meyer_Brief_200821.pdf
R305A060034,ED510467,Teacher Performance Pay: A Review. Research Brief,NA,Reports - Research,2006,"National Center on Performance Incentives. Peabody College of Vanderbilt University, PMB #43, 230 Appleton Place, Nashville, TN 37203. Tel: 615-322-5538; Fax: 615-322-6018; e-mail: ncpi@vanderbilt.edu; Web site: http://www.performanceincentives.org",National Center on Performance Incentives,http://www.performanceincentives.org/data/files/news/ReportsNews/Teacher_Performance_Pay_Research_Brief.pdf
R305A060034,ED510468,The Design of Schools' Performance Incentive Programs in Texas: Findings from Year One of TEEG. Research Brief,NA,Reports - Research,2008,"National Center on Performance Incentives. Peabody College of Vanderbilt University, PMB #43, 230 Appleton Place, Nashville, TN 37203. Tel: 615-322-5538; Fax: 615-322-6018; e-mail: ncpi@vanderbilt.edu; Web site: http://www.performanceincentives.org",National Center on Performance Incentives,http://www.performanceincentives.org/data/files/news/ReportsNews/TEEG_Design_Year_1.pdf
R305A060034,ED510471,Teacher Salary Bonuses in North Carolina. Research Brief,NA,Reports - Evaluative,2008,"National Center on Performance Incentives. Peabody College of Vanderbilt University, PMB #43, 230 Appleton Place, Nashville, TN 37203. Tel: 615-322-5538; Fax: 615-322-6018; e-mail: ncpi@vanderbilt.edu; Web site: http://www.performanceincentives.org",National Center on Performance Incentives,http://www.performanceincentives.org/data/files/news/ReportsNews/Vigdor_Brief_200824.pdf
R305A060034,ED510481,Market-Based Pay Reform for Public School Teachers. Research Brief,NA,Reports - Descriptive,2008,"National Center on Performance Incentives. Peabody College of Vanderbilt University, PMB #43, 230 Appleton Place, Nashville, TN 37203. Tel: 615-322-5538; Fax: 615-322-6018; e-mail: ncpi@vanderbilt.edu; Web site: http://www.performanceincentives.org",National Center on Performance Incentives,http://www.performanceincentives.org/news__events/detail.asp?pageaction=ViewSinglePublic&LinkID=288&ModuleID=26&NEWSPID=1
R305A060034,ED510482,Do Teacher Effect Estimates Persist when Teachers Move to Schools with Different Socioeconomic Environments? Research Brief,NA,Reports - Evaluative,2008,"National Center on Performance Incentives. Peabody College of Vanderbilt University, PMB #43, 230 Appleton Place, Nashville, TN 37203. Tel: 615-322-5538; Fax: 615-322-6018; e-mail: ncpi@vanderbilt.edu; Web site: http://www.performanceincentives.org",National Center on Performance Incentives,http://www.performanceincentives.org/data/files/news/ReportsNews/Sanders_Brief_200823.pdf
R305A060034,ED510483,Characteristics and Determinants of Teacher-Designed Pay for Performance Plans: Evidence from Texas' Governor's Educator Excellence Grant (GEEG) Program. Research Brief,NA,Reports - Evaluative,2008,"National Center on Performance Incentives. Peabody College of Vanderbilt University, PMB #43, 230 Appleton Place, Nashville, TN 37203. Tel: 615-322-5538; Fax: 615-322-6018; e-mail: ncpi@vanderbilt.edu; Web site: http://www.performanceincentives.org",National Center on Performance Incentives,http://www.performanceincentives.org/data/files/news/ReportsNews/Taylor_Brief_200826.pdf
R305A060034,ED510484,Teacher Incentives in Developing Countries: Experimental Evidence from India. Research Brief,NA,Reports - Evaluative,2008,"National Center on Performance Incentives. Peabody College of Vanderbilt University, PMB #43, 230 Appleton Place, Nashville, TN 37203. Tel: 615-322-5538; Fax: 615-322-6018; e-mail: ncpi@vanderbilt.edu; Web site: http://www.performanceincentives.org",National Center on Performance Incentives,http://www.performanceincentives.org/data/files/news/ReportsNews/Muralidharan_Feb_08.pdf
R305A060034,ED510485,Teacher Behaviors and Performance Incentives in Texas: Early Reactions to the GEEG Program. Research Brief,NA,Reports - Research,2008,"National Center on Performance Incentives. Peabody College of Vanderbilt University, PMB #43, 230 Appleton Place, Nashville, TN 37203. Tel: 615-322-5538; Fax: 615-322-6018; e-mail: ncpi@vanderbilt.edu; Web site: http://www.performanceincentives.org",National Center on Performance Incentives,http://www.performanceincentives.org/data/files/news/ReportsNews/GEEG_Teacher_Behavior_Year_1.pdf
R305A060034,ED510486,Performance Incentives in Texas: Why Schools Chose Not to Participate. Research Brief,NA,Reports - Evaluative,2008,"National Center on Performance Incentives. Peabody College of Vanderbilt University, PMB #43, 230 Appleton Place, Nashville, TN 37203. Tel: 615-322-5538; Fax: 615-322-6018; e-mail: ncpi@vanderbilt.edu; Web site: http://www.performanceincentives.org",National Center on Performance Incentives,http://www.performanceincentives.org/data/files/news/ReportsNews/Lewis_and_Springer_for_posting.pdf
R305A060034,ED510487,A Legal Perspective on Differential Pay for Teachers. Research Brief,NA,Reports - Evaluative,2008,"National Center on Performance Incentives. Peabody College of Vanderbilt University, PMB #43, 230 Appleton Place, Nashville, TN 37203. Tel: 615-322-5538; Fax: 615-322-6018; e-mail: ncpi@vanderbilt.edu; Web site: http://www.performanceincentives.org",National Center on Performance Incentives,http://www.performanceincentives.org/data/files/news/ReportsNews/Ryan_for_posting.pdf
R305A060034,ED510488,From Data to Bonuses: A Case Study of the Issues Related to Awarding Teachers Pay on the Basis of Their Students' Progress. Research Brief,NA,Reports - Evaluative,2008,"National Center on Performance Incentives. Peabody College of Vanderbilt University, PMB #43, 230 Appleton Place, Nashville, TN 37203. Tel: 615-322-5538; Fax: 615-322-6018; e-mail: ncpi@vanderbilt.edu; Web site: http://www.performanceincentives.org",National Center on Performance Incentives,http://www.performanceincentives.org/data/files/news/ReportsNews/McCaffrey_Feb_08.pdf
R305A060034,ED510490,Designing Incentive Systems for Schools. Research Brief,NA,Reports - Descriptive,2008,"National Center on Performance Incentives. Peabody College of Vanderbilt University, PMB #43, 230 Appleton Place, Nashville, TN 37203. Tel: 615-322-5538; Fax: 615-322-6018; e-mail: ncpi@vanderbilt.edu; Web site: http://www.performanceincentives.org",National Center on Performance Incentives,http://www.performanceincentives.org/data/files/news/ReportsNews/Neal_Feb_08.pdf
R305A060034,ED510492,Performance-Based Pay in the Federal Government. Research Brief,NA,Reports - Descriptive,2008,"National Center on Performance Incentives. Peabody College of Vanderbilt University, PMB #43, 230 Appleton Place, Nashville, TN 37203. Tel: 615-322-5538; Fax: 615-322-6018; e-mail: ncpi@vanderbilt.edu; Web site: http://www.performanceincentives.org",National Center on Performance Incentives,http://www.performanceincentives.org/data/files/news/ReportsNews/Nelson_Brief_200822.pdf
R305A060034,ED510493,Characteristics and Determinants of Teacher-Designed Pay for Performance Plans: Evidence from Texas' Governor's Educator Excellence Grant (GEEG) Program. Working Paper 2008-26,"Taylor, Lori L.; Springer, Matthew G.; Ehlert, Mark","Reports - Evaluative,Speeches/Meeting Papers",2008,"National Center on Performance Incentives. Peabody College of Vanderbilt University, PMB #43, 230 Appleton Place, Nashville, TN 37203. Tel: 615-322-5538; Fax: 615-322-6018; e-mail: ncpi@vanderbilt.edu; Web site: http://www.performanceincentives.org",National Center on Performance Incentives,http://www.performanceincentives.org/data/files/directory/ConferencePapersNews/Taylor_et_al_2008.pdf
R305A060034,ED510495,Teacher Attitudes on Pay for Performance: A Pilot Study. Research Brief,NA,Reports - Research,2007,"National Center on Performance Incentives. Peabody College of Vanderbilt University, PMB #43, 230 Appleton Place, Nashville, TN 37203. Tel: 615-322-5538; Fax: 615-322-6018; e-mail: ncpi@vanderbilt.edu; Web site: http://www.performanceincentives.org",National Center on Performance Incentives,http://www.performanceincentives.org/data/files/news/ReportsNews/Teacher_Attitudes_Research_Brief.pdf
R305A060034,ED510497,Teacher Attitudes about Performance Incentives in Texas: Early Reactions to the TEEG Program. Research Brief,NA,Reports - Evaluative,2008,"National Center on Performance Incentives. Peabody College of Vanderbilt University, PMB #43, 230 Appleton Place, Nashville, TN 37203. Tel: 615-322-5538; Fax: 615-322-6018; e-mail: ncpi@vanderbilt.edu; Web site: http://www.performanceincentives.org",National Center on Performance Incentives,http://www.performanceincentives.org/data/files/news/ReportsNews/TEEG_Teacher_Attitudes_Year_1.pdf
R305A060034,ED510499,Early Career Teachers' Perceptions of Traditional versus Innovative Benefits Packages. Conference Paper 2009-15,"Tran, Doannie; Huang, Elsie","Reports - Evaluative,Speeches/Meeting Papers,Tests/Questionnaires",2009,"National Center on Performance Incentives. Peabody College of Vanderbilt University, PMB #43, 230 Appleton Place, Nashville, TN 37203. Tel: 615-322-5538; Fax: 615-322-6018; e-mail: ncpi@vanderbilt.edu; Web site: http://www.performanceincentives.org",National Center on Performance Incentives,http://www.performanceincentives.org/data/files/news/ConferencePapers2009News/Tran_Huang_2009.pdf
R305A060034,ED510500,Teacher Salary Bonuses in North Carolina. Working Paper 2008-03,"Vigdor, Jacob L.","Numerical/Quantitative Data,Reports - Evaluative,Speeches/Meeting Papers",2008,"National Center on Performance Incentives. Peabody College of Vanderbilt University, PMB #43, 230 Appleton Place, Nashville, TN 37203. Tel: 615-322-5538; Fax: 615-322-6018; e-mail: ncpi@vanderbilt.edu; Web site: http://www.performanceincentives.org",National Center on Performance Incentives,http://www.performanceincentives.org/data/files/directory/ConferencePapersNews/Vigdor_2008.pdf
R305A060034,ED510501,"Teacher Effectiveness, Mobility, and Attrition in Florida: A Descriptive Analysis. Working Paper 2008-12","West, Martin; Chingos, Matthew","Reports - Evaluative,Speeches/Meeting Papers",2008,"National Center on Performance Incentives. Peabody College of Vanderbilt University, PMB #43, 230 Appleton Place, Nashville, TN 37203. Tel: 615-322-5538; Fax: 615-322-6018; e-mail: ncpi@vanderbilt.edu; Web site: http://www.performanceincentives.org",National Center on Performance Incentives,http://www.performanceincentives.org/data/files/directory/ConferencePapersNews/West_and_Chingos_20081.pdf
R305A060034,ED510502,"Teacher Effectiveness, Mobility, and Attrition in Florida: A Descriptive Analysis. Research Brief",NA,"Information Analyses,Reports - Evaluative",2008,"National Center on Performance Incentives. Peabody College of Vanderbilt University, PMB #43, 230 Appleton Place, Nashville, TN 37203. Tel: 615-322-5538; Fax: 615-322-6018; e-mail: ncpi@vanderbilt.edu; Web site: http://www.performanceincentives.org",National Center on Performance Incentives,http://www.performanceincentives.org/data/files/news/ReportsNews/West_et_al_Brief_200825.pdf
R305A060034,ED510503,"The Effect of Performance-Pay in Little Rock, Arkansas on Student Achievement. Working Paper 2008-02","Winters, Marcus; Greene, Jay P.; Ritter, Gary; Marsh, Ryan","Reports - Evaluative,Speeches/Meeting Papers",2008,"National Center on Performance Incentives. Peabody College of Vanderbilt University, PMB #43, 230 Appleton Place, Nashville, TN 37203. Tel: 615-322-5538; Fax: 615-322-6018; e-mail: ncpi@vanderbilt.edu; Web site: http://www.performanceincentives.org",National Center on Performance Incentives,http://www.performanceincentives.org/data/files/directory/ConferencePapersNews/Winters_et_al_20081.pdf
R305A060034,ED510508,Teacher Pension Preferences: Pilot Study Results. Conference Paper 2009-14,"Smith, Elizabeth Ettema; Guthrie, James W.","Reports - Evaluative,Speeches/Meeting Papers",2009,"National Center on Performance Incentives. Peabody College of Vanderbilt University, PMB #43, 230 Appleton Place, Nashville, TN 37203. Tel: 615-322-5538; Fax: 615-322-6018; e-mail: ncpi@vanderbilt.edu; Web site: http://www.performanceincentives.org",National Center on Performance Incentives,http://www.performanceincentives.org/data/files/news/ConferencePapers2009News/Smith_and_Guthrie_2009.pdf
R305A060034,ED510509,Teacher Retirement Ponzi Schemes. Conference Paper 2009-02,"Kotlikoff, Laurence J.","Reports - Descriptive,Speeches/Meeting Papers",2009,"National Center on Performance Incentives. Peabody College of Vanderbilt University, PMB #43, 230 Appleton Place, Nashville, TN 37203. Tel: 615-322-5538; Fax: 615-322-6018; e-mail: ncpi@vanderbilt.edu; Web site: http://www.performanceincentives.org",National Center on Performance Incentives,http://www.performanceincentives.org/data/files/news/ConferencePapers2009News/Kotlikoff_2009.pdf
R305A060034,ED510510,From Data to Bonuses: A Case Study of the Issues Related to Awarding Teachers Pay on the Basis of Their Students' Progress. Working Paper 2008-14,"McCaffrey, Daniel F.; Han, Bing; Lockwood, J. R.","Reports - Research,Speeches/Meeting Papers",2008,"National Center on Performance Incentives. Peabody College of Vanderbilt University, PMB #43, 230 Appleton Place, Nashville, TN 37203. Tel: 615-322-5538; Fax: 615-322-6018; e-mail: ncpi@vanderbilt.edu; Web site: http://www.performanceincentives.org",National Center on Performance Incentives,http://www.performanceincentives.org/data/files/directory/ConferencePapersNews/McCaffrey_et_al_20081.pdf
R305A060034,ED510512,Patterns of Retirement and Return Employment of Pennsylvania's Professional School Personnel: 1984-2006. Conference Paper 2009-07,"Strauss, Robert P.; Liu, Jinxiang","Numerical/Quantitative Data,Reports - Evaluative,Speeches/Meeting Papers",2009,"National Center on Performance Incentives. Peabody College of Vanderbilt University, PMB #43, 230 Appleton Place, Nashville, TN 37203. Tel: 615-322-5538; Fax: 615-322-6018; e-mail: ncpi@vanderbilt.edu; Web site: http://www.performanceincentives.org",National Center on Performance Incentives,http://www.performanceincentives.org/data/files/news/ConferencePapers2009News/Strauss_Paper1.pdf
R305A060034,ED510513,A Legal Perspective on Performance-Based Pay for Teachers. Working Paper 2008-10,"Ryan, James E.","Reports - Evaluative,Speeches/Meeting Papers",2008,"National Center on Performance Incentives. Peabody College of Vanderbilt University, PMB #43, 230 Appleton Place, Nashville, TN 37203. Tel: 615-322-5538; Fax: 615-322-6018; e-mail: ncpi@vanderbilt.edu; Web site: http://www.performanceincentives.org",National Center on Performance Incentives,http://www.performanceincentives.org/data/files/directory/ConferencePapersNews/Ryan_20081.pdf
R305A060034,ED510515,Designing Incentive Systems for Schools. Working Paper 2008-16,"Neal, Derek","Reports - Evaluative,Speeches/Meeting Papers",2008,"National Center on Performance Incentives. Peabody College of Vanderbilt University, PMB #43, 230 Appleton Place, Nashville, TN 37203. Tel: 615-322-5538; Fax: 615-322-6018; e-mail: ncpi@vanderbilt.edu; Web site: http://www.performanceincentives.org",National Center on Performance Incentives,http://www.performanceincentives.org/data/files/directory/ConferencePapersNews/Neal_2008_v41.pdf
R305A060034,ED510516,Do Teacher Effect Estimates Persist when Teachers Move to Schools with Different Socioeconomic Environments? Working Paper 2008-20,"Sanders, William L.; Wright, S. Paul; Langevin, Warren E.","Reports - Evaluative,Speeches/Meeting Papers",2008,"National Center on Performance Incentives. Peabody College of Vanderbilt University, PMB #43, 230 Appleton Place, Nashville, TN 37203. Tel: 615-322-5538; Fax: 615-322-6018; e-mail: ncpi@vanderbilt.edu; Web site: http://www.performanceincentives.org",National Center on Performance Incentives,http://www.performanceincentives.org/data/files/directory/ConferencePapersNews/Sanders_et_al_2008b1.pdf
R305A060034,ED510518,Value-Added and Other Methods for Measuring School Performance. Working Paper 2008-17,"Meyer, Robert H.; Christian, Michael S.","Reports - Evaluative,Speeches/Meeting Papers",2008,"National Center on Performance Incentives. Peabody College of Vanderbilt University, PMB #43, 230 Appleton Place, Nashville, TN 37203. Tel: 615-322-5538; Fax: 615-322-6018; e-mail: ncpi@vanderbilt.edu; Web site: http://www.performanceincentives.org",National Center on Performance Incentives,http://www.performanceincentives.org/data/files/directory/ConferencePapersNews/Meyer_and_Christian_20081.pdf
R305A060034,ED510520,New York City's School-Wide Bonus Pay Program: Early Evidence from a Randomized Trial. Working Paper 2009-02,"Springer, Matthew G.; Winters, Marcus A.",Reports - Evaluative,2009,"National Center on Performance Incentives. Peabody College of Vanderbilt University, PMB #43, 230 Appleton Place, Nashville, TN 37203. Tel: 615-322-5538; Fax: 615-322-6018; e-mail: ncpi@vanderbilt.edu; Web site: http://www.performanceincentives.org",National Center on Performance Incentives,http://www.performanceincentives.org/data/files/news/PapersNews/Springer_Winters_2009.pdf
R305A060034,ED510521,Teacher Pension Incentives and Labor Market Behavior: Evidence from Missouri Administrative Teacher Data. Conference Paper 2009-11,"Ni, Shawn; Podgursky, Michael; Ehlert, Mark","Reports - Evaluative,Speeches/Meeting Papers",2009,"National Center on Performance Incentives. Peabody College of Vanderbilt University, PMB #43, 230 Appleton Place, Nashville, TN 37203. Tel: 615-322-5538; Fax: 615-322-6018; e-mail: ncpi@vanderbilt.edu; Web site: http://www.performanceincentives.org",National Center on Performance Incentives,http://www.performanceincentives.org/data/files/news/ConferencePapers2009News/NEW_Ni_Podgursky_Ehlert_2009.pdf
R305A060034,ED510522,Impact of the Teacher Advancement Program on Student Test Score Gains: Findings from an Independent Appraisal. Working Paper 2008-19,"Springer, Matthew G.; Ballou, Dale; Peng, Art","Reports - Evaluative,Speeches/Meeting Papers",2008,"National Center on Performance Incentives. Peabody College of Vanderbilt University, PMB #43, 230 Appleton Place, Nashville, TN 37203. Tel: 615-322-5538; Fax: 615-322-6018; e-mail: ncpi@vanderbilt.edu; Web site: http://www.performanceincentives.org",National Center on Performance Incentives,http://www.performanceincentives.org/data/files/news/PapersNews/Springer_et_al_20081.pdf
R305A060034,ED510526,Performance Incentives in Texas: Why Schools Chose Not to Participate. Working Paper 2008-18,"Lewis, Jessica L.; Springer, Matthew G.","Reports - Evaluative,Speeches/Meeting Papers,Tests/Questionnaires",2008,"National Center on Performance Incentives. Peabody College of Vanderbilt University, PMB #43, 230 Appleton Place, Nashville, TN 37203. Tel: 615-322-5538; Fax: 615-322-6018; e-mail: ncpi@vanderbilt.edu; Web site: http://www.performanceincentives.org",National Center on Performance Incentives,http://www.performanceincentives.org/data/files/directory/ConferencePapersNews/Lewis_and_Springer_20081.pdf
R305A060034,ED510527,Re-Examining the Role of Teacher Quality in the Educational Production Function. Working Paper 2007-03,"Koedel, Cory; Betts, Julian R.",Reports - Evaluative,2007,"National Center on Performance Incentives. Peabody College of Vanderbilt University, PMB #43, 230 Appleton Place, Nashville, TN 37203. Tel: 615-322-5538; Fax: 615-322-6018; e-mail: ncpi@vanderbilt.edu; Web site: http://www.performanceincentives.org",National Center on Performance Incentives,https://my.vanderbilt.edu/performanceincentives/files/2012/10/200703_KoedelBetts_ReExamTeacherQual1.pdf
R305A060034,ED510528,"Teacher Quality and Dropout Outcomes in a Large, Urban School District. Working Paper 2007-04","Koedel, Cory","Numerical/Quantitative Data,Reports - Research",2008,"National Center on Performance Incentives. Peabody College of Vanderbilt University, PMB #43, 230 Appleton Place, Nashville, TN 37203. Tel: 615-322-5538; Fax: 615-322-6018; e-mail: ncpi@vanderbilt.edu; Web site: http://www.performanceincentives.org",National Center on Performance Incentives,http://www.performanceincentives.org/data/files/news/PapersNews/Koedel_2008.pdf
R305A060034,ED510529,Toward a More Comprehensive Model of Teacher Pay. Working Paper 2008-06,"Koppich, Julia","Reports - Evaluative,Speeches/Meeting Papers",2008,"National Center on Performance Incentives. Peabody College of Vanderbilt University, PMB #43, 230 Appleton Place, Nashville, TN 37203. Tel: 615-322-5538; Fax: 615-322-6018; e-mail: ncpi@vanderbilt.edu; Web site: http://www.performanceincentives.org",National Center on Performance Incentives,http://www.performanceincentives.org/data/files/directory/ConferencePapersNews/Koppich_20081.pdf
R305A060034,ED510530,Holding Accountability to Account: How Scholarship and Experience in Other Fields Inform Exploration of Performance Incentives in Education. Working Paper 2008-04,"Rothstein, Richard","Reports - Descriptive,Speeches/Meeting Papers",2008,"National Center on Performance Incentives. Peabody College of Vanderbilt University, PMB #43, 230 Appleton Place, Nashville, TN 37203. Tel: 615-322-5538; Fax: 615-322-6018; e-mail: ncpi@vanderbilt.edu; Web site: http://www.performanceincentives.org",National Center on Performance Incentives,http://www.performanceincentives.org/data/files/directory/ConferencePapersNews/Rothstein_2008.pdf
R305A060034,ED510532,Exploring Student-Teacher Interactions in Longitudinal Achievement Data. Working Paper 2008-24,"Lockwood, J. R.; McCaffrey, Daniel F.","Reports - Evaluative,Speeches/Meeting Papers",2008,"National Center on Performance Incentives. Peabody College of Vanderbilt University, PMB #43, 230 Appleton Place, Nashville, TN 37203. Tel: 615-322-5538; Fax: 615-322-6018; e-mail: ncpi@vanderbilt.edu; Web site: http://www.performanceincentives.org",National Center on Performance Incentives,http://www.performanceincentives.org/data/files/news/PapersNews/Lockwood_and_McCaffrey_2008.pdf
R305A060034,ED510533,Legal Limitations on Public Pension Plan Reform. Conference Paper 2009-08,"Monahan, Amy B.","Reports - Descriptive,Speeches/Meeting Papers",2009,"National Center on Performance Incentives. Peabody College of Vanderbilt University, PMB #43, 230 Appleton Place, Nashville, TN 37203. Tel: 615-322-5538; Fax: 615-322-6018; e-mail: ncpi@vanderbilt.edu; Web site: http://www.performanceincentives.org",National Center on Performance Incentives,http://www.performanceincentives.org/data/files/news/ConferencePapers2009News/Monahan_2009_Final.pdf
R305A060034,ED510731,"The Effect of Performance Pay in Little Rock, Arkansas on Student Achievement. Research Brief","Winters, Marcus; Greene, Jay; Ritter, Gary; Marsh, Ryan",Reports - Evaluative,2008,"National Center on Performance Incentives. Peabody College of Vanderbilt University, PMB #43, 230 Appleton Place, Nashville, TN 37203. Tel: 615-322-5538; Fax: 615-322-6018; e-mail: ncpi@vanderbilt.edu; Web site: http://www.performanceincentives.org",National Center on Performance Incentives,http://www.performanceincentives.org/data/files/news/ReportsNews/Winters_Conference_2008.pdf
R305A060034,ED507469,Does the Missouri Teacher Career Ladder Program Raise Student Achievement?,"Booker, Kevin; Glazerman, Steven","Numerical/Quantitative Data,Reports - Evaluative",2009,"Mathematica Policy Research, Inc. P.O. Box 2393, Princeton, NJ 08543-2393. Tel: 609-799-3535; Fax: 609-799-0005; e-mail: info@mathematica-mpr.com; Web site: http://www.mathematica-mpr.com","Mathematica Policy Research, Inc.",NA
R305A060034,ED538343,Collective Bargaining in Education and Pay for Performance. Research Brief,NA,Reports - Research,2008,"National Center on Performance Incentives. Peabody College of Vanderbilt University, PMB #43, 230 Appleton Place, Nashville, TN 37203. Tel: 615-322-5538; Fax: 615-322-6018; e-mail: ncpi@vanderbilt.edu; Web site: https://my.vanderbilt.edu/performanceincentives",National Center on Performance Incentives,https://my.vanderbilt.edu/performanceincentives/files/2012/10/Hannaway_Feb_08.pdf
R305A060034,ED538344,Governor's Educator Excellence Grant (GEEG) Program: Year One Evaluation Report. Policy Evaluation Report,"Springer, Matthew G.; Podgursky, Michael J.; Lewis, Jessica L.; Ehlert, Mark W.; Gardner, Catherine G.; Ghoshdastidar, Bonnie; Lopez, Omar S.; Patterson, Christine H.; Taylor, Lori L.","Numerical/Quantitative Data,Reports - Evaluative,Tests/Questionnaires",2007,"National Center on Performance Incentives. Peabody College of Vanderbilt University, PMB #43, 230 Appleton Place, Nashville, TN 37203. Tel: 615-322-5538; Fax: 615-322-6018; e-mail: ncpi@vanderbilt.edu; Web site: https://my.vanderbilt.edu/performanceincentives",National Center on Performance Incentives,https://my.vanderbilt.edu/performanceincentives/files/2012/10/200708_SpringerEtAl_GEEG_Year12.pdf
R305A060034,ED538349,Teacher Attitudes on Pay for Performance: A Pilot Study. Working Paper 2007-06,"Jacob, Brian; Springer, Matthew G.",Reports - Research,2007,"National Center on Performance Incentives. Peabody College of Vanderbilt University, PMB #43, 230 Appleton Place, Nashville, TN 37203. Tel: 615-322-5538; Fax: 615-322-6018; e-mail: ncpi@vanderbilt.edu; Web site: https://my.vanderbilt.edu/performanceincentives",National Center on Performance Incentives,https://my.vanderbilt.edu/performanceincentives/files/2012/10/200706_JacobSpringer_TeacherAttitudes1.pdf
R305A060034,ED538363,The Intertemporal Stability of Teacher Effect Estimates. Working Paper 2008-22,"McCaffrey, Daniel F.; Sass, Tim R.; Lockwood, J.R.",Reports - Research,2008,"National Center on Performance Incentives. Peabody College of Vanderbilt University, PMB #43, 230 Appleton Place, Nashville, TN 37203. Tel: 615-322-5538; Fax: 615-322-6018; e-mail: ncpi@vanderbilt.edu; Web site: https://my.vanderbilt.edu/performanceincentives",National Center on Performance Incentives,https://my.vanderbilt.edu/performanceincentives/files/2012/10/200822_McCaffreyEtAl_IntertempStability1.pdf
R305A060034,ED538369,The Politics of Teacher Pay Reforms. Working Paper 2008-01,"Goldhaber, Dan","Reports - Evaluative,Speeches/Meeting Papers",2008,"National Center on Performance Incentives. Peabody College of Vanderbilt University, PMB #43, 230 Appleton Place, Nashville, TN 37203. Tel: 615-322-5538; Fax: 615-322-6018; e-mail: ncpi@vanderbilt.edu; Web site: https://my.vanderbilt.edu/performanceincentives",National Center on Performance Incentives,https://my.vanderbilt.edu/performanceincentives/files/2012/10/200801_Goldhaber_TeacherPayReform1.pdf
R305A060034,ED624536,Final Report: Experimental Evidence from the Project on Incentives in Teaching (POINT),"Springer, Matthew G.; Ballou, Dale; Hamilton, Laura; Le, Vi-Nhuan; Lockwood, J. R.; McCaffrey, Daniel F.; Pepper, Matthew; Stecher, Brian M.",Reports - Research,2012,NA,Grantee Submission,NA
R305A060044,ED574537,What Works in Gifted Education Mathematics Study: Impact of Pre-Differentiated and Enriched Curricula on General Education Teachers and Their Students. Research Monograph Series. RM13242,"Gubbins, E. Jean; McCoach, D. Betsy; Foreman, Jennifer L.; Gilson, Cindy M.; Bruce-Davis, Micah N.; Rubenstein, Lisa DaVia; Savino, Jennifer; Rambo, Karen; Waterman, Craig","Reports - Research,Tests/Questionnaires",2013,"National Research Center on the Gifted and Talented. University of Connecticut, 2131 Hillside Road Unit 3007, Storrs, CT 06269-4676. Tel: 860-486-4676; Fax: 860-486-2900; Web site: http://nrcgt.uconn.edu/",National Research Center on the Gifted and Talented,NA
R305A060044,ED574542,Status of STEM High Schools and Implications for Practice,"Gubbins, E. Jean; Villanueva, Merzili; Gilson, Cindy M.; Foreman, Jennifer L.; Bruce-Davis, Micah N.; Vahidi, Siamak; Callahan, Carolyn M.; Tofel-Grehl, Colby","Numerical/Quantitative Data,Reports - Evaluative",2013,"National Research Center on the Gifted and Talented. University of Connecticut, 2131 Hillside Road Unit 3007, Storrs, CT 06269-4676. Tel: 860-486-4676; Fax: 860-486-2900; Web site: http://nrcgt.uconn.edu/",National Research Center on the Gifted and Talented,NA
R305A060067,ED527055,Handbook of the Economics of Education. Volume 3,"Hanushek, Eric A., Ed.; Machin, Stephen J., Ed.; Woessmann, Ludger, Ed.","Books,Collected Works - General",2011,"Elsevier. 11830 Westline Industrial Drive, St. Louis, MO 63146. Tel: 800-545-2522; Fax: 800-535-9935; e-mail: usbkinfo@elsevier.com; Web site: http://www.elsevier.com/wps/find/books_browse.cws_home",Elsevier,http://www.elsevierdirect.com/product.jsp?isbn=9780444534293
R305A060067,ED523047,Handbook of Education Policy Research,"Sykes, Gary, Ed.; Schneider, Barbara, Ed.; Plank, David N., Ed.","Books,Collected Works - General",2009,"Routledge, Taylor & Francis Group. 7625 Empire Drive, Florence, KY 41042. Tel: 800-634-7064; Fax: 800-248-4724; e-mail: cserve@routledge-ny.com; Web site: http://www.routledge.com","Routledge, Taylor & Francis Group",http://www.routledge.com/books/details/9780415989916
R305A060067,ED521615,Creating a New Teaching Profession,"Goldhaber, Dan, Ed.; Hannaway, Jane, Ed.","Books,Collected Works - General",2009,"Urban Institute Press. 2100 M Street NW, Washington, DC 20037. Tel: 202-261-5687; Fax: 202-467-5775; Web site: http://www.urban.org/uipress/",Urban Institute Press,http://www.urban.org/uipress/publications/211524.html
R305A060067,ED513819,Value Added of Teachers in High-Poverty Schools and Lower-Poverty Schools. Working Paper 52,"Sass, Tim R.; Hannaway, Jane; Xu, Zeyu; Figlio, David N.; Feng, Li",Reports - Evaluative,2010,"National Center for Analysis of Longitudinal Data in Education Research. The Urban Institute, 2100 M Street NW, Washington, DC 20037. Tel: 202-261-5739; Fax: 202-833-2477; e-mail: inquiry@caldercenter.org; Web site: http://www.caldercenter.org",National Center for Analysis of Longitudinal Data in Education Research,NA
R305A060067,ED514493,Teacher Attitudes about Compensation Reform: Implications for Reform Implementation. Working Paper 50,"Goldhaber, Dan; DeArmond, Michael; DeBurgomaster, Scott",Reports - Descriptive,2010,"National Center for Analysis of Longitudinal Data in Education Research. The Urban Institute, 2100 M Street NW, Washington, DC 20037. Tel: 202-261-5739; Fax: 202-833-2477; e-mail: inquiry@caldercenter.org; Web site: http://www.caldercenter.org",National Center for Analysis of Longitudinal Data in Education Research,NA
R305A060067,ED514495,"Teacher Mobility, School Segregation, and Pay-Based Policies to Level the Playing Field. Working Paper 44","Clotfelter, Charles T.; Ladd, Helen F.; Vigdor, Jacob L.",Reports - Research,2010,"National Center for Analysis of Longitudinal Data in Education Research. The Urban Institute, 2100 M Street NW, Washington, DC 20037. Tel: 202-261-5739; Fax: 202-833-2477; e-mail: inquiry@caldercenter.org; Web site: http://www.caldercenter.org",National Center for Analysis of Longitudinal Data in Education Research,NA
R305A060067,ED498003,High Poverty Schools and the Distribution of Teachers and Principals,"Clotfelter, Charles; Ladd, Helen F.; Vigdor, Jacob; Wheeler, Justin",Reports - Research,2006,"Terry Sanford Institute of Public Policy. P.O. Box 90239, Durham, NC 27708-0239. Tel: 919-613-7401; Fax: 919-681-8288; e-mail: ppsinfo@duke.edu; Web site: http://www.pubpol.duke.edu",Terry Sanford Institute of Public Policy,NA
R305A060067,ED511762,What Makes Special Education Teachers Special? Teacher Training and Achievement of Students with Disabilities. Working Paper 49,"Feng, Li; Sass, Tim R.",Reports - Evaluative,2010,"National Center for Analysis of Longitudinal Data in Education Research. The Urban Institute, 2100 M Street NW, Washington, DC 20037. Tel: 202-261-5739; Fax: 202-833-2477; e-mail: inquiry@caldercenter.org; Web site: http://www.caldercenter.org",National Center for Analysis of Longitudinal Data in Education Research,NA
R305A060067,ED511763,Scaling the Digital Divide: Home Computer Technology and Student Achievement. Working Paper 48,"Vigdor, Jacob L.; Ladd, Helen F.",Reports - Evaluative,2010,"National Center for Analysis of Longitudinal Data in Education Research. The Urban Institute, 2100 M Street NW, Washington, DC 20037. Tel: 202-261-5739; Fax: 202-833-2477; e-mail: inquiry@caldercenter.org; Web site: http://www.caldercenter.org",National Center for Analysis of Longitudinal Data in Education Research,NA
R305A060067,ED511765,Measure for Measure: The Relationship between Measures of Instructional Practice in Middle School English Language Arts and Teachers' Value-Added Scores. Working Paper 45,"Grossman, Pamela L.; Loeb, Susanna; Cohen, Julia; Hammerness, Karen; Wyckoff, James H.; Boyd, Donald J.; Lankford, Hamilton",Reports - Evaluative,2010,"National Center for Analysis of Longitudinal Data in Education Research. The Urban Institute, 2100 M Street NW, Washington, DC 20037. Tel: 202-261-5739; Fax: 202-833-2477; e-mail: inquiry@caldercenter.org; Web site: http://www.caldercenter.org",National Center for Analysis of Longitudinal Data in Education Research,NA
R305A060067,ED509651,Value-Added Analysis and Education Policy. Brief 1,"Rivkin, Steven G.",Reports - Descriptive,2007,"National Center for Analysis of Longitudinal Data in Education Research. The Urban Institute, 2100 M Street NW, Washington, DC 20037. Tel: 202-261-5739; Fax: 202-833-2477; e-mail: inquiry@caldercenter.org; Web site: http://www.caldercenter.org",National Center for Analysis of Longitudinal Data in Education Research,NA
R305A060067,ED509655,How and Why Do Teacher Credentials Matter for Student Achievement? Working Paper 2. Revised,"Clotfelter, Charles T.; Ladd, Helen F.; Vigdor, Jacob L.",Reports - Research,2007,"National Center for Analysis of Longitudinal Data in Education Research. The Urban Institute, 2100 M Street NW, Washington, DC 20037. Tel: 202-261-5739; Fax: 202-833-2477; e-mail: inquiry@caldercenter.org; Web site: http://www.caldercenter.org",National Center for Analysis of Longitudinal Data in Education Research,NA
R305A060067,ED509656,"Teacher Training, Teacher Quality, and Student Achievement. Working Paper 3","Harris, Douglas N.; Sass, Tim R.",Reports - Evaluative,2007,"National Center for Analysis of Longitudinal Data in Education Research. The Urban Institute, 2100 M Street NW, Washington, DC 20037. Tel: 202-261-5739; Fax: 202-833-2477; e-mail: inquiry@caldercenter.org; Web site: http://www.caldercenter.org",National Center for Analysis of Longitudinal Data in Education Research,NA
R305A060067,ED509657,High School Diploma and GED Attainment in Florida. Research Note 1,"Sass, Tim R.","Numerical/Quantitative Data,Reports - Evaluative",2008,"National Center for Analysis of Longitudinal Data in Education Research. The Urban Institute, 2100 M Street NW, Washington, DC 20037. Tel: 202-261-5739; Fax: 202-833-2477; e-mail: inquiry@caldercenter.org; Web site: http://www.caldercenter.org",National Center for Analysis of Longitudinal Data in Education Research,NA
R305A060067,ED509660,Cramming: The Effects of School Accountability on College-Bound Students. Working Paper 7,"Donovan, Colleen; Figlio, David; Rush, Mark","Numerical/Quantitative Data,Reports - Research",2007,"National Center for Analysis of Longitudinal Data in Education Research. The Urban Institute, 2100 M Street NW, Washington, DC 20037. Tel: 202-261-5739; Fax: 202-833-2477; e-mail: inquiry@caldercenter.org; Web site: http://www.caldercenter.org",National Center for Analysis of Longitudinal Data in Education Research,NA
R305A060067,ED509661,Individual Teacher Incentives and Student Performance. Working Paper 8,"Figlio, David N.; Kenny, Lawrence W.",Reports - Research,2007,"National Center for Analysis of Longitudinal Data in Education Research. The Urban Institute, 2100 M Street NW, Washington, DC 20037. Tel: 202-261-5739; Fax: 202-833-2477; e-mail: inquiry@caldercenter.org; Web site: http://www.caldercenter.org",National Center for Analysis of Longitudinal Data in Education Research,NA
R305A060067,ED509662,Efficiency and Equity in the Time Pattern of Teacher Pension Benefits: An Analysis of Four State Systems. Working Paper 6,"Costrell, Robert M.; Podgursky, Michael",Reports - Evaluative,2007,"National Center for Analysis of Longitudinal Data in Education Research. The Urban Institute, 2100 M Street NW, Washington, DC 20037. Tel: 202-261-5739; Fax: 202-833-2477; e-mail: inquiry@caldercenter.org; Web site: http://www.caldercenter.org",National Center for Analysis of Longitudinal Data in Education Research,NA
R305A060067,ED509663,"Teacher Pensions and Retirement Behavior: How Teacher Pension Rules Affect Behavior, Mobility, and Retirement. Working Paper 5","Podgursky, Michael; Ehlert, Mark",Reports - Evaluative,2007,"National Center for Analysis of Longitudinal Data in Education Research. The Urban Institute, 2100 M Street NW, Washington, DC 20037. Tel: 202-261-5739; Fax: 202-833-2477; e-mail: inquiry@caldercenter.org; Web site: http://www.caldercenter.org",National Center for Analysis of Longitudinal Data in Education Research,NA
R305A060067,ED509664,"Everyone's Doing It, but What Does Teacher Testing Tell Us about Teacher Effectiveness? Working Paper 9","Goldhaber, Dan",Reports - Evaluative,2007,"National Center for Analysis of Longitudinal Data in Education Research. The Urban Institute, 2100 M Street NW, Washington, DC 20037. Tel: 202-261-5739; Fax: 202-833-2477; e-mail: inquiry@caldercenter.org; Web site: http://www.caldercenter.org",National Center for Analysis of Longitudinal Data in Education Research,NA
R305A060067,ED509666,Are Public Schools Really Losing Their Best? Assessing the Career Transitions of Teachers and Their Implications for the Quality of the Teacher Workforce. Working Paper 12,"Goldhaber, Dan; Gross, Betheny; Player, Daniel","Numerical/Quantitative Data,Reports - Evaluative",2007,"National Center for Analysis of Longitudinal Data in Education Research. The Urban Institute, 2100 M Street NW, Washington, DC 20037. Tel: 202-261-5739; Fax: 202-833-2477; e-mail: inquiry@caldercenter.org; Web site: http://www.caldercenter.org",National Center for Analysis of Longitudinal Data in Education Research,NA
R305A060067,ED509667,Feeling the Florida Heat? How Low-Performing Schools Respond to Voucher and Accountability Pressure. Working Paper 13,"Rouse, Cecilia Elena; Hannaway, Jane; Goldhaber, Dan; Figlio, David",Reports - Evaluative,2007,"National Center for Analysis of Longitudinal Data in Education Research. The Urban Institute, 2100 M Street NW, Washington, DC 20037. Tel: 202-261-5739; Fax: 202-833-2477; e-mail: inquiry@caldercenter.org; Web site: http://www.caldercenter.org",National Center for Analysis of Longitudinal Data in Education Research,NA
R305A060067,ED509668,"Public School Choice and Integration: Evidence from Durham, North Carolina. Working Paper 14","Bifulco, Robert; Ladd, Helen F.; Ross, Stephen",Reports - Evaluative,2008,"National Center for Analysis of Longitudinal Data in Education Research. The Urban Institute, 2100 M Street NW, Washington, DC 20037. Tel: 202-261-5739; Fax: 202-833-2477; e-mail: inquiry@caldercenter.org; Web site: http://www.caldercenter.org",National Center for Analysis of Longitudinal Data in Education Research,NA
R305A060067,ED509669,School Segregation under Color-Blind Jurisprudence: The Case of North Carolina. Working Paper 16,"Clotfelter, Charles T.; Ladd, Helen F.; Vigdor, Jacob L.",Reports - Evaluative,2008,"National Center for Analysis of Longitudinal Data in Education Research. The Urban Institute, 2100 M Street NW, Washington, DC 20037. Tel: 202-261-5739; Fax: 202-833-2477; e-mail: inquiry@caldercenter.org; Web site: http://www.caldercenter.org",National Center for Analysis of Longitudinal Data in Education Research,NA
R305A060067,ED509671,Measuring Effect Sizes: The Effect of Measurement Error. Working Paper 19,"Boyd, Donald; Grossman, Pamela; Lankford, Hamilton; Loeb, Susanna; Wyckoff, James",Reports - Evaluative,2008,"National Center for Analysis of Longitudinal Data in Education Research. The Urban Institute, 2100 M Street NW, Washington, DC 20037. Tel: 202-261-5739; Fax: 202-833-2477; e-mail: inquiry@caldercenter.org; Web site: http://www.caldercenter.org",National Center for Analysis of Longitudinal Data in Education Research,NA
R305A060067,ED509673,Student Transience in North Carolina: The Effect of School Mobility on Student Outcomes Using Longitudinal Data. Working Paper 22,"Xu, Zeyu; Hannaway, Jane; D'Souza, Stephanie",Reports - Evaluative,2009,"National Center for Analysis of Longitudinal Data in Education Research. The Urban Institute, 2100 M Street NW, Washington, DC 20037. Tel: 202-261-5739; Fax: 202-833-2477; e-mail: inquiry@caldercenter.org; Web site: http://www.caldercenter.org",National Center for Analysis of Longitudinal Data in Education Research,NA
R305A060067,ED509674,The Texas FERPA Story. Brief 5,"O'Brien, Dan",Reports - Descriptive,2008,"National Center for Analysis of Longitudinal Data in Education Research. The Urban Institute, 2100 M Street NW, Washington, DC 20037. Tel: 202-261-5739; Fax: 202-833-2477; e-mail: inquiry@caldercenter.org; Web site: http://www.caldercenter.org",National Center for Analysis of Longitudinal Data in Education Research,NA
R305A060067,ED509680,Teachers' Perceptions of Their Working Conditions: How Predictive of Policy-Relevant Outcomes? Working Paper 33,"Ladd, Helen F.","Numerical/Quantitative Data,Reports - Research",2009,"National Center for Analysis of Longitudinal Data in Education Research. The Urban Institute, 2100 M Street NW, Washington, DC 20037. Tel: 202-261-5739; Fax: 202-833-2477; e-mail: inquiry@caldercenter.org; Web site: http://www.caldercenter.org",National Center for Analysis of Longitudinal Data in Education Research,NA
R305A060067,ED509682,Principal Effectiveness and Leadership in an Era of Accountability: What Research Says. Brief 8,"Rice, Jennifer King",Reports - Evaluative,2010,"National Center for Analysis of Longitudinal Data in Education Research. The Urban Institute, 2100 M Street NW, Washington, DC 20037. Tel: 202-261-5739; Fax: 202-833-2477; e-mail: inquiry@caldercenter.org; Web site: http://www.caldercenter.org",National Center for Analysis of Longitudinal Data in Education Research,NA
R305A060067,ED509684,What Makes for a Good Teacher and Who Can Tell? Working Paper 30,"Harris, Douglas N.; Sass, Tim R.",Reports - Evaluative,2009,"National Center for Analysis of Longitudinal Data in Education Research. The Urban Institute, 2100 M Street NW, Washington, DC 20037. Tel: 202-261-5739; Fax: 202-833-2477; e-mail: inquiry@caldercenter.org; Web site: http://www.caldercenter.org",National Center for Analysis of Longitudinal Data in Education Research,NA
R305A060067,ED509685,Estimating Principal Effectiveness. Working Paper 32,"Branch, Gregory; Hanushek, Eric; Rivkin, Steven",Reports - Evaluative,2009,"National Center for Analysis of Longitudinal Data in Education Research. The Urban Institute, 2100 M Street NW, Washington, DC 20037. Tel: 202-261-5739; Fax: 202-833-2477; e-mail: inquiry@caldercenter.org; Web site: http://www.caldercenter.org",National Center for Analysis of Longitudinal Data in Education Research,NA
R305A060067,ED509686,How Career Concerns Influence Public Workers' Effort: Evidence from the Teacher Labor Market. Working Paper 40,"Hansen, Michael",Reports - Evaluative,2009,"National Center for Analysis of Longitudinal Data in Education Research. The Urban Institute, 2100 M Street NW, Washington, DC 20037. Tel: 202-261-5739; Fax: 202-833-2477; e-mail: inquiry@caldercenter.org; Web site: http://www.caldercenter.org",National Center for Analysis of Longitudinal Data in Education Research,NA
R305A060067,ED509688,"Effective Schools: Managing the Recruitment, Development, and Retention of High-Quality Teachers. Working Paper 37","Beteille, Tara; Kalogrides, Demetra; Loeb, Susanna",Reports - Evaluative,2009,"National Center for Analysis of Longitudinal Data in Education Research. The Urban Institute, 2100 M Street NW, Washington, DC 20037. Tel: 202-261-5739; Fax: 202-833-2477; e-mail: inquiry@caldercenter.org; Web site: http://www.caldercenter.org",National Center for Analysis of Longitudinal Data in Education Research,NA
R305A060067,ED509689,Assessing the Potential of Using Value-Added Estimates of Teacher Job Performance for Making Tenure Decisions. Working Paper 31,"Goldhaber, Dan; Hansen, Michael",Reports - Research,2010,"National Center for Analysis of Longitudinal Data in Education Research. The Urban Institute, 2100 M Street NW, Washington, DC 20037. Tel: 202-261-5739; Fax: 202-833-2477; e-mail: inquiry@caldercenter.org; Web site: http://www.caldercenter.org",National Center for Analysis of Longitudinal Data in Education Research,NA
R305A060067,ED509690,Before or after the Bell? School Context and Neighborhood Effects on Student Achievement. Working Paper 28,"Jargowsky, Paul A.; El Komi, Mohamed",Reports - Evaluative,2009,"National Center for Analysis of Longitudinal Data in Education Research. The Urban Institute, 2100 M Street NW, Washington, DC 20037. Tel: 202-261-5739; Fax: 202-833-2477; e-mail: inquiry@caldercenter.org; Web site: http://www.caldercenter.org",National Center for Analysis of Longitudinal Data in Education Research,NA
R305A060067,ED509693,School Principals and School Performance. Working Paper 38,"Clark, Damon; Martorell, Paco; Rockoff, Jonah","Numerical/Quantitative Data,Reports - Evaluative",2009,"National Center for Analysis of Longitudinal Data in Education Research. The Urban Institute, 2100 M Street NW, Washington, DC 20037. Tel: 202-261-5739; Fax: 202-833-2477; e-mail: inquiry@caldercenter.org; Web site: http://www.caldercenter.org",National Center for Analysis of Longitudinal Data in Education Research,NA
R305A060067,ED510447,Performance Incentives: Their Growing Impact on American K-12 Education,"Springer, Matthew G., Ed.","Books,Collected Works - General",2009,"Brookings Institution Press. 1775 Massachusetts Avenue NW, Washington, DC 20036. Tel: 202-797-6000; Fax: 202-797-6004; e-mail: webmaster@brookings.edu; Web site: http://www.brookings.edu/press.aspx",Brookings Institution Press,http://www.brookings.edu/press/Books/2008/performanceincentives.aspx
R305A060067,ED508793,Constrained Job Matching: Does Teacher Job Search Harm Disadvantaged Urban Schools? NBER Working Paper No. 15816,"Hanushek, Eric A.; Rivkin, Steven G.",Reports - Evaluative,2010,"National Bureau of Economic Research. 1050 Massachusetts Avenue, Cambridge, MA 02138-5398. Tel: 617-588-0343; Web site: http://www.nber.org",National Bureau of Economic Research,http://www.nber.org/papers/w15816
R305A060067,ED510500,Teacher Salary Bonuses in North Carolina. Working Paper 2008-03,"Vigdor, Jacob L.","Numerical/Quantitative Data,Reports - Evaluative,Speeches/Meeting Papers",2008,"National Center on Performance Incentives. Peabody College of Vanderbilt University, PMB #43, 230 Appleton Place, Nashville, TN 37203. Tel: 615-322-5538; Fax: 615-322-6018; e-mail: ncpi@vanderbilt.edu; Web site: http://www.performanceincentives.org",National Center on Performance Incentives,http://www.performanceincentives.org/data/files/directory/ConferencePapersNews/Vigdor_2008.pdf
R305A060067,ED510550,School Accountability and Teacher Mobility. Working Paper 47,"Feng, Li; Figlio, David N.; Sass, Tim R.",Reports - Evaluative,2010,"National Center for Analysis of Longitudinal Data in Education Research. The Urban Institute, 2100 M Street NW, Washington, DC 20037. Tel: 202-261-5739; Fax: 202-833-2477; e-mail: inquiry@caldercenter.org; Web site: http://www.caldercenter.org",National Center for Analysis of Longitudinal Data in Education Research,NA
R305A060067,ED510551,Constrained Job Matching: Does Teacher Job Search Harm Disadvantaged Urban Schools? Working Paper 42,"Hanushek, Eric A.; Rivkin, Steven G.",Reports - Evaluative,2010,"National Center for Analysis of Longitudinal Data in Education Research. The Urban Institute, 2100 M Street NW, Washington, DC 20037. Tel: 202-261-5739; Fax: 202-833-2477; e-mail: inquiry@caldercenter.org; Web site: http://www.caldercenter.org",National Center for Analysis of Longitudinal Data in Education Research,NA
R305A060067,ED510552,Competitive Effects of Means-Tested School Vouchers. Working Paper 46,"Figlio, David N.; Hart, Cassandra M. D.","Numerical/Quantitative Data,Reports - Research",2010,"National Center for Analysis of Longitudinal Data in Education Research. The Urban Institute, 2100 M Street NW, Washington, DC 20037. Tel: 202-261-5739; Fax: 202-833-2477; e-mail: inquiry@caldercenter.org; Web site: http://www.caldercenter.org",National Center for Analysis of Longitudinal Data in Education Research,NA
R305A060067,ED510553,New Estimates of Design Parameters for Clustered Randomization Studies: Findings from North Carolina and Florida. Working Paper 43,"Xu, Zeyu; Nichols, Austin","Numerical/Quantitative Data,Reports - Evaluative",2010,"National Center for Analysis of Longitudinal Data in Education Research. The Urban Institute, 2100 M Street NW, Washington, DC 20037. Tel: 202-261-5739; Fax: 202-833-2477; e-mail: inquiry@caldercenter.org; Web site: http://www.caldercenter.org",National Center for Analysis of Longitudinal Data in Education Research,NA
R305A060067,ED510698,Using Performance on the Job to Inform Teacher Tenure Decisions. Brief 10,"Goldhaber, Dan; Hansen, Michael",Reports - Evaluative,2010,"National Center for Analysis of Longitudinal Data in Education Research. The Urban Institute, 2100 M Street NW, Washington, DC 20037. Tel: 202-261-5739; Fax: 202-833-2477; e-mail: inquiry@caldercenter.org; Web site: http://www.caldercenter.org",National Center for Analysis of Longitudinal Data in Education Research,NA
R305A060067,ED490921,Can Teacher Quality Be Effectively Assessed? National Board Certification as a Signal of Effective Teaching,"Goldhaber, Dan; Anthony, Emily",Reports - Evaluative,2005,"The Urban Institute, 2100 M St., NW, Washington, DC 20037. Tel: 202-261-5687; Fax: 202-467-5775; Web site: http://www.urban.org.",Urban Institute (NJ1),NA
R305A060067,ED482900,"New Evidence about ""Brown v. Board of Education"": The Complex Effects of School Racial Composition on Achievement.","Hanushek, Eric A.; Kain, John F.; Rivkin, Steven G.","Reports - Research,Speeches/Meeting Papers",2001,NA,NA,NA
R305A060067,ED505607,Classroom Peer Effects and Student Achievement. Working Paper 08-5,"Burke, Mary A.; Sass, Tim R.",Reports - Evaluative,2008,"Federal Reserve Bank of Boston. P.O. Box 55882, Boston, MA 02205. Tel: 617-973-3000; Tel: 617-973-3397; e-mail: boston.library@bos.frb.org; Web site: http://www.bos.frb.org/",Federal Reserve Bank of Boston,NA
R305A060067,ED502512,Harming the Best: How Schools Affect the Black-White Achievement Gap. NBER Working Paper No. 14211,"Hanushek, Eric A.; Rivkin, Steven G.",Reports - Descriptive,2008,"National Bureau of Economic Research. 1050 Massachusetts Avenue, Cambridge, MA 02138-5398. Tel: 617-588-0343; Web site: http://www.nber.org/cgi-bin/get_bars.pl?bar=pub",National Bureau of Economic Research,http://www.nber.org/papers/w14211
R305A060067,ED508249,Are Teacher Absences Worth Worrying about in the U.S.? Working Paper 24,"Clotfelter, Charles T.; Ladd, Helen F.; Vigdor, Jacob L.","Numerical/Quantitative Data,Reports - Evaluative",2009,"National Center for Analysis of Longitudinal Data in Education Research. The Urban Institute, 2100 M Street NW, Washington, DC 20037. Tel: 202-261-5739; Fax: 202-833-2477; e-mail: inquiry@caldercenter.org; Web site: http://www.caldercenter.org",National Center for Analysis of Longitudinal Data in Education Research,NA
R305A060067,ED508272,Assessing the Potential of Using Value-Added Estimates of Teacher Job Performance for Making Tenure Decisions. Brief 3,"Goldhaber, Dan; Hansen, Michael",Reports - Research,2008,"National Center for Analysis of Longitudinal Data in Education Research. The Urban Institute, 2100 M Street NW, Washington, DC 20037. Tel: 202-261-5739; Fax: 202-833-2477; e-mail: inquiry@caldercenter.org; Web site: http://www.caldercenter.org",National Center for Analysis of Longitudinal Data in Education Research,NA
R305A060067,ED508273,The Stability of Value-Added Measures of Teacher Quality and Implications for Teacher Compensation Policy. Brief 4,"Sass, Tim R.",Reports - Research,2008,"National Center for Analysis of Longitudinal Data in Education Research. The Urban Institute, 2100 M Street NW, Washington, DC 20037. Tel: 202-261-5739; Fax: 202-833-2477; e-mail: inquiry@caldercenter.org; Web site: http://www.caldercenter.org",National Center for Analysis of Longitudinal Data in Education Research,NA
R305A060067,ED508275,"""Who Leaves?"" Teacher Attrition and Student Achievement. Working Paper 23","Boyd, Donald; Grossman, Pamela; Lankford, Hamilton; Loeb, Susanna; Wyckoff, James",Reports - Research,2009,"National Center for Analysis of Longitudinal Data in Education Research. The Urban Institute, 2100 M Street NW, Washington, DC 20037. Tel: 202-261-5739; Fax: 202-833-2477; e-mail: inquiry@caldercenter.org; Web site: http://www.caldercenter.org",National Center for Analysis of Longitudinal Data in Education Research,NA
R305A060067,ED508276,The Narrowing Gap in New York City Teacher Qualifications and Implications for Student Achievement in High-Poverty Schools. Brief 6,"Boyd, Don; Lankford, Hamp; Loeb, Susanna; Rockoff, Jonah; Wyckoff, Jim",Reports - Research,2008,"National Center for Analysis of Longitudinal Data in Education Research. The Urban Institute, 2100 M Street NW, Washington, DC 20037. Tel: 202-261-5739; Fax: 202-833-2477; e-mail: inquiry@caldercenter.org; Web site: http://www.caldercenter.org",National Center for Analysis of Longitudinal Data in Education Research,NA
R305A060067,ED508277,Do Disadvantaged Urban Schools Lose Their Best Teachers? Brief 7,"Hanushek, Eric A.; Rivkin, Steven G.",Reports - Evaluative,2008,"National Center for Analysis of Longitudinal Data in Education Research. The Urban Institute, 2100 M Street NW, Washington, DC 20037. Tel: 202-261-5739; Fax: 202-833-2477; e-mail: inquiry@caldercenter.org; Web site: http://www.caldercenter.org",National Center for Analysis of Longitudinal Data in Education Research,NA
R305A060067,ED508281,Status versus Growth: The Distributional Effects of School Accountability Policies. Working Paper,"Ladd, Helen F.; Lauen, Douglas L.",Reports - Evaluative,2009,"Urban Institute. 2100 M Street NW, Washington, DC 20037. Tel: 202-261-5687; Fax: 202-467-5775; Web site: http://www.urban.org",Urban Institute (NJ1),NA
R305A060067,ED508283,The Effects of Open Enrollment on School Choice and Student Outcomes. Working Paper 26,"Ozek, Umut",Reports - Evaluative,2009,"National Center for Analysis of Longitudinal Data in Education Research. The Urban Institute, 2100 M Street NW, Washington, DC 20037. Tel: 202-261-5739; Fax: 202-833-2477; e-mail: inquiry@caldercenter.org; Web site: http://www.caldercenter.org",National Center for Analysis of Longitudinal Data in Education Research,NA
R305A060067,ED501931,Segregation and the Black-White Test Score Gap. NBER Working Paper No. 12988,"Vigdor, Jacob; Ludwig, Jens",Reports - Evaluative,2007,"National Bureau of Economic Research. 1050 Massachusetts Avenue, Cambridge, MA 02138-5398. Tel: 617-588-0343; Web site: http://www.nber.org/cgi-bin/get_bars.pl?bar=pub",National Bureau of Economic Research,http://www.nber.org/papers/w12988
R305A060067,ED501943,Does Pollution Increase School Absences? NBER Working Paper No. 13252,"Currie, Janet; Hanushek, Eric; Kahn, E. Megan; Neidell, Matthew; Rivkin, Steven",Reports - Descriptive,2007,"National Bureau of Economic Research. 1050 Massachusetts Avenue, Cambridge, MA 02138-5398. Tel: 617-588-0343; Web site: http://www.nber.org/cgi-bin/get_bars.pl?bar=pub",National Bureau of Economic Research,http://www.nber.org/papers/w13252
R305A060067,ED529165,The Gateway to the Profession: Assessing Teacher Preparation Programs Based on Student Achievement. Working Paper 65,"Goldhaber, Dan; Liddle, Stephanie",Reports - Research,2012,"National Center for Analysis of Longitudinal Data in Education Research. American Institutes for Research, 1000 Thomas Jefferson Street NW, Washington, DC 20007. Tel: 202-403-5000; Fax: 202-403-5454; e-mail: inquiry@caldercenter.org; Web site: http://www.caldercenter.org",National Center for Analysis of Longitudinal Data in Education Research,NA
R305A060067,ED529166,The Aftermath of Accelerating Algebra: Evidence from a District Policy Initiative. Working Paper 69,"Clotfelter, Charles T.; Ladd, Helen F.; Vigdor, Jacob L.","Numerical/Quantitative Data,Reports - Research",2012,"National Center for Analysis of Longitudinal Data in Education Research. American Institutes for Research, 1000 Thomas Jefferson Street NW, Washington, DC 20007. Tel: 202-403-5000; Fax: 202-403-5454; e-mail: inquiry@caldercenter.org; Web site: http://www.caldercenter.org",National Center for Analysis of Longitudinal Data in Education Research,NA
R305A060067,ED529167,"Assessing the ""Rothstein Test"": Does It Really Show Teacher Value-Added Models Are Biased? Working Paper 71","Goldhaber, Dan; Chaplin, Duncan",Reports - Evaluative,2012,"National Center for Analysis of Longitudinal Data in Education Research. American Institutes for Research, 1000 Thomas Jefferson Street NW, Washington, DC 20007. Tel: 202-403-5000; Fax: 202-403-5454; e-mail: inquiry@caldercenter.org; Web site: http://www.caldercenter.org",National Center for Analysis of Longitudinal Data in Education Research,NA
R305A060067,ED529175,Estimating the Effect of Leaders on Public Sector Productivity: The Case of School Principals. Working Paper 66,"Branch, Gregory F.; Hanushek, Eric A.; Rivkin, Steven G.",Reports - Research,2012,"National Center for Analysis of Longitudinal Data in Education Research. American Institutes for Research, 1000 Thomas Jefferson Street NW, Washington, DC 20007. Tel: 202-403-5000; Fax: 202-403-5454; e-mail: inquiry@caldercenter.org; Web site: http://www.caldercenter.org",National Center for Analysis of Longitudinal Data in Education Research,NA
R305A060067,ED529176,Different Skills: Identifying Differentially Effective Teachers of English Language Learners. Working Paper 68,"Master, Ben; Loeb, Susanna; Whitney, Camille; Wyckoff, James",Reports - Research,2012,"National Center for Analysis of Longitudinal Data in Education Research. American Institutes for Research, 1000 Thomas Jefferson Street NW, Washington, DC 20007. Tel: 202-403-5000; Fax: 202-403-5454; e-mail: inquiry@caldercenter.org; Web site: http://www.caldercenter.org",National Center for Analysis of Longitudinal Data in Education Research,NA
R305A060067,ED529177,Pension-Induced Rigidities in the Labor Market for School Leaders. Working Paper 67,"Koedel, Cory; Grissom, Jason A.; Ni, Shawn; Podgursky, Michael",Reports - Research,2012,"National Center for Analysis of Longitudinal Data in Education Research. American Institutes for Research, 1000 Thomas Jefferson Street NW, Washington, DC 20007. Tel: 202-403-5000; Fax: 202-403-5454; e-mail: inquiry@caldercenter.org; Web site: http://www.caldercenter.org",National Center for Analysis of Longitudinal Data in Education Research,NA
R305A060067,ED529178,Where You Come from or Where You Go? Distinguishing between School Quality and the Effectiveness of Teacher Preparation Program Graduates. Working Paper 63,"Mihaly, Kata; McCaffery, Daniel; Sass, Tim R.; Lockwood, J. R.","Numerical/Quantitative Data,Reports - Research",2012,"National Center for Analysis of Longitudinal Data in Education Research. American Institutes for Research, 1000 Thomas Jefferson Street NW, Washington, DC 20007. Tel: 202-403-5000; Fax: 202-403-5454; e-mail: inquiry@caldercenter.org; Web site: http://www.caldercenter.org",National Center for Analysis of Longitudinal Data in Education Research,NA
R305A060067,ED529179,Certification Requirements and Teacher Quality: A Comparison of Alternative Routes to Teaching. Working Paper 64,"Sass, Tim R.",Reports - Evaluative,2011,"National Center for Analysis of Longitudinal Data in Education Research. American Institutes for Research, 1000 Thomas Jefferson Street NW, Washington, DC 20007. Tel: 202-403-5000; Fax: 202-403-5454; e-mail: inquiry@caldercenter.org; Web site: http://www.caldercenter.org",National Center for Analysis of Longitudinal Data in Education Research,NA
R305A060067,ED530401,Is It Just a Bad Class? Assessing the Long-Term Stability of Estimated Teacher Performance. Working Paper 73,"Goldhaber, Dan; Hansen, Michael",Reports - Evaluative,2012,"National Center for Analysis of Longitudinal Data in Education Research. American Institutes for Research, 1000 Thomas Jefferson Street NW, Washington, DC 20007. Tel: 202-403-5000; Fax: 202-403-5454; e-mail: inquiry@caldercenter.org; Web site: http://www.caldercenter.org",National Center for Analysis of Longitudinal Data in Education Research,NA
R305A060067,ED535509,Chronically Low-Performing Schools and Turnaround: Evidence from Three States,"Hansen, Michael; Choi, Kilchan",Reports - Research,2012,"Society for Research on Educational Effectiveness. 2040 Sheridan Road, Evanston, IL 60208. Tel: 202-495-0920; Fax: 202-640-4401; e-mail: inquiries@sree.org; Web site: http://www.sree.org",Society for Research on Educational Effectiveness,NA
R305A060067,ED532765,Success in Community College: Do Institutions Differ? Working Paper 74,"Clotfelter, Charles T.; Ladd, Helen F.; Muschkin, Clara G.; Vigdor, Jacob L.",Reports - Research,2012,"National Center for Analysis of Longitudinal Data in Education Research. American Institutes for Research, 1000 Thomas Jefferson Street NW, Washington, DC 20007. Tel: 202-403-5000; Fax: 202-403-5454; e-mail: inquiry@caldercenter.org; Web site: http://www.caldercenter.org",National Center for Analysis of Longitudinal Data in Education Research,NA
R305A060067,ED532767,School Based Accountability and the Distribution of Teacher Quality among Grades in Elementary Schools. Working Paper 75,"Fuller, Sarah C.; Ladd, Helen F.",Reports - Research,2012,"National Center for Analysis of Longitudinal Data in Education Research. American Institutes for Research, 1000 Thomas Jefferson Street NW, Washington, DC 20007. Tel: 202-403-5000; Fax: 202-403-5454; e-mail: inquiry@caldercenter.org; Web site: http://www.caldercenter.org",National Center for Analysis of Longitudinal Data in Education Research,NA
R305A060067,ED532770,Who Benefits from Pension Enhancements? Working Paper 76,"Koedel, Cory; Ni, Shawn; Podgursky, Michael",Reports - Research,2012,"National Center for Analysis of Longitudinal Data in Education Research. American Institutes for Research, 1000 Thomas Jefferson Street NW, Washington, DC 20007. Tel: 202-403-5000; Fax: 202-403-5454; e-mail: inquiry@caldercenter.org; Web site: http://www.caldercenter.org",National Center for Analysis of Longitudinal Data in Education Research,NA
R305A060067,ED533217,Portability of Teacher Effectiveness across School Settings. Working Paper 77,"Xu, Zeyu; Ozek, Umut; Corritore, Matthew","Numerical/Quantitative Data,Reports - Research",2012,"National Center for Analysis of Longitudinal Data in Education Research. American Institutes for Research, 1000 Thomas Jefferson Street NW, Washington, DC 20007. Tel: 202-403-5000; Fax: 202-403-5454; e-mail: inquiry@caldercenter.org; Web site: http://www.caldercenter.org",National Center for Analysis of Longitudinal Data in Education Research,NA
R305A060067,ED539569,"Schoolhouses, Courthouses, and Statehouses: Solving the Funding-Achievement Puzzle in America's Public Schools","Hanushek, Eric A.; Lindseth, Alfred A.","Books,Reports - Descriptive",2009,"Princeton University Press. 41 William Street, Princeton, NJ 08540. Tel: 800-777-4726; Tel: 609-258-4900; Fax: 609-258-6305; e-mail: orders@cpfsinc.com; Web site: http://press.princeton.edu",Princeton University Press,http://press.princeton.edu/titles/8890.html
R305A060067,EJ910561,An Effective Teacher in Every Classroom,"Haycock, Kati; Hanushek, Eric A.","Journal Articles,Opinion Papers",2010,"Hoover Institution. Stanford University, Stanford, CA 94305-6010. Tel: 800-935-2882; Fax: 650-723-8626; e-mail: educationnext@hoover.stanford.edu; Web site: http://educationnext.org/journal/",Education Next,http://educationnext.org/an-effective-teacher-in-every-classroom/
R305A060067,EJ879338,Golden Handcuffs,"Costrell, Robert M.; Podgursky, Michael","Journal Articles,Reports - Descriptive",2010,"Hoover Institution. Stanford University, Stanford, CA 94305-6010. Tel: 800-935-2882; Fax: 650-723-8626; e-mail: educationnext@hoover.stanford.edu; Web site: http://www.hoover.org/publications/ednext",Education Next,http://educationnext.org/golden-handcuffs/
R305A060067,EJ889247,Teacher Credentials and Student Achievement in High School: A Cross-Subject Analysis with Student Fixed Effects,"Clotfelter, Charles T.; Ladd, Helen F.; Vigdor, Jacob L.","Journal Articles,Reports - Evaluative",2010,"University of Wisconsin Press. 1930 Monroe Street, Madison, WI 53711-2059. Tel: 608-263-0668; Fax: 608-263-1173; e-mail: journals@uwpress.wisc.edu; Web site: http://www.wisc.edu/wisconsinpress/journals",Journal of Human Resources,http://jhr.uwpress.org/cgi/content/abstract/45/3/655
R305A060067,EJ795875,"Pay, Working Conditions, and Teacher Quality","Hanushek, Eric A.; Rivkin, Steven G.","Journal Articles,Reports - Evaluative",2007,"Woodrow Wilson School of Public and International Affairs at Princeton University and The Brookings Institution. 267 Wallace Hall, Princeton University, Princeton, NJ 08544. Tel: 609-258-6979; e-mail: FOC@princeton.edu; Web site: http://www.brookings.org/index/publications.htm",Future of Children,NA
R305A060067,EJ825706,Class Size Reduction and Student Achievement: The Potential Tradeoff between Teacher Quality and Class Size,"Jepsen, Christopher; Rivkin, Steven","Journal Articles,Reports - Research",2009,"University of Wisconsin Press. 1930 Monroe Street, Madison, WI 53711-2059. Tel: 608-263-0668; Fax: 608-263-1173; e-mail: journals@uwpress.wisc.edu; Web site: http://www.wisc.edu/wisconsinpress/journals",Journal of Human Resources,http://www.ssc.wisc.edu/jhr/toc1.html
R305A060067,EJ780298,"Everyone's Doing It, but What Does Teacher Testing Tell Us about Teacher Effectiveness?","Goldhaber, Dan","Journal Articles,Reports - Evaluative",2007,"University of Wisconsin Press. 1930 Monroe Street, Madison, WI 53711-2059. Tel: 608-263-0668; Fax: 608-263-1173; e-mail: journals@uwpress.wisc.edu; Web site: http://www.wisc.edu/wisconsinpress/journals",Journal of Human Resources,http://www.ssc.wisc.edu/jhr/toc2007.html
R305A060067,EJ750956,Teacher-Student Matching and the Assessment of Teacher Effectiveness,"Clotfelter, Charles T.; Ladd, Helen F.; Vigdor, Jacob L.","Journal Articles,Reports - Evaluative",2006,"University of Wisconsin Press. 1930 Monroe Street, Madison, WI 53711-2059. Tel: 608-263-0668; Fax: 608-263-1173; e-mail: journals@uwpress.wisc.edu; Web site: http://www.wisc.edu/wisconsinpress/journals",Journal of Human Resources,http://www.ssc.wisc.edu/jhr/2006ab/clotfelter4.htm
R305A060067,ED509654,Making a Difference? The Effects of Teach for America in High School. Working Paper 17. Revised,"Xu, Zeyu; Hannaway, Jane; Taylor, Colin",Reports - Evaluative,2009,"National Center for Analysis of Longitudinal Data in Education Research. The Urban Institute, 2100 M Street NW, Washington, DC 20037. Tel: 202-261-5739; Fax: 202-833-2477; e-mail: inquiry@caldercenter.org; Web site: http://www.caldercenter.org",National Center for Analysis of Longitudinal Data in Education Research,NA
R305A070063,EJ1141957,The Link between Responsive Classroom Training and Student-Teacher Relationship Quality in the Fifth Grade: A Study of Fidelity of Implementation,"Baroody, Alison E.; Rimm-Kaufman, Sara E.; Larsen, Ross A.; Curby, Timothy W.","Journal Articles,Reports - Research",2014,"National Association of School Psychologists. 4340 East West Highway Suite 402, Bethesda, MD 20814. Tel: 301-657-0270; Fax: 301-657-0275; e-mail: publications@naspweb.org; Web site: http://naspjournals.org/",School Psychology Review,NA
R305A070063,ED563070,"Coaching Support, Context, and Fidelity of Implementation in ""Responsive Classroom""® Schools","Paxton, Carol L. C.; Wanless, Shannon B.; Rimm-Kaufman, Sara E.",Reports - Research,2013,"Society for Research on Educational Effectiveness. 2040 Sheridan Road, Evanston, IL 60208. Tel: 202-495-0920; Fax: 202-640-4401; e-mail: inquiries@sree.org; Web site: http://www.sree.org",Society for Research on Educational Effectiveness,NA
R305A070063,ED573543,Leadership and School Quality. Research and Theory in Educational Administration,"DiPaola, Michael, Ed.; Forsyth, Patrick B., Ed.","Books,Collected Works - General",2015,"IAP - Information Age Publishing, Inc. P.O. Box 79049, Charlotte, NC 28271-7047. Tel: 704-752-9125; Fax: 704-752-9113; e-mail: infoage@infoagepub.com; Web site: http://www.infoagepub.com","IAP - Information Age Publishing, Inc.",http://www.infoagepub.com/products/Leadership-and-School-Quality
R305A070063,EJ907317,A Reflection Framework for Teaching Mathematics,"Merritt, Eileen G.; Rimm-Kaufman, Sara E.; Berry, Robert Q., III; Walkowiak, Temple A.; McCracken, Erin R.","Journal Articles,Reports - Descriptive",2010,"National Council of Teachers of Mathematics. 1906 Association Drive, Reston, VA 20191-1502. Tel: 800-235-7566; Tel: 703-620-3702; Fax: 703-476-2970; e-mail: orders@nctm.org; Web site: http://www.nctm.org/publications/",Teaching Children Mathematics,http://www.nctm.org/eresources/article_summary.asp?URI=TCM2010-11-238a&from=B
R305A070117,ED499314,Partners in Pittsburgh Public Schools' Excellence for All Initiative: Findings from the First Year of Implementation. Documented Briefing. DB-544-FFE,"Tharp-Taylor, Shannah; Nelson, Catherine Awsumb; Dembosky, Jacob W.; Gill, Brian",Reports - Research,2007,"RAND Corporation. P.O. Box 2138, Santa Monica, CA 90407-2138. Tel: 877-584-8642; Tel: 310-451-7002; Fax: 412-802-4981; e-mail: order@rand.org; Web site: http://www.rand.org",RAND Corporation,http://www.rand.org/pubs/documented_briefings/DB544/
R305A070185,EJ1105734,How Curriculum and Classroom Achievement Predict Teacher Time on Lecture- and Inquiry-Based Mathematics Activities,"Kaufman, Julia H.; Rita Karam; Pane, John F.; Junker, Brian W.","Journal Articles,Reports - Research",2012,"Program in Mathematics and Education, Teachers College, Columbia University. 525 West 120th Street Box 210-M, New York, NY 10027. Web site: http://www.tc.columbia.edu/jmetc",Journal of Mathematics Education at Teachers College,http://journals.tc-library.org/index.php/matheducation/article/view/872
R305A070185,ED627386,Does an Algebra Course with Tutoring Software Improve Student Learning? Research Brief. RB-9746-DEIES,"Pane, John F.; Griffin, Beth Ann; McCaffrey, Daniel F.; Karam, Rita; Daugherty, Lindsay; Phillips, Andrea",Reports - Research,2013,NA,Grantee Submission,http://www.rand.org/t/RB9746/
R305A080133,EJ1070453,Structure Strategy Interventions: Increasing Reading Comprehension of Expository Text,"Meyer, Bonnie J. F.; Ray, Melissa N.","Journal Articles,Reports - Research,Information Analyses",2011,"International Electronic Journal of Elementary Education. T&K Akademic Rosendalsvein 45, Oslo 1166, Norway. e-mail: iejee@iejee.com; Web site: http://www.iejee.com",International Electronic Journal of Elementary Education,NA
R305A080196,ED580968,Improving Mathematics Learning of Kindergarten Students through Computer-Assisted Instruction,"Foster, Matthew E.; Anthony, Jason L.; Clements, Doug H.; Sarama, Julie; Williams, Jeffrey M.","Journal Articles,Reports - Research",2016,NA,Grantee Submission,NA
R305A080253,ED562840,"Replication of Effects of the ""Positive Action"" Program in Randomized Trials in Hawai'i and Chicago Schools",Brian R. Flay,Reports - Research,2014,"Society for Research on Educational Effectiveness. 2040 Sheridan Road, Evanston, IL 60208. Tel: 202-495-0920; Fax: 202-640-4401; e-mail: inquiries@sree.org; Web site: http://www.sree.org",Society for Research on Educational Effectiveness,NA
R305A080479,EJ1105352,Curricular Approaches to Connecting Subtraction to Addition and Fostering Fluency with Basic Differences in Grade 1,"Baroody, Arthur J.","Journal Articles,Reports - Descriptive",2016,"Universidad de Granada Didáctica de la Matemática: Persamiento Numerico, FQM-193. Campus de Cartuja, Granada, Spain 18071. Tel: +34-958-241503; Fax: +34-958-246359; e-mail: pna@ugr.es; Web site: http://www.pna.es",PNA,NA
R305A080512,EJ1194779,Social-Emotional Learning and Academic Achievement: Using Causal Methods to Explore Classroom-Level Mechanisms,"McCormick, Meghan P.; Cappella, Elise; O'Connor, Erin E.; McClowry, Sandee G.","Journal Articles,Reports - Research",2015,"SAGE Publications. 2455 Teller Road, Thousand Oaks, CA 91320. Tel: 800-818-7243; Tel: 805-499-9774; Fax: 800-583-2665; e-mail: journals@sagepub.com; Web site: http://sagepub.com",AERA Open,NA
R305A080512,ED628682,Using What Works: Elementary School Classroom Management,"McClowry, Sandee Graham","Books,Reports - Descriptive",2016,"Rowman & Littlefield Publishers, Inc. 15200 NBN Way, P.O. Box 191, Blue Ridge Summit, PA 17214-0191. Tel: 800-462-6420; Fax: 800-338-4550; e-mail: custserv@rowman.com; Web site: http://rowman.com/RLPublishers",Rowman & Littlefield Publishers,https://rowman.com/ISBN/9781475809473/Using-What-Works-Elementary-School-Classroom-Management
R305A080512,ED628709,Temperament-Based Elementary Classroom Management,"McClowry, Sandee Graham","Books,Guides - Classroom - Teacher",2014,"Rowman & Littlefield Publishers, Inc. 15200 NBN Way, P.O. Box 191, Blue Ridge Summit, PA 17214-0191. Tel: 800-462-6420; Fax: 800-338-4550; e-mail: custserv@rowman.com; Web site: http://rowman.com/RLPublishers",Rowman & Littlefield Publishers,https://rowman.com/ISBN/9781475809435/Temperament-Based-Elementary-Classroom-Management
R305A080608,ED531592,Now We Get It! Boosting Comprehension with Collaborative Strategic Reading,"Klingner, Janette K.; Vaughn, Sharon; Boardman, Alison; Swanson, Elizabeth","Books,Guides - Classroom - Teacher",2012,"Jossey-Bass, An Imprint of Wiley. 10475 Crosspoint Boulevard, Indianapolis, IN 46256. Tel: 877-762-2974; Fax: 800-597-3299; e-mail: consumers@wiley.com; Web site: http://www.josseybass.com","Jossey-Bass, An Imprint of Wiley",http://www.josseybass.com/WileyCDA/WileyTitle/productCd-1118026098.html
R305A080608,EJ1444504,"Disrupting the ""Norm"" with Collaborative Strategic Reading",Alison G. Boardman; Brooke A. Moore; Karla R. Scornavacco,"Journal Articles,Reports - Descriptive",2015,"National Council of Teachers of English. 1111 West Kenyon Road, Urbana, IL 61801-1096. Tel: 877-369-6283; Tel: 217-328-3870; Web site: http://www.ncte.org/journals",English Journal,NA
R305A080699,EJ1141171,Effects of a Core Kindergarten Mathematics Curriculum on the Mathematics Achievement of Spanish-Speaking English Learners,Christian T. Doabler; Ben Clarke; Derek B. Kosty; Scott K. Baker; Keith Smolkowski; Hank Fien,"Journal Articles,Reports - Research",2016,"National Association of School Psychologists. 4340 East West Highway Suite 402, Bethesda, MD 20814. Tel: 301-657-0270; Fax: 301-657-0275; e-mail: publications@naspweb.org; Web site: http://www.nasponline.org/publications/",School Psychology Review,NA
R305A080699,ED668483,Exploring the Added Value of a Number Line Assessment for Kindergarten Mathematics Screening,David J. Furjanic,Dissertations/Theses - Doctoral Dissertations,2021,"ProQuest LLC. 789 East Eisenhower Parkway, P.O. Box 1346, Ann Arbor, MI 48106. Tel: 800-521-0600; Web site: http://www.proquest.com/en-US/products/dissertations/individuals.shtml",ProQuest LLC,http://gateway.proquest.com/openurl?url_ver=Z39.88-2004&rft_val_fmt=info:ofi/fmt:kev:mtx:dissertation&res_dat=xri:pqm&rft_dat=xri:pqdiss:28087564
R305A080700,EJ1255793,Effects on Mathematics and Executive Function of a Mathematics and Play Intervention versus Mathematics Alone,"Clements, Douglas H.; Sarama, Julie; Layzer, Carolyn; Unlu, Fatih; Fesler, Lily","Journal Articles,Reports - Research",2020,"National Council of Teachers of Mathematics. 1906 Association Drive, Reston, VA 20191. Tel: 800-235-7566; Tel: 703-620-9840; Fax: 703-476-2570; e-mail: NCTM@nctm.org; Web site: https://pubs.nctm.org/view/journals/jrme/jrme-overview.xml",Journal for Research in Mathematics Education,https://pubs.nctm.org/view/journals/jrme/51/3/article-p301.xml
R305A080700,ED580343,"Learning and Teaching Early Math: The Learning Trajectories Approach, 2nd Edition. Studies in Mathematical Thinking and Learning Series",Douglas H. Clements; Julie Sarama,"Guides - Non-Classroom,Books,Reports - Descriptive",2014,"Routledge, Taylor & Francis Group. 7625 Empire Drive, Florence, KY 41042. Tel: 800-634-7064; Fax: 800-248-4724; e-mail: cserve@routledge-ny.com; Web site: http://www.routledge.com","Routledge, Taylor & Francis Group",https://www.routledge.com/Learning-and-Teaching-Early-Math-The-Learning-Trajectories-Approach/Clements-Sarama/p/book/9780415828505
R305A080700,ED678327,Predicting Persistence and Fadeout across Multi-Site RCTs of an Early Childhood Mathematics Curriculum Intervention. EdWorkingPaper No. 26-1365,Tyler W. Watts; Caroline M. Botvin; Drew H. Bailey; Emma R. Hart; Shira Mattera; Douglas H. Clements; Julie Sarama; Dale C. Farran; Mark W. Lipsey,Reports - Research,2026,"Annenberg Institute for School Reform at Brown University. Brown University Box 1985, Providence, RI 02912. Tel: 401-863-7990; Fax: 401-863-1290; e-mail: annenberg@brown.edu; Web site: https://annenberg.brown.edu/",Annenberg Institute for School Reform at Brown University,NA
R305A090039,ED529592,Using Curriculum-Based Measurement To Monitor Kindergarteners' Mathematics Development,"Seethaler, Pamela M.; Fuchs, Lynn S.","Journal Articles,Reports - Research",2011,NA,Online Submission,NA
R305A090294,ED612849,A Multi-Site Randomized Controlled Trial of the Teacher Study Group Professional Development Program in Vocabulary in First Grade: A Technical Report,"Jayanthi, Madhavi; Dimino, Joseph; Gersten, Russell; Taylor, Mary Jo; Haymond, Kelly; Newman-Gonchar, Becky",Reports - Research,2015,"Instructional Research Group. 4281 Katella Avenue Ste 205,  Los Alamitos, CA 90720. Web site: https://www.inresg.org/",Instructional Research Group,NA
R305A090438,ED662483,"Nothing Lost, Something Gained? Impact of a Universal Social-Emotional Learning Program on Future State Test Performance",Susan Crandall Hart; James Clyde DiPerna; Pui-Wa Lei; Weiyi Cheng,Reports - Research,2020,NA,Grantee Submission,https://doi.org/10.3102%2F0013189X19898721
R305A090446,ED563300,Measurement of Child Behavior via Classroom Observations in the Good Behavior Game Professional Development Models Randomized Control Trial,"Kurki, Anja; Wang, Wei; Li, Yibing; Poduska, Jeanne",Reports - Research,2013,"Society for Research on Educational Effectiveness. 2040 Sheridan Road, Evanston, IL 60208. Tel: 202-495-0920; Fax: 202-640-4401; e-mail: inquiries@sree.org; Web site: http://www.sree.org",Society for Research on Educational Effectiveness,NA
R305A090481,ED564091,Preliminary Findings from an Efficacy Study of a Distributed Leadership Model of School Organization,"Borman, Kathryn; Murphy, Scott Patrick; LoSasso, Joseph; Schlanger, Lea",Reports - Research,2013,"Society for Research on Educational Effectiveness. 2040 Sheridan Road, Evanston, IL 60208. Tel: 202-495-0920; Fax: 202-640-4401; e-mail: inquiries@sree.org; Web site: http://www.sree.org",Society for Research on Educational Effectiveness,NA
R305A090527,EJ1194598,Construct Confounding among Predictors of Mathematics Achievement,"Schenke, Katerina; Rutherford, Teomara; Lam, Arena C.; Bailey, Drew H.","Journal Articles,Reports - Research",2016,"SAGE Publications. 2455 Teller Road, Thousand Oaks, CA 91320. Tel: 800-818-7243; Tel: 805-499-9774; Fax: 800-583-2665; e-mail: journals@sagepub.com; Web site: http://sagepub.com",AERA Open,NA
R305A090527,ED616922,Randomized Trial of Elementary School ST Math Software Intervention Reveals Significant Efficacy,Mark Bodner; Andrew Coulson,Reports - Research,2021,NA,Grantee Submission,https://info.mindresearch.org/hubfs/pdfs/research-results/ST-Math_RCT_2021_MR4.pdf
R305A090528,ED564107,"The Relationship between Gender, Ethnicity, and Technology on the Impact of Mathematics Achievement in an After-School Program","Huang, Xudong; Craig, Scotty D.; Xie, Jun; Graesser, Arthur C.; Okwumabua, Theresa; Cheney, Kyle R.; Hu, Xiangen",Reports - Research,2013,"Society for Research on Educational Effectiveness. 2040 Sheridan Road, Evanston, IL 60208. Tel: 202-495-0920; Fax: 202-640-4401; e-mail: inquiries@sree.org; Web site: http://www.sree.org",Society for Research on Educational Effectiveness,NA
R305A090528,ED586945,Two Heads May Be Better than One: Learning from Computer Agents in Conversational Trialogues,"Graesser, Arthur C.; Forsyth, Carol M.; Lehman, Blair A.","Journal Articles,Reports - Research",2017,NA,Grantee Submission,NA
R305A090533,ED591050,Achievement and Self-Regulation in Pre-Kindergarten Classrooms: Effects of the Tools of the Mind Curriculum,"Farran, Dale C.; Wilson, Sandra Jo",Reports - Research,2014,"Peabody Research Institute. 230 Appleton Place, PMB 0181, Nashville, TN 37203. Tel: 615-322-8540; Fax: 615-322-0293; Web site: http://peabody.vanderbilt.edu/research/pri",Peabody Research Institute,NA
R305A090533,ED574842,Experimental Evaluation of the Tools of the Mind Pre-K Curriculum. Technical Report. Working Paper,"Farran, Dale C.; Wilson, Sandra J.; Meador, Deanna; Norvell, Jennifer; Nesbitt, Kimberly","Numerical/Quantitative Data,Reports - Research",2015,"Peabody Research Institute. 230 Appleton Place, PMB 0181, Nashville, TN 37203. Tel: 615-322-8540; Fax: 615-322-0293; Web site: http://peabody.vanderbilt.edu/research/pri",Peabody Research Institute,NA
R305A090533,ED574843,Experimental Evaluation of the Tools of the Mind Pre-K Curriculum. Fidelity of Implementation Technical Report. Working Paper,"Meador, Deanna; Nesbitt, Kimberly; Farran, Dale","Numerical/Quantitative Data,Reports - Research,Tests/Questionnaires",2015,"Peabody Research Institute. 230 Appleton Place, PMB 0181, Nashville, TN 37203. Tel: 615-322-8540; Fax: 615-322-0293; Web site: http://peabody.vanderbilt.edu/research/pri",Peabody Research Institute,NA
R305A090555,EJ1083508,"Teen Culture, Technology and Literacy Instruction: Urban Adolescent Students' Perspectives","Li, Jia; Snow, Catherine; White, Claire","Journal Articles,Reports - Research",2015,"Canadian Network for Innovation in Education. 260 Dalhousie Street Suite 204, Ottawa, ON K1N 7E4, Canada. Tel: 613-241-0018; Fax: 613-241-0019; e-mail: cnie-rcie@cnie-rcie.ca; Web site: http://www.cjlt.ca",Canadian Journal of Learning and Technology,NA
R305A090555,ED571513,Extended Discourse in First and Second Language Acquisition: A Challenge and an Opportunity,"Snow, Catherine E.","Journal Articles,Speeches/Meeting Papers,Reports - Research",2014,NA,Grantee Submission,NA
R305A100066,ED526394,Serving Community College Students on Probation: Four-Year Findings from Chaffey College's Opening Doors Program. Executive Summary,"Weiss, Michael; Brock, Thomas; Sommo, Colleen; Rudd, Timothy; Turner, Mary Clair",Reports - Research,2011,"MDRC. 16 East 34th Street 19th Floor, New York, NY 10016-4326. Tel: 212-532-3200; Fax: 212-684-0832; e-mail: publications@mdrc.org; Web site: http://www.mdrc.org",MDRC,NA
R305A100066,ED546644,A Random Assignment Evaluation of Learning Communities at Kingsborough Community College: Seven Years Later,"Weiss, Michael J.; Mayer, Alexander; Cullinan, Dan; Ratledge, Alyssa; Sommo, Colleen; Diamond, John",Reports - Evaluative,2014,"MDRC. 16 East 34th Street 19th Floor, New York, NY 10016-4326. Tel: 212-532-3200; Fax: 212-684-0832; e-mail: publications@mdrc.org; Web site: http://www.mdrc.org",MDRC,NA
R305A100066,ED645730,Commencement Day: Six-Year Effects of a Freshman Learning Community Program at Kingsborough Community College. Opening Doors,Colleen Sommo; Alexander K. Mayer; Timothy Rudd; Dan Cullinan,Reports - Research,2012,"MDRC. 16 East 34th Street 19th Floor, New York, NY 10016-4326. Tel: 212-532-3200; Fax: 212-684-0832; e-mail: publications@mdrc.org; Web site: http://www.mdrc.org",MDRC,NA
R305A100066,ED645733,Commencement Day: Six-Year Effects of a Freshman Learning Community Program at Kingsborough Community College. Executive Summary. Opening Doors,Colleen Sommo; Alexander K. Mayer; Timothy Rudd; Dan Cullinan,Reports - Descriptive,2012,"MDRC. 16 East 34th Street 19th Floor, New York, NY 10016-4326. Tel: 212-532-3200; Fax: 212-684-0832; e-mail: publications@mdrc.org; Web site: http://www.mdrc.org",MDRC,NA
R305A100116,ED587164,Can UTeach? Assessing the Relative Effectiveness of STEM Teachers. Working Paper 173,"Backes, Ben; Goldhaber, Dan; Cade, Whitney; Sullivan, Kate; Dodson, Melissa",Reports - Research,2018,"National Center for Analysis of Longitudinal Data in Education Research. American Institutes for Research, 1000 Thomas Jefferson Street NW, Washington, DC 20007. Tel: 202-403-5796; Fax: 202-403-6783; e-mail: info@caldercenter.org; Web site: https://caldercenter.org",National Center for Analysis of Longitudinal Data in Education Research (CALDER),NA
R305A100116,ED572927,Long-Term Orientation and Educational Performance. Working Paper 174,"Figlio, David; Giuliano, Paola; Özek, Umut; Sapienza, Paola",Reports - Research,2017,"National Center for Analysis of Longitudinal Data in Education Research. American Institutes for Research, 1000 Thomas Jefferson Street NW, Washington, DC 20007. Tel: 202-403-5000; Fax: 202-403-5454; e-mail: inquiry@caldercenter.org; Web site: http://www.caldercenter.org",National Center for Analysis of Longitudinal Data in Education Research (CALDER),NA
R305A100116,ED573187,Can UTeach? Assessing the Relative Effectiveness of STEM Teachers. Working Paper 173,"Backes, Ben; Goldhaber, Dan; Cade, Whitney; Sullivan, Kate; Dodson, Melissa",Reports - Research,2016,"National Center for Analysis of Longitudinal Data in Education Research. American Institutes for Research, 1000 Thomas Jefferson Street NW, Washington, DC 20007. Tel: 202-403-5000; Fax: 202-403-5454; e-mail: inquiry@caldercenter.org; Web site: http://www.caldercenter.org",National Center for Analysis of Longitudinal Data in Education Research (CALDER),NA
R305A100342,ED540742,Introduction to the Special Issue: Building Capacity to Improve Student Outcomes through Collaboration--Current Issues and Innovative Approaches,"Stormont, Melissa; Thomas, Cathy Newman; Van Garderen, Delinda","Journal Articles,Reports - Descriptive",2012,NA,Online Submission,NA
R305A100342,ED540771,The Incredible Years Teacher Classroom Management Training: The Methods and Principles That Support Fidelity of Training Delivery,"Webster-Stratton, Carolyn; Reinke, Wendy M.; Herman, Keith C.; Newcomer, Lori L.","Journal Articles,Reports - Research",2011,NA,Online Submission,NA
R305A100342,ED540773,Classroom-Level Positive Behavior Supports in Schools Implementing SW-PBIS: Identifying Areas for Enhancement,"Reinke, Wendy M.; Herman, Keith C.; Stormont, Melissa","Journal Articles,Reports - Research",2013,NA,Online Submission,NA
R305A100342,ED594866,Improving Teacher Perceptions of Parent Involvement Patterns: Findings from a Group Randomized Trial,"Herman, Keith C.; Reinke, Wendy M.","Journal Articles,Reports - Research",2017,NA,Grantee Submission,NA
R305A100342,ED626369,Universal Prevention to Support Children's Mental Health in Schools,"Herman, Keith C.; Reinke, Wendy M.; Thompson, Aaron M.; Faloughi, Reuben",Reports - Descriptive,2016,NA,Grantee Submission,https://psycnet.apa.org/record/2016-04916-016
R305A100342,EJ962064,The Incredible Years Teacher Classroom Management Training: The Methods and Principles that Support Fidelity of Training Delivery,"Webster-Stratton, Carolyn; Reinke, Wendy M.; Herman, Keith C.; Newcomer, Lori L.","Journal Articles,Reports - Research",2011,"National Association of School Psychologists. 4340 East West Highway Suite 402, Bethesda, MD 20814. Tel: 301-657-0270; Fax: 301-657-0275; e-mail: publications@naspweb.org; Web site: http://www.nasponline.org/publications/",School Psychology Review,http://www.nasponline.org/publications/spr/abstract.aspx?ID=3251
R305A100367,EJ1141292,Closing the Racial Discipline Gap in Classrooms by Changing Teacher Practice,"Gregory, Anne; Hafen, Christopher A.; Ruzek, Erik; Mikami, Amori Yee; Allen, Joseph P.; Pianta, Robert C.","Journal Articles,Reports - Research",2016,"National Association of School Psychologists. 4340 East West Highway Suite 402, Bethesda, MD 20814. Tel: 301-657-0270; Fax: 301-657-0275; e-mail: publications@naspweb.org; Web site: http://www.nasponline.org/publications/",School Psychology Review,NA
R305A100367,EJ1238477,Focused Classroom Coaching and Widespread Racial Equity in School Discipline,"Gregory, Anne; Ruzek, Erik A.; DeCoster, Jamie; Mikami, Amori Yee; Allen, Joseph P.","Journal Articles,Reports - Research",2019,"SAGE Publications. 2455 Teller Road, Thousand Oaks, CA 91320. Tel: 800-818-7243; Tel: 805-499-9774; Fax: 800-583-2665; e-mail: journals@sagepub.com; Web site: http://sagepub.com",AERA Open,NA
R305A100367,EJ1188521,Eliminating the Racial Disparity in Classroom Exclusionary Discipline,"Gregory, Anne; Allen, Joseph P.; Mikami, Amori Yee; Hafen, Christopher A.; Pianta, Robert","Journal Articles,Reports - Research",2014,"Children At Risk. 2900 Weslayan Street Suite 400, Houston, TX 77027. Tel: 713-869-7740; Fax: 713-869-3409; e-mail: jarc@childrenatrisk.org; Web site: http://digitalcommons.library.tmc.edu/childrenatrisk/",Journal of Applied Research on Children,NA
R305A100367,ED556047,Observations of Effective Teacher-Student Interactions in Secondary School Classrooms: Predicting Student Achievement with the Classroom Assessment Scoring System--Secondary,"Allen, Joseph; Gregory, Anne; Mikami, Amori; Lun, Janetta; Hamre, Bridget; Pianta, Robert","Reports - Research,Journal Articles",2013,NA,Grantee Submission,http://www.nasponline.org/publications/spr/abstract.aspx?ID=3708
R305A100367,EJ962057,Effects of a Teacher Professional Development Intervention on Peer Relationships in Secondary Classrooms,"Mikami, Amori Yee; Gregory, Anne; Allen, Joseph P.; Pianta, Robert C.; Lun, Janetta","Journal Articles,Reports - Research",2011,"National Association of School Psychologists. 4340 East West Highway Suite 402, Bethesda, MD 20814. Tel: 301-657-0270; Fax: 301-657-0275; e-mail: publications@naspweb.org; Web site: http://www.nasponline.org/publications/",School Psychology Review,http://www.nasponline.org/publications/spr/abstract.aspx?ID=3110
R305A100381,EJ1035808,How Are Community College Students Assessed and Placed in Developmental Math? Grounding Our Understanding in Reality,"Melguizo, Tatiana; Kosiewicz, Holly; Prather, George; Bos, Johannes","Journal Articles,Reports - Research",2014,"Ohio State University Press. 180 Pressey Hall, 1070 Carmack Road, Columbus, OH 43210-1002. Tel: 614-292-1407; Fax: 614-292-2065; Web site: http://www.ohiostatepress.org",Journal of Higher Education,https://ec2-107-20-213-24.compute-1.amazonaws.com:3000/api/pdf/How%20Are%20Community%20College%20Students.pdf
R305A100445,ED555557,"""Using Data"" to Inform Decisions: How Teachers Use Data to Inform Practice and Improve Student Performance in Mathematics. Results from a Randomized Experiment of Program Efficacy","Cavalluzzo, Linda; Geraghty, Thomas M.; Steele, Jennifer L.; Holian, Laura; Jenkins, Frank; Alexander, Jane M.; Yamasaki, Kelsey Y.","Reports - Research,Tests/Questionnaires",2014,"CNA Corporation. 4825 Mark Center Drive, Alexandria, VA 22311. Tel: 703-824-2000; e-mail: inquiries@na.org; Web site: http://www.cna.org",CNA Corporation,NA
R305A100445,ED564055,Using Data to Inform Decisions: How Teachers Use Data to Inform Practice and Improve Student Performance in Mathematics,"Cavalluzzo, Linda; Geraghty, Thomas M.; Steele, Jennifer L.; Alexander, Jane K.",Reports - Research,2013,"Society for Research on Educational Effectiveness. 2040 Sheridan Road, Evanston, IL 60208. Tel: 202-495-0920; Fax: 202-640-4401; e-mail: inquiries@sree.org; Web site: http://www.sree.org",Society for Research on Educational Effectiveness,NA
R305A100670,ED562767,Instrumental Iteration toward FOI Evaluation of Pedagogical Methods,"Gonzalez Canche, Manuel S.; Portes, Pedro R.; Mellon, Paula J.; Stollberg, Robert A.; Turk, Jonathan M.",Reports - Research,2014,"Society for Research on Educational Effectiveness. 2040 Sheridan Road, Evanston, IL 60208. Tel: 202-495-0920; Fax: 202-640-4401; e-mail: inquiries@sree.org; Web site: http://www.sree.org",Society for Research on Educational Effectiveness,NA
R305A100971,ED670939,Ready or Not? California's Early Assessment Program and the Transition to College. EdWorkingPaper No. 19-116,Michal Kurlaender; Jacob Jackson; Eric Grodsky; Jessica Howell,Reports - Research,2019,"Annenberg Institute for School Reform at Brown University. Brown University Box 1985, Providence, RI 02912. Tel: 401-863-7990; Fax: 401-863-1290; e-mail: annenberg@brown.edu; Web site: https://annenberg.brown.edu/",Annenberg Institute for School Reform at Brown University,NA
R305A100995,ED544169,The Efficacy of Private Sector Providers in Improving Public Educational Outcomes,"Heinrich, Carolyn; Nisar, Hiren",Reports - Research,2012,NA,Online Submission,NA
R305A100995,EJ1020238,Instruction Matters: Lessons from a Mixed-Method Evaluation of Out-of-School Time Tutoring under No Child Left Behind,"Good, Annalee G.; Burch, Patricia Ellen; Stewart, Mary S.; Acosta, Rudy; Heinrich, Carolyn","Reports - Research,Journal Articles",2014,"Teachers College, Columbia University. P.O. Box 103, 525 West 120th Street, New York, NY 10027. Tel: 212-678-3774; Fax: 212-678-6619; e-mail: tcr@tc.edu; Web site: http://www.tcrecord.org",Teachers College Record,http://www.tcrecord.org/Content.asp?ContentId=17351
R305A110085,EJ1095143,Retention and Satisfaction of Novice Teachers: Lessons from a School Reform Model,"Glennie, Elizabeth J.; Mason, Marcinda; Edmunds, Julie A.","Journal Articles,Reports - Research",2016,"Redfame Publishing Inc. 9450 SW Gemini Drive #99416, Beaverton, OR 97008. Tel: 503-828-0536 ext. 503; Fax: 503-828-0537; e-mail: jets@redfame.com; Web site: http://jets.redfame.com",Journal of Education and Training Studies,NA
R305A110085,EJ1390132,Merging High School and College: The Early College High School Model,"Edmunds, Julie A.","Journal Articles,Reports - Research",2023,"National Association of State Boards of Education. 2121 Crystal Drive Suite 350, Arlington, VA 22202. Tel: 800-368-5023; Tel: 703-684-4000; Fax: 703-836-2313; e-mail: boards@nasbe.org; Web site: https://www.nasbe.org/category/the-standard/",State Education Standard,NA
R305A110085,ED602451,"Early College, Continued Success: Longer-Term Impact of Early College High Schools","Song, Mengli; Zeiser, Kristina L.",Reports - Research,2019,"American Institutes for Research. 1000 Thomas Jefferson Street NW, Washington, DC 20007. Tel: 202-403-5000; Fax: 202-403-5001; e-mail: inquiry@air.org; Web site: http://www.air.org",American Institutes for Research,NA
R305A110085,ED611926,What Happens When You Combine High School and College? The Impact of Early Colleges on Postsecondary Performance and Completion,"Edmunds, Julie",Reports - Descriptive,2020,"SERVE Center at University of North Carolina at Greensboro. 5900 Summit Avenue Suite 201, Browns Summit, NC 27214. Tel: 800-755-3277; Tel: 336-315-7400; Fax: 336-315-7457; Web site: http://www.serve.org",SERVE Center at University of North Carolina at Greensboro,NA
R305A110085,EJ1020156,Mandated Engagement: The Impact of Early College High Schools,"Edmunds, Julie A.; Willse, John; Arshavsky, Nina; Dallas, Andrew","Journal Articles,Reports - Research",2013,"Teachers College, Columbia University. P.O. Box 103, 525 West 120th Street, New York, NY 10027. Tel: 212-678-3774; Fax: 212-678-6619; e-mail: tcr@tc.edu; Web site: http://www.tcrecord.org",Teachers College Record,http://www.tcrecord.org/Content.asp?ContentId=17044
R305A110085,ED654723,Evaluating the Longer Term Impact of Early College High Schools on Workforce Outcomes,Mengli Song; Kristina Zeiser; Kyle Neering; Robert Schwarzhaupt; Sara Mitchell,Reports - Research,2024,"American Institutes for Research. 1400 Crystal Drive 10th Floor, Arlington, VA 22202. Tel: 202-403-5000; Fax: 202-403-5001; e-mail: inquiry@air.org; Web site: https://www.air.org/",American Institutes for Research,NA
R305A110085,EJ1455117,The Impact of Early Colleges on Postsecondary Performance and Completion,Julie A. Edmunds; Fatih Unlu; Brian Phillips; Elizabeth J. Glennie; Christine Mulhern,"Journal Articles,Reports - Research",2024,"SAGE Publications. 2455 Teller Road, Thousand Oaks, CA 91320. Tel: 800-818-7243; Tel: 805-499-9774; Fax: 800-583-2665; e-mail: journals@sagepub.com; Web site: http://sagepub.com",AERA Open,NA
R305A110085,ED671103,The Costs and Benefits of North Carolina's Early College High School Model. EdWorkingPaper No. 25-1136,Brian Phillips; Julie A. Edmunds; Fatih Unlu; Elizabeth Glennie; Christine Mulhern,Reports - Research,2025,"Annenberg Institute for School Reform at Brown University. Brown University Box 1985, Providence, RI 02912. Tel: 401-863-7990; Fax: 401-863-1290; e-mail: annenberg@brown.edu; Web site: https://annenberg.brown.edu/",Annenberg Institute for School Reform at Brown University,NA
R305A110085,ED658175,The Impact of Early Colleges. Interactive Research Report,Kristina Zeiser; Robert Schwarzhaupt; Mengli Song; Kyle Neering; Sara Mitchell; Joanne Blank,"Reports - Research,Numerical/Quantitative Data",2024,"American Institutes for Research. 1400 Crystal Drive 10th Floor, Arlington, VA 22202. Tel: 202-403-5000; Fax: 202-403-5001; e-mail: inquiry@air.org; Web site: https://www.air.org/",Grantee Submission,https://indd.adobe.com/view/be261913-7364-4f51-854d-861b1a539188
R305A110112,EJ1191485,"Increasing Undergraduate Success: A Randomized Controlled Trial of ""U-Pace"" Instruction","Fleming, Raymond; Pedrick, Laura E.; Stoiber, Leah; Kienzler, Sarah; Fleming, Ryan R.; Reddy, Diane M.","Journal Articles,Reports - Research",2018,"Online Learning Consortium, Inc. P.O. Box 1238, Newburyport, MA 01950. Tel: 888-898-6209; Fax: 888-898-6209; e-mail: olj@onlinelearning-c.org; Web site: http://onlinelearningconsortium.org/read/online-learning-journal/",Online Learning,NA
R305A110112,ED540734,"""U-Pace"" Instruction: Improving Student Success by Integrating Content Mastery and Amplified Assistance","Reddy, Diane M.; Pfeiffer, Heidi M.; Fleming, Raymond; Ports, Katie A.; Pedrick, Laura E.; Barnack-Tavlaris, Jessica L.; Jirovec, Danielle L.; Helion, Alicia M.; Swain, Rodney A.","Journal Articles,Reports - Evaluative",2013,NA,Online Submission,NA
R305A110136,ED600814,"Reappraising Academic and Social Adversity Improves Middle-School Students' Academic Achievement, Behavior, and Well-Being","Borman, Geoffrey D.; Rozek, Christopher S.; Pyne, Jaymes; Hanselman, Paul","Reports - Research,Tests/Questionnaires",2019,NA,Grantee Submission,https://www.pnas.org/content/116/33/16286.short
R305A110204,ED558500,Four-Year Effects on Degree Receipt and Employment Outcomes from a Performance-Based Scholarship Program in Ohio,"Mayer, Alexander K.; Patel, Reshma; Gutierrez, Melvin",Reports - Research,2015,"MDRC. 16 East 34th Street 19th Floor, New York, NY 10016-4326. Tel: 212-532-3200; Fax: 212-684-0832; e-mail: publications@mdrc.org; Web site: http://www.mdrc.org",MDRC,NA
R305A110358,ED597338,Investigating a Tier 1 Intervention Focused on Proportional Reasoning: A Follow-Up Study,"Jitendra, Asha K.; Harwell, Michael R.; Karl, Stacy R.; Simonson, Gregory R.; Slater, Susan C.",Reports - Research,2017,NA,Grantee Submission,https://doi.org/10.1177%2F0014402917691017
R305A110358,ED597339,Using Regression Discontinuity to Estimate the Effects of a Tier 1 Research-Based Mathematics Program in Seventh-Grade,"Jitendra, Asha K.; Harwell, Michael R.; Im, Soo-hyun; Karl, Stacy R.; Slater, Susan C.",Reports - Research,2018,NA,Grantee Submission,NA
R305A110685,EJ1162438,Modeling Signal-Noise Processes Supports Student Construction of a Hierarchical Image of Sample,"Lehrer, Richard","Journal Articles,Reports - Research",2017,"International Association for Statistics Education and the International Statistical Institute. PO Box 24070, 2490 AB The Hague, The Netherlands. Tel: +31-70-3375737; Fax: +31-70-3860025; e-mail: isi@cbs.nl; Web site: http://www.stat.auckland.ac.nz/~iase/",Statistics Education Research Journal,NA
R305A110685,ED582747,The Role of Teacher Rehearsal in Classroom Mathematics Discourse,"Pfaff, Erin",Dissertations/Theses - Doctoral Dissertations,2017,"ProQuest LLC. 789 East Eisenhower Parkway, P.O. Box 1346, Ann Arbor, MI 48106. Tel: 800-521-0600; Web site: http://www.proquest.com/en-US/products/dissertations/individuals.shtml",ProQuest LLC,http://gateway.proquest.com/openurl?url_ver=Z39.88-2004&rft_val_fmt=info:ofi/fmt:kev:mtx:dissertation&res_dat=xri:pqm&rft_dat=xri:pqdiss:10753407
R305A110967,ED587182,"The Impact of Incentives to Recruit and Retain Teachers in ""Hard-to-Staff"" Subjects: An Analysis of the Florida Critical Teacher Shortage Program. Working Paper 141",Li Feng; Tim R. Sass,Reports - Research,2015,"National Center for Analysis of Longitudinal Data in Education Research. American Institutes for Research, 1000 Thomas Jefferson Street NW, Washington, DC 20007. Tel: 202-403-5796; Fax: 202-403-6783; e-mail: info@caldercenter.org; Web site: https://caldercenter.org",National Center for Analysis of Longitudinal Data in Education Research (CALDER),NA
R305A120045,ED647576,Partial Fidelity of Implementation as a Predictor of Student Achievement among Teachers Using a Pre-Algebra Supplemental Program in Rural Mississippi,Tedra F. Clark; Joshua Stewart,"Speeches/Meeting Papers,Reports - Research",2017,NA,Grantee Submission,NA
R305A120125,EJ1313240,Tomorrow's EdTech Today: Establishing a Learning Platform as a Collaborative Research Tool for Sound Science,"Ostrow, Korinn S.; Heffernan, Neil T.; Williams, Joseph Jay","Journal Articles,Reports - Descriptive",2017,"Teachers College, Columbia University. P.O. Box 103, 525 West 120th Street, New York, NY 10027. Tel: 212-678-3774; Fax: 212-678-6619; e-mail: tcr@tc.edu; Web site: http://www.tcrecord.org",Teachers College Record,https://www.tcrecord.org/content.asp?contentid=21779
R305A120125,EJ1149168,How Flexible Is Your Data? A Comparative Analysis of Scoring Methodologies across Learning Platforms in the Context of Group Differentiation,"Ostrow, Korinn S.; Wang, Yan; Heffernan, Neil T.","Journal Articles,Reports - Research",2017,"Society for Learning Analytics Research. 121 Pointe Marsan, Beaumont, AB T4X 0A2, Canada. Tel: +61-429-920-838; e-mail: info@solaresearch.org; Web site: http://learning-analytics.info/journals/index.php/JLA/",Journal of Learning Analytics,NA
R305A120125,ED630842,Auto-Scoring Student Responses with Images in Mathematics,"Baral, Sami; Botelho, Anthony; Santhanam, Abhishek; Gurung, Ashish; Cheng, Li; Heffernan, Neil","Speeches/Meeting Papers,Reports - Research",2023,International Educational Data Mining Society. e-mail: admin@educationaldatamining.org; Web site: https://educationaldatamining.org/conferences/,International Educational Data Mining Society,NA
R305A120125,ED630844,Effective Evaluation of Online Learning Interventions with Surrogate Measures,"Prihar, Ethan; Vanacore, Kirk; Sales, Adam; Heffernan, Neil","Speeches/Meeting Papers,Reports - Research",2023,International Educational Data Mining Society. e-mail: admin@educationaldatamining.org; Web site: https://educationaldatamining.org/conferences/,International Educational Data Mining Society,NA
R305A120125,ED630851,Knowledge Tracing over Time: A Longitudinal Analysis,"Lee, Morgan P.; Croteau, Ethan; Gurung, Ashish; Botelho, Anthony F.; Heffernan, Neil T.","Speeches/Meeting Papers,Reports - Research",2023,International Educational Data Mining Society. e-mail: admin@educationaldatamining.org; Web site: https://educationaldatamining.org/conferences/,International Educational Data Mining Society,NA
R305A120125,ED630861,How to Open Science: Debugging Reproducibility within the Educational Data Mining Conference,"Haim, Aaron; Gyurcsan, Robert; Baxter, Chris; Shaw, Stacy T.; Heffernan, Neil T.","Speeches/Meeting Papers,Information Analyses",2023,International Educational Data Mining Society. e-mail: admin@educationaldatamining.org; Web site: https://educationaldatamining.org/conferences/,International Educational Data Mining Society,NA
R305A120125,EJ1238487,Save Your Strokes: Chinese Handwriting Practice Makes for Ineffective Use of Instructional Time in Second Language Classrooms,"Lu, Xiwen; Ostrow, Korinn S.; Heffernan, Neil T.","Journal Articles,Reports - Research,Tests/Questionnaires",2019,"SAGE Publications. 2455 Teller Road, Thousand Oaks, CA 91320. Tel: 800-818-7243; Tel: 805-499-9774; Fax: 800-583-2665; e-mail: journals@sagepub.com; Web site: http://sagepub.com",AERA Open,NA
R305A120125,EJ1194398,Online Mathematics Homework Increases Student Achievement,"Roschelle, Jeremy; Feng, Mingyu; Murphy, Robert F.; Mason, Craig A.","Journal Articles,Reports - Research",2016,"SAGE Publications. 2455 Teller Road, Thousand Oaks, CA 91320. Tel: 800-818-7243; Tel: 805-499-9774; Fax: 800-583-2665; e-mail: journals@sagepub.com; Web site: http://sagepub.com",AERA Open,NA
R305A120125,ED555574,Recruiting Participants for Large-Scale Random Assignment Experiments in School Settings,"Roschelle, Jeremy; Feng, Mingyu; Gallagher, H. Alix; Murphy, Robert; Harris, Christopher; Kamdar, Danae; Trinidad, Gucci",Reports - Research,2014,NA,Grantee Submission,NA
R305A120125,ED575978,Principals Discuss Early Implementation of the ASSISTments Online Homework Tutor for Mathematics. ASSISTments Efficacy Study Report 2,"Fairman, Janet; Porter, Michael; Fisher, Susannah","Reports - Research,Tests/Questionnaires",2015,NA,Grantee Submission,NA
R305A120125,ED575979,How Big Is That? Reporting the Effect Size and Cost of ASSISTments in the Maine Homework Efficacy Study,"Roschelle, Jeremy; Murphy, Robert; Feng, Mingyu; Bakia, Marianne",Reports - Research,2017,NA,Grantee Submission,NA
R305A120125,ED579215,Using Analytics for Improving Implementation Fidelity in an Large Scale Efficacy Trial,"Feng, Mingyu; Roschelle, Jeremy; Murphy, Robert; Heffernan, Neil","Speeches/Meeting Papers,Reports - Research",2014,NA,Grantee Submission,NA
R305A120125,ED579216,Implementation of an Intelligent Tutoring System for Online Homework Support in an Efficacy Trial,"Feng, Mingyu; Roschelle, Jeremy; Heffernan, Neil; Fairman, Janet; Murphy, Robert","Speeches/Meeting Papers,Reports - Descriptive",2014,NA,Grantee Submission,NA
R305A120125,ED579217,Investigating Gender Differences on Homework in Middle School Mathematics,"Feng, Mingyu; Roschelle, Jeremy; Mason, Craig; Bhanot, Ruchi","Reports - Research,Speeches/Meeting Papers",2016,NA,Grantee Submission,NA
R305A120125,ED579218,Towards Uncovering the Mysterious World of Math Homework,"Feng, Mingyu","Reports - Research,Speeches/Meeting Papers",2014,NA,Grantee Submission,NA
R305A120125,ED560558,Considering the Influence of Prerequisite Performance on Wheel Spinning,"Wan, Hao; Beck, Joseph Barbosa","Reports - Research,Speeches/Meeting Papers",2015,International Educational Data Mining Society. e-mail: admin@educationaldatamining.org; Web site: http://www.educationaldatamining.org,International Educational Data Mining Society,NA
R305A120125,ED560564,The Impact of Incorporating Student Confidence Items into an Intelligent Tutor: A Randomized Controlled Trial,"Lang, Charles; Heffernan, Neil; Ostrow, Korinn; Wang, Yutao","Speeches/Meeting Papers,Reports - Research",2015,International Educational Data Mining Society. e-mail: admin@educationaldatamining.org; Web site: http://www.educationaldatamining.org,International Educational Data Mining Society,NA
R305A120125,ED560588,Using Partial Credit and Response History to Model User Knowledge,"Van Inwegen, Eric G.; Adjei, Seth A.; Wang, Yan; Heffernan, Neil T.","Reports - Research,Speeches/Meeting Papers",2015,International Educational Data Mining Society. e-mail: admin@educationaldatamining.org; Web site: http://www.educationaldatamining.org,International Educational Data Mining Society,NA
R305A120125,ED560765,Optimizing Partial Credit Algorithms to Predict Student Performance,"Ostrow, Korinn; Donnelly, Chistopher; Heffernan, Neil","Speeches/Meeting Papers,Reports - Research",2015,International Educational Data Mining Society. e-mail: admin@educationaldatamining.org; Web site: http://www.educationaldatamining.org,International Educational Data Mining Society,NA
R305A120125,ED615325,Does Immediate Feedback While Doing Homework Improve Learning?,"Kehrer, Paul; Kelly, Kim; Heffernan, Neil","Speeches/Meeting Papers,Reports - Research",2013,NA,Grantee Submission,https://www.aaai.org/
R305A120125,ED615500,A Novel Algorithm for Aggregating Crowdsourced Opinions,"Prihar, Ethan; Heffernan, Neil","Reports - Research,Speeches/Meeting Papers",2021,International Educational Data Mining Society. e-mail: admin@educationaldatamining.org; Web site: https://educationaldatamining.org/conferences/,International Educational Data Mining Society,NA
R305A120125,ED615565,Improving Automated Scoring of Student Open Responses in Mathematics,"Baral, Sami; Botelho, Anthony F.; Erickson, John A.; Benachamardi, Priyanka; Heffernan, Neil T.","Reports - Research,Speeches/Meeting Papers",2021,International Educational Data Mining Society. e-mail: admin@educationaldatamining.org; Web site: https://educationaldatamining.org/conferences/,International Educational Data Mining Society,NA
R305A120125,ED616525,Tomorrow's EdTech Today: Establishing a Learning Platform as a Collaborative Research Tool for Sound Science,"Ostrow, Korinn; Heffernan, Neil; Williams, Joseph Jay","Journal Articles,Reports - Research",2017,NA,Grantee Submission,https://www.tcrecord.org/content.asp?contentid=21779
R305A120125,ED596589,Estimating Individual Treatment Effect from Educational Studies with Residual Counterfactual Networks,"Zhao, Siyuan; Heffernan, Neil","Speeches/Meeting Papers,Reports - Research",2017,International Educational Data Mining Society. e-mail: admin@educationaldatamining.org; Web site: http://www.educationaldatamining.org,International Educational Data Mining Society,NA
R305A120125,ED596607,Using a Single Model Trained across Multiple Experiments to Improve the Detection of Treatment Effects,"Patikorn, Thanaporn; Selent, Douglas; Heffernan, Neil T.; Beck, Joseph E.; Zou, Jian","Speeches/Meeting Papers,Reports - Research",2017,International Educational Data Mining Society. e-mail: admin@educationaldatamining.org; Web site: http://www.educationaldatamining.org,International Educational Data Mining Society,NA
R305A120125,ED593106,Studying Affect Dynamics and Chronometry Using Sensor-Free Detectors,"Botelho, Anthony F.; Baker, Ryan S.; Ocumpaugh, Jaclyn; Heffernan, Neil T.","Speeches/Meeting Papers,Reports - Research",2018,International Educational Data Mining Society. e-mail: admin@educationaldatamining.org; Web site: http://www.educationaldatamining.org,International Educational Data Mining Society,NA
R305A120125,ED593197,Using Big Data to Sharpen Design-Based Inference in A/B Tests,"Sales, Adam C.; Botelho, Anthony; Patikorn, Thanaporn; Heffernan, Neil T.","Reports - Research,Speeches/Meeting Papers",2018,International Educational Data Mining Society. e-mail: admin@educationaldatamining.org; Web site: http://www.educationaldatamining.org,International Educational Data Mining Society,NA
R305A120125,ED592679,Going Deeper with Deep Knowledge Tracing,"Xiong, Xiaolu; Zhao, Siyuan; Van Inwegen, Eric G.; Beck, Joseph E.","Speeches/Meeting Papers,Reports - Research",2016,International Educational Data Mining Society. e-mail: admin@educationaldatamining.org; Web site: http://www.educationaldatamining.org,International Educational Data Mining Society,NA
R305A120125,ED592686,Investigating Gender Differences on Homework in Middle School Mathematics,"Feng, Mingyu; Roschelle, Jeremy; Mason, Craig; Bhanot, Ruchi","Speeches/Meeting Papers,Reports - Research",2016,International Educational Data Mining Society. e-mail: admin@educationaldatamining.org; Web site: http://www.educationaldatamining.org,International Educational Data Mining Society,NA
R305A120125,ED592716,Modeling Interactions across Skills: A Method to Construct and Compare Models Predicting the Existence of Skill Relationships,"Botelho, Anthony F.; Adjei, Seth A.; Heffernan, Neil T.","Speeches/Meeting Papers,Reports - Research",2016,International Educational Data Mining Society. e-mail: admin@educationaldatamining.org; Web site: http://www.educationaldatamining.org,International Educational Data Mining Society,NA
R305A120125,ED639898,"Considerate, Unfair, or Just Fatigued? Examining Factors That Impact Teacher",Ashish Gurung; Anthony F. Botelho; Russell Thompson; Adam C. Sales; Sami Baral; Neil T. Heffernan,"Speeches/Meeting Papers,Reports - Research",2022,NA,Grantee Submission,NA
R305A120125,ED636098,Comparing Different Approaches to Generating Mathematics Explanations Using Large Language Models,Ethan Prihar; Morgan Lee; Mia Hopman; Adam Tauman Kalai; Sofia Vempala; Allison Wang; Gabriel Wickline; Aly Murray; Neil Heffernan,"Speeches/Meeting Papers,Reports - Research",2023,NA,Grantee Submission,NA
R305A120125,ED624051,Exploring Common Trends in Online Educational Experiments,Ethan Prihar; Manaal Syed; Korinn Ostrow; Stacy Shaw; Adam Sales; Neil Heffernan,"Speeches/Meeting Papers,Reports - Research",2022,International Educational Data Mining Society. e-mail: admin@educationaldatamining.org; Web site: https://educationaldatamining.org/conferences/,International Educational Data Mining Society,NA
R305A120125,EJ1430518,Effect of Gamification on Gamers: Evaluating Interventions for Students Who Game the System,Kirk P. Vanacore; Ashish Gurung; Adam C. Sales; Neil T. Heffernan,"Journal Articles,Reports - Research",2024,International Educational Data Mining. e-mail: jedm.editor@gmail.com; Web site: https://jedm.educationaldatamining.org/index.php/JEDM,Journal of Educational Data Mining,NA
R305A120125,ED679866,Teachers' Use of Learning Analytics Data from Students' Online Math Practice Assignments to Better Focus Instruction,Janet C. Fairman; Mingyu Feng; Jeremy Roschelle,Reports - Research,2025,NA,Grantee Submission,https://rdcu.be/d7wKN
R305A120269,ED581404,"Charter Schools and the Road to College Readiness: The Effects on College Preparation, Attendance and Choice. Understanding Boston","Angrist, Joshua D.; Cohodes, Sarah R.; Dynarski, Susan M.; Pathak, Parag A.; Walters, Christopher D.",Reports - Research,2013,"Boston Foundation. 75 Arlington Street, Boston, MA 02116. Tel: 617-338-2646; e-mail:  txt@tbf.org; Web site: http://www.tbf.org",Boston Foundation,NA
R305A120269,ED578979,Inputs in the Production of Early Childhood Human Capital: Evidence from Head Start. NBER Working Paper No. 20639,"Walters, Christopher",Reports - Research,2014,"National Bureau of Economic Research. 1050 Massachusetts Avenue, Cambridge, MA 02138-5398. Tel: 617-588-0343; Web site: http://www.nber.org",National Bureau of Economic Research,http://www.nber.org/papers/w20639.pdf
R305A120269,ED562936,"Stand and Deliver: Effects of Boston's Charter High Schools on College Preparation, Entry, and Choice","Angrist, Joshua D.; Cohodes, Sarah R.; Dynarski, Susan M.; Pathak, Parag A.; Walters, Christopher R.",Reports - Research,2014,"Society for Research on Educational Effectiveness. 2040 Sheridan Road, Evanston, IL 60208. Tel: 202-495-0920; Fax: 202-640-4401; e-mail: inquiries@sree.org; Web site: http://www.sree.org",Society for Research on Educational Effectiveness,NA
R305A120288,ED549193,The Psychophysics of Algebra Expertise: Mathematics Perceptual Learning Interventions Produce Durable Encoding Changes,"Bufford, Carolyn A.; Mettler, Everett; Geller, Emma H.; Kellman, Philip J.","Reports - Research,Speeches/Meeting Papers",2014,NA,Grantee Submission,NA
R305A120288,ED547678,"Perceptual Learning, Cognition, and Expertise",Philip J. Kellman; Christine M. Massey,"Journal Articles,Reports - Research",2013,NA,Grantee Submission,NA
R305A120466,ED553171,Skill-Based Sorting in the Era of College Prep for All: Costs and Benefits. Research Brief,"Nomi, Takako; Allensworth, Elaine","Reports - Research,Reports - Research-practitioner Partnerships",2014,"University of Chicago Consortium on Chicago School Research. 1313 East 60th Street, Chicago, IL 60637. Tel: 773-702-3364; Fax: 773-702-2010; Web site: http://ccsr.uchicago.edu",University of Chicago Consortium on Chicago School Research,NA
R305A120781,ED578042,"Mathematics Performance and Cognition (MPAC) Interview: Measuring First- and Second-Grade Student Achievement in Number, Operations, and Equality in Spring 2015. Research Report No. 2016-02","Schoen, Robert C.; LaVenia, Mark; Champagne, Zachary M.; Farina, Kristy; Tazaz, Amanda M.","Reports - Research,Tests/Questionnaires",2017,NA,Grantee Submission,NA
R305A120781,ED599643,"Measuring Teacher Ability to Predict Student Success in Solving Specific Mathematics Problems: Procedures and Initial Findings of Accuracy, Overprediction, and Underprediction. Research Report No. 2017-03","Schoen, Robert C.; Iuhasz-Velez, Naomi","Reports - Research,Numerical/Quantitative Data",2017,NA,Grantee Submission,NA
R305A120781,ED575171,Developing an Assessment Instrument to Measure Early Elementary Teachers' Mathematical Knowledge for Teaching,"Schoen, Robert C.; Bray, Wendy; Wolfe, Christopher; Tazaz, Amanda M.; Nielsen, Lynne",Reports - Research,2017,NA,Grantee Submission,NA
R305A120809,ED608529,The Effect of Mentoring on School Attendance and Academic Outcomes: A Randomized Evaluation of the Check & Connect Program. Working Paper 27661,"Guryan, Jonathan; Christenson, Sandra; Cureton, Ashley; Lai, Ijun; Ludwig, Jens; Schwarz, Catherine; Shirey, Emma; Turner, Mary Clair",Reports - Research,2020,"National Bureau of Economic Research. 1050 Massachusetts Avenue, Cambridge, MA 02138-5398. Tel: 617-588-0343; Web site: http://www.nber.org",National Bureau of Economic Research,https://www.nber.org/papers/w27661
R305A120811,ED593875,A Summary of the BURST[R]: Reading Efficacy Trial,"Rowan, Brian; Hansen, Ben B.; White, Mark; Lycurgus, Timothy; Scott, Lesli J.",Reports - Research,2019,"Institute for Social Research. University of Michigan, P.O. Box 1248, 426 Thompson Street, Ann Arbor, MI 48106. Tel: 734-764-8354; Fax: 734-647- 4575; e-mail: isr-info@isr.umich.edu; Web site: http://www.isr.umich.edu",Institute for Social Research,NA
R305A120812,ED588178,Early Adolescents' Social Goals and School Adjustment,"Dawes, Molly",Reports - Evaluative,2017,NA,Grantee Submission,NA
R305A120812,ED588188,Classroom Social Dynamics Management: Why the Invisible Hand of the Teacher Matters for Special Education,"Farmer, Thomas W.; Dawes, Molly; Hamm, Jill V.; Lee, David; Mehtaji, Meera; Hoffman, Abigail S.; Brooks, Debbie S.",Reports - Evaluative,2018,NA,Grantee Submission,NA
R305A120812,ED588204,Self- and Peer-Identified Victims in Late Childhood: Differences in Perceptions of the School Ecology,"Dawes, Molly; Chen, Chin-Chih; Farmer, Thomas W.; Hamm, Jill V.",Reports - Research,2017,NA,Grantee Submission,NA
R305A120813,EJ1161168,Valid Issues but Limited Scope: A Response to Kitchen and Berk's Research Commentary on Educational Technology,"Clements, Douglas H.; Sarama, Julie","Journal Articles,Opinion Papers,Reports - Evaluative",2017,"National Council of Teachers of Mathematics. 1906 Association Drive, Reston, VA 20191. Tel: 800-235-7566; Tel: 703-620-9840; Fax: 703-476-2570; e-mail: NCTM@nctm.org; Web site: http://www.nctm.org/publications/journal-for-research-in-mathematics-education",Journal for Research in Mathematics Education,http://www.nctm.org/Publications/Journal-for-Research-in-Mathematics-Education/2017/Vol48/Issue5/Valid-Issues-but-Limited-Scope_-A-Response-to-Kitchen-and-Berk_s-Research-Commentary-on-Educational-Technology/
R305A130044,EJ1358592,Is the Early Promise of Money Enough? Examining High School Students' College Knowledge and Choice in a Promise Scholarship Program,"Reavis, Tangela Blakely","Journal Articles,Reports - Research",2022,"Center for Economic Education at the University of Louisville. Porter Building, 1905 South 1st Street, Louisville, Ky, 40292. e-mail: jsfa@louisville.edu; Web site: https://ir.library.louisville.edu/jsfa/",Journal of Student Financial Aid,NA
R305A130044,ED618296,"Optimal College Financial Aid: Theory and Evidence on Free College, Early Commitment, and Merit Aid from an Eight-Year Randomized Trial. EdWorkingPaper No. 21-393","Harris, Douglas N.; Mills, Jonathan",Reports - Research,2021,"Annenberg Institute for School Reform at Brown University. Brown University Box 1985, Providence, RI 02912. Tel: 401-863-7990; Fax: 401-863-1290; e-mail: AISR_Info@brown.edu; Web site: http://www.annenberginstitute.org",Annenberg Institute for School Reform at Brown University,NA
R305A130044,ED592611,The Promise of Free College (and Its Potential Pitfalls),"Harris, Douglas N.; Farmer-Hinton, Raquel; Kim, Debbie; Diamond, John; Reavis, Tangela Blakely; Rifelj, Kelly Krupa; Lustick, Hilary; Carl, Bradley",Reports - Research,2018,"Brookings Institution. 1775 Massachusetts Avenue NW, Washington, DC 20036. Tel: 202-797-6000; Fax: 202-797-6004; e-mail: webmaster@brookings.edu; Web site: http://www.brookings.edu",Brookings Institution,https://www.brookings.edu/wp-content/uploads/2018/09/GS_9202018_Free-College.pdf
R305A130044,ED650855,"Should College Be ""Free""? Evidence on Free College, Early Commitment, and Merit Aid from an Eight-Year Randomized Trial. EdWorkingPaper No. 24-952",Douglas N. Harris; Jonathan Mills,Reports - Research,2024,"Annenberg Institute for School Reform at Brown University. Brown University Box 1985, Providence, RI 02912. Tel: 401-863-7990; Fax: 401-863-1290; e-mail: AISR_Info@brown.edu; Web site: http://www.annenberginstitute.org",Annenberg Institute for School Reform at Brown University,NA
R305A130125,ED578931,Raising the Floor: New Approaches to Serving the Lowest-Skilled Students at Community Colleges in Texas and Beyond,"Visher, Mary; Cerna, Oscar; Diamond, John; Rutschow, Elizabeth Zachry",Reports - Descriptive,2017,"MDRC. 16 East 34th Street 19th Floor, New York, NY 10016-4326. Tel: 212-532-3200; Fax: 212-684-0832; e-mail: publications@mdrc.org; Web site: http://www.mdrc.org",MDRC,NA
R305A130125,ED590002,"A Randomized Controlled Trial of a Modularized, Computer-Assisted, Self-Paced Approach to Developmental Math. MDRC Working Paper","Weiss, Michael J.; Headlam, Camielle",Reports - Research,2018,"MDRC. 16 East 34th Street 19th Floor, New York, NY 10016-4326. Tel: 212-532-3200; Fax: 212-684-0832; e-mail: publications@mdrc.org; Web site: http://www.mdrc.org",MDRC,NA
R305A130125,ED567012,"At Their Own Pace: Interim Findings from an Evaluation of a Computer-Assisted, Modular Approach to Developmental Math","Gardenhire, Alissa; Diamond, John; Headlam, Camielle; Weiss, Michael J.",Reports - Research,2016,"MDRC. 16 East 34th Street 19th Floor, New York, NY 10016-4326. Tel: 212-532-3200; Fax: 212-684-0832; e-mail: publications@mdrc.org; Web site: http://www.mdrc.org",MDRC,NA
R305A130125,ED601131,Building Basic Math Skills: Boot Camp at Tarrant County College,"Cerna, Oscar",Reports - Evaluative,2019,"MDRC. 16 East 34th Street 19th Floor, New York, NY 10016-4326. Tel: 212-532-3200; Fax: 212-684-0832; e-mail: publications@mdrc.org; Web site: http://www.mdrc.org",MDRC,NA
R305A130125,ED604250,"Building a New ""Bridge"" to Math: A Study of a Transition Program Serving Students with Low Math Skills at a Community College","Boatman, Angela; Cerna, Oscar; Reiman, Kayla; Diamond, John; Visher, Mary G.; Rutschow, Elizabeth Zachry",Reports - Research,2020,"MDRC. 16 East 34th Street 19th Floor, New York, NY 10016-4326. Tel: 212-532-3200; Fax: 212-684-0832; e-mail: publications@mdrc.org; Web site: http://www.mdrc.org",MDRC,NA
R305A130143,ED626369,Universal Prevention to Support Children's Mental Health in Schools,"Herman, Keith C.; Reinke, Wendy M.; Thompson, Aaron M.; Faloughi, Reuben",Reports - Descriptive,2016,NA,Grantee Submission,https://psycnet.apa.org/record/2016-04916-016
R305A130195,EJ1148615,Listening to the Teachers: Using Weekly Online Teacher Logs for ROPD to Identify Teachers' Persistent Challenges When Implementing a Blended Learning Curriculum,"Riel, Jeremy; Lawless, Kimberly A.; Brown, Scott W.","Journal Articles,Reports - Research",2016,"Association for the Advancement of Computing in Education. P.O. Box 1545, Chesapeake, VA 23327. Tel: 757-366-5606; Fax: 703-997-8760; e-mail: info@aace.org; Web site: https://www.aace.org/pubs/jolr/",Journal of Online Learning Research,NA
R305A130195,EJ1374848,Comparisons of Synchronous and Asynchronous Discussions in an Online Roleplaying Simulation to Teach Middle School Written Argumentation Skills,"Riel, Jeremy; Lawless, Kimberly A.; Oren, James B.","Journal Articles,Reports - Research",2022,"Online Learning Consortium, Inc. P.O. Box 1238, Newburyport, MA 01950. Tel: 888-898-6209; Fax: 888-898-6209; e-mail: olj@onlinelearning-c.org; Web site: https://olj.onlinelearningconsortium.org/index.php/olj/index",Online Learning,NA
R305A130195,ED571428,Increasing Students' Science Writing Skills through a PBL Simulation,"Brown, Scott W.; Lawless, Kimberly A.; Rhoads, Christopher; Newton, Sarah D.; Lynn, Lisa","Speeches/Meeting Papers,Reports - Research",2016,International Association for the Development of the Information Society. e-mail: secretariat@iadis.org; Web site: http://www.iadisportal.org,International Association for Development of the Information Society,NA
R305A130195,ED605344,"What Makes a Leader: Online Activity, Language Quality, or Social Background?","Wang, Simon; Zhao, Addison; Newton, Sarah D.; Song, Shiyu; Morassini, Marissa Lyn; Brown, Scott W.; Lawless, Kimberley A.","Speeches/Meeting Papers,Reports - Research",2017,"AERA Online Paper Repository. Available from: American Educational Research Association. 1430 K Street NW Suite 1200, Washington, DC 20005. Tel: 202-238-3200; Fax: 202-238-3250; e-mail: subscriptions@aera.net; Web site: http://www.aera.net",AERA Online Paper Repository,http://www.aera.net/Publications/Online-Paper-Repository/AERA-Online-Paper-Repository
R305A130400,EJ1220756,An Efficacy Study of a Digital Core Curriculum for Grade 5 Mathematics,"Shechtman, Nicole; Roschelle, Jeremy; Feng, Mingyu; Singleton, Corinne","Journal Articles,Reports - Research",2019,"SAGE Publications. 2455 Teller Road, Thousand Oaks, CA 91320. Tel: 800-818-7243; Tel: 805-499-9774; Fax: 800-583-2665; e-mail: journals@sagepub.com; Web site: http://sagepub.com",AERA Open,NA
R305A130400,ED555574,Recruiting Participants for Large-Scale Random Assignment Experiments in School Settings,"Roschelle, Jeremy; Feng, Mingyu; Gallagher, H. Alix; Murphy, Robert; Harris, Christopher; Kamdar, Danae; Trinidad, Gucci",Reports - Research,2014,NA,Grantee Submission,NA
R305A130400,ED616627,"Teaching with a Fully Digital, Year-Long Math Program: Learning Science Futures on the Front Line","Roschelle, Jeremy; Herman, Phillip; Bumgardner, Karen; Shechtman, Nicole; Feng, Mingyu","Speeches/Meeting Papers,Reports - Research",2018,NA,Grantee Submission,NA
R305A130400,ED591241,Designing for Consistent Implementation of a 5th Grade Digital Math Curriculum,Jeremy Roschelle; Steven Gaudino; Samantha Darling,"Journal Articles,Reports - Research",2016,NA,Grantee Submission,NA
R305A140059,EJ1220773,"If You Offer It, Will They Come? Patterns of Application and Enrollment Behavior in a Universal Prekindergarten Context","Shapiro, Anna; Martin, Eleanor; Weiland, Christina; Unterman, Rebecca","Journal Articles,Reports - Research",2019,"SAGE Publications. 2455 Teller Road, Thousand Oaks, CA 91320. Tel: 800-818-7243; Tel: 805-499-9774; Fax: 800-583-2665; e-mail: journals@sagepub.com; Web site: http://sagepub.com",AERA Open,NA
R305A140059,ED610284,Over Diagnosed or Over Looked? The Effect of Age at Time of School Entry on Students Receiving Special Education Services. EdWorkingPaper No. 20-259,"Shapiro, Anna",Reports - Research,2020,"Annenberg Institute for School Reform at Brown University. Brown University Box 1985, Providence, RI 02912. Tel: 401-863-7990; Fax: 401-863-1290; e-mail: AISR_Info@brown.edu; Web site: http://www.annenberginstitute.org",Annenberg Institute for School Reform at Brown University,NA
R305A140059,ED610310,Higher-Quality Elementary Schools Sustain the Prekindergarten Boost: Evidence from an Exploration of Variation in the Boston Prekindergarten Program's Impacts. EdWorkingPaper No. 20-321,"Unterman, Rebecca; Weiland, Christina",Reports - Research,2020,"Annenberg Institute for School Reform at Brown University. Brown University Box 1985, Providence, RI 02912. Tel: 401-863-7990; Fax: 401-863-1290; e-mail: AISR_Info@brown.edu; Web site: http://www.annenberginstitute.org",Annenberg Institute for School Reform at Brown University,NA
R305A140059,ED601065,Quantifying and Predicting Variation in the Medium-Term Effects of Oversubscribed Prekindergarten Programs. Working Paper,"Unterman, Rebecca; Weiland, Christina",Reports - Research,2019,"MDRC. 16 East 34th Street 19th Floor, New York, NY 10016-4326. Tel: 212-532-3200; Fax: 212-684-0832; e-mail: publications@mdrc.org; Web site: http://www.mdrc.org",MDRC,NA
R305A140070,ED598345,A Multilevel Analysis of Racial Discipline Disproportionality: A Focus on Student Perceptions of Academic Engagement and Disciplinary Environment,"Larson, Kristine E.; Bottiani, Jessika H.; Pas, Elise T.; Kush, Joseph M.; Bradshaw, Catherine P.",Reports - Research,2019,NA,Grantee Submission,NA
R305A140092,ED608799,Examining the Fidelity of Implementation of Early Algebra Intervention and Student Learning,"Cassidy, Michael; Stroud, Rena; Stylianou, Despina; Blanton, Maria; Gardiner, Angela; Knuth, Eric; Stephens, Ana","Speeches/Meeting Papers,Reports - Research",2017,NA,Grantee Submission,NA
R305A140092,ED606901,Sixth-Grade Students' Retention of Early Algebra Understandings after an Elementary Grades Intervention,"Stephens, Ana; Stroud, Rena; Strachota, Susanne; Blanton, Maria; Stylianou, Despina; Knuth, Eric; Veltri Torres, Ranza; Gardiner, Angela Murphy; Sung, Yewon","Speeches/Meeting Papers,Reports - Research",2019,North American Chapter of the International Group for the Psychology of Mathematics Education. e-mail: pmena.steeringcommittee@gmail.com; Web site: http://www.pmena.org/,North American Chapter of the International Group for the Psychology of Mathematics Education,NA
R305A140121,EJ1279422,Inside the Black Box of Text-Message College Advising,"Arnold, Karen D.; Owen, Laura; Lewis, Jonathan","Journal Articles,Reports - Research",2020,"Journal of College Access. 1903 W. Michigan Avenue, Kalamazoo, MI 49008. Web site: http://scholarworks.wmich.edu/jca/",Journal of College Access,NA
R305A140121,EJ1279424,The Student Experience of Two-Way Text-Message College Advising: A First Glimpse,"Arnold, Karen D.; Israni, Venus; Rohn, Kathy Chau","Journal Articles,Reports - Research",2020,"Journal of College Access. 1903 W. Michigan Avenue, Kalamazoo, MI 49008. Web site: http://scholarworks.wmich.edu/jca/",Journal of College Access,NA
R305A140121,ED608518,Digital Messaging to Improve College Enrollment and Success. Working Paper 27897,"Avery, Christopher; Castleman, Benjamin L.; Hurwitz, Michael; Long, Bridget T.; Page, Lindsay C.",Reports - Research,2020,"National Bureau of Economic Research. 1050 Massachusetts Avenue, Cambridge, MA 02138-5398. Tel: 617-588-0343; Web site: http://www.nber.org",National Bureau of Economic Research,https://www.nber.org/papers/w27897
R305A140189,ED605959,Family-Centered Prevention to Enhance Parenting Skills during the Transition to Elementary School: A Randomized Trial,"Stormshak, Elizabeth A.; McIntyre, Laura Lee; Garbacz, S. Andrew; Kosty, Derek B.",Reports - Research,2020,NA,Grantee Submission,https://dx.doi.org/10.1037%2Ffam0000570
R305A140340,ED567765,"How ""Good"" Is ""Good Enough""? Exploring Fidelity of Implementation for a Web-Based Activity and Testing System in Developmental Algebra Instruction","Hauk, Shandy; Salguero, Katie; Kaser, Joyce","Speeches/Meeting Papers,Reports - Research",2016,NA,Grantee Submission,NA
R305A140340,ED567766,Exploration of the Factors That Support Learning: Web-Based Activity and Testing Systems in Community College Algebra,"Hauk, Shandy; Matlen, Bryan","Speeches/Meeting Papers,Reports - Research",2016,NA,Grantee Submission,NA
R305A140340,ED567767,To Be or Not to Be an Online Math Instructor?,"Kaser, Joyce; Hauk, Shandy","Journal Articles,Reports - Research,Tests/Questionnaires",2016,NA,Grantee Submission,http://c.ymcdn.com/sites/www.amatyc.org/resource/resmgr/educator_may_2016/Kaser.pdf
R305A140340,ED583982,Data Cleaning in Mathematics Education Research: The Overlooked Methodological Step,"Hubbard, Aleata","Speeches/Meeting Papers,Reports - Research",2017,NA,Grantee Submission,NA
R305A140340,ED583985,Exploration of the Factors That Support Learning: Web-Based Activity and Testing Systems in Community College Algebra [Contributed Report],"Hauk, Shandy; Matlen, Bryan; Thomas, Larry","Speeches/Meeting Papers,Reports - Research",2017,NA,Grantee Submission,NA
R305A140340,ED583986,Exploration of the Factors That Support Learning: Web-Based Activity and Testing Systems in Community College Algebra [Conference Long Paper],"Hauk, Shandy; Matlen, Bryan J.","Speeches/Meeting Papers,Reports - Research",2017,NA,Grantee Submission,NA
R305A140340,ED600496,Implementation and Impact of a Web-Based Activity and Testing System in Community College Algebra,"Hauk, Shandy; Matlen, Bryan","Speeches/Meeting Papers,Reports - Research",2018,NA,Grantee Submission,NA
R305A140361,EJ1095143,Retention and Satisfaction of Novice Teachers: Lessons from a School Reform Model,"Glennie, Elizabeth J.; Mason, Marcinda; Edmunds, Julie A.","Journal Articles,Reports - Research",2016,"Redfame Publishing Inc. 9450 SW Gemini Drive #99416, Beaverton, OR 97008. Tel: 503-828-0536 ext. 503; Fax: 503-828-0537; e-mail: jets@redfame.com; Web site: http://jets.redfame.com",Journal of Education and Training Studies,NA
R305A140361,EJ1390132,Merging High School and College: The Early College High School Model,"Edmunds, Julie A.","Journal Articles,Reports - Research",2023,"National Association of State Boards of Education. 2121 Crystal Drive Suite 350, Arlington, VA 22202. Tel: 800-368-5023; Tel: 703-684-4000; Fax: 703-836-2313; e-mail: boards@nasbe.org; Web site: https://www.nasbe.org/category/the-standard/",State Education Standard,NA
R305A140361,ED602451,"Early College, Continued Success: Longer-Term Impact of Early College High Schools","Song, Mengli; Zeiser, Kristina L.",Reports - Research,2019,"American Institutes for Research. 1000 Thomas Jefferson Street NW, Washington, DC 20007. Tel: 202-403-5000; Fax: 202-403-5001; e-mail: inquiry@air.org; Web site: http://www.air.org",American Institutes for Research,NA
R305A140361,ED611926,What Happens When You Combine High School and College? The Impact of Early Colleges on Postsecondary Performance and Completion,"Edmunds, Julie",Reports - Descriptive,2020,"SERVE Center at University of North Carolina at Greensboro. 5900 Summit Avenue Suite 201, Browns Summit, NC 27214. Tel: 800-755-3277; Tel: 336-315-7400; Fax: 336-315-7457; Web site: http://www.serve.org",SERVE Center at University of North Carolina at Greensboro,NA
R305A140361,ED654723,Evaluating the Longer Term Impact of Early College High Schools on Workforce Outcomes,Mengli Song; Kristina Zeiser; Kyle Neering; Robert Schwarzhaupt; Sara Mitchell,Reports - Research,2024,"American Institutes for Research. 1400 Crystal Drive 10th Floor, Arlington, VA 22202. Tel: 202-403-5000; Fax: 202-403-5001; e-mail: inquiry@air.org; Web site: https://www.air.org/",American Institutes for Research,NA
R305A140361,EJ1455117,The Impact of Early Colleges on Postsecondary Performance and Completion,Julie A. Edmunds; Fatih Unlu; Brian Phillips; Elizabeth J. Glennie; Christine Mulhern,"Journal Articles,Reports - Research",2024,"SAGE Publications. 2455 Teller Road, Thousand Oaks, CA 91320. Tel: 800-818-7243; Tel: 805-499-9774; Fax: 800-583-2665; e-mail: journals@sagepub.com; Web site: http://sagepub.com",AERA Open,NA
R305A140361,ED671103,The Costs and Benefits of North Carolina's Early College High School Model. EdWorkingPaper No. 25-1136,Brian Phillips; Julie A. Edmunds; Fatih Unlu; Elizabeth Glennie; Christine Mulhern,Reports - Research,2025,"Annenberg Institute for School Reform at Brown University. Brown University Box 1985, Providence, RI 02912. Tel: 401-863-7990; Fax: 401-863-1290; e-mail: annenberg@brown.edu; Web site: https://annenberg.brown.edu/",Annenberg Institute for School Reform at Brown University,NA
R305A140361,ED658175,The Impact of Early Colleges. Interactive Research Report,Kristina Zeiser; Robert Schwarzhaupt; Mengli Song; Kyle Neering; Sara Mitchell; Joanne Blank,"Reports - Research,Numerical/Quantitative Data",2024,"American Institutes for Research. 1400 Crystal Drive 10th Floor, Arlington, VA 22202. Tel: 202-403-5000; Fax: 202-403-5001; e-mail: inquiry@air.org; Web site: https://www.air.org/",Grantee Submission,https://indd.adobe.com/view/be261913-7364-4f51-854d-861b1a539188
R305A140488,ED618549,Teacher Comfort and Preparedness for Teaching Diverse Students: Setting the Foundation for Equitable Classroom Practices,"Duncan, Teresa Garcia; Schoeneberger, Jason; Hitchcock, John; Moeller, Babette","Speeches/Meeting Papers,Reports - Research",2022,NA,Grantee Submission,NA
R305A140488,ED598715,"Learning to Look, Looking to Learn","Rothschild, Karen; Cohen, Marvin; Moeller, Babette; Dubitsky, Barbara; Marshall, Nesta; McLeod, Matt","Journal Articles,Reports - Descriptive",2018,NA,Grantee Submission,NA
R305A140488,ED628394,"Setting the Foundation for Equitable Classroom Practices: Enhancing Teacher Comfort and Preparedness for Teaching Diverse Students Using the ""Math for All"" Professional Development Program",Babette Moeller; Teresa Duncan; Jason Schoeneberger; John Hitchcock; Matthew McLeod,"Speeches/Meeting Papers,Reports - Research",2022,NA,Grantee Submission,NA
R305A150043,ED599633,Psychometric Report for the Early Fractions Test Administered with Third- and Fourth-Grade Students in Fall 2016. Research Report No. 2017-10,"Schoen, Robert C.; Liu, Sicong; Yang, Xiaotong; Paek, Insu","Reports - Research,Tests/Questionnaires",2017,NA,Grantee Submission,NA
R305A150043,ED602416,Psychometric Report for the Early Fractions Test (Version 2.2) Administered with Third- and Fourth-Grade Students in Spring 2017. Research Report No. 2017-11,"Schoen, Robert C.; Yang, Xiaotong; Liu, Sicong; Paek, Insu",Reports - Research,2017,NA,Grantee Submission,NA
R305A150043,ED602417,Psychometric Report on the Knowledge for Teaching Elementary Fractions Test Administered to Elementary Educators in Six States in Spring 2017. Research Report No. 2018-13,"Schoen, Robert C.; Yang, Xiaotong; Paek, Insu",Reports - Research,2018,NA,Grantee Submission,NA
R305A150043,ED602418,Psychometric Report on the Knowledge for Teaching Elementary Fractions Test Administered to Elementary Educators in Six States in Fall 2016. Research Report No. 2018-12,"Schoen, Robert C.; Yang, Xiaotong; Liu, Sicong; Paek, Insu",Reports - Research,2018,NA,Grantee Submission,NA
R305A150058,ED586763,Efficacy of a High School Extensive Reading Intervention for English Learners with Reading Difficulties,"Vaughn, Sharon; Martinez, Leticia R.; Williams, Kelly J.; Miciak, Jeremy; Fall, Anna-Maria; Roberts, Greg",Reports - Research,2018,NA,Grantee Submission,NA
R305A150108,ED604593,Word Learning Strategies: A Program for Upper Elementary School Students,"Li, Linlin; Flynn, Kylie; Tripathy, Rachel Grimes; Wang, Jennifer; Austin-King, Kelsey; Graves, Michael F.","Speeches/Meeting Papers,Reports - Research",2018,NA,Grantee Submission,NA
R305A150108,ED604594,Improving Elementary School Students' Vocabulary Skills and Reading Comprehension through a Word Learning Strategies Program,"Li, Linlin; Ringstaff, Cathy; Tripathy, Rachel Grimes; Flynn, Kylie; Thomas, Larry","Speeches/Meeting Papers,Reports - Research",2019,NA,Grantee Submission,NA
R305A150108,ED604656,Evaluation of Word Learning Strategies: A Program for Upper-Elementary School Students,"Li, Linlin; Flynn, Kylie; Ringstaff, Cathy; Tripathy, Rachel; Lepori, Kathleen; Wang, Jennifer","Speeches/Meeting Papers,Reports - Research",2016,NA,Grantee Submission,NA
R305A150142,EJ1251561,"Measuring Mastery Behaviours at Scale: The Persistence, Effort, Resilience, and Challenge-Seeking (PERC) Task","Porter, Tenelle; Molina, Diego Catalán; Blackwell, Lisa; Roberts, Sylvia; Quirk, Abigail; Duckworth, Angela L.; Trzesniewski, Kali","Journal Articles,Reports - Research",2020,"Society for Learning Analytics Research. 121 Pointe Marsan, Beaumont, AB T4X 0A2, Canada. Tel: +61-429-920-838; e-mail: info@solaresearch.org; Web site: http://learning-analytics.info/journals/index.php/JLA/",Journal of Learning Analytics,NA
R305A150169,ED618482,Outcomes of a Small Group Program for Early Elementary Students with Self-Regulation Difficulties: Limitations of Transportability from Clinic to School,"Murray, Desiree W.; Kuhn, Laura J.; Willoughby, Michael T.; Dore', LaForett R.; Cavanaugh, Alyson M.",Reports - Research,2021,NA,Grantee Submission,https://link.springer.com/article/10.1007%2Fs12310-021-09480-4
R305A150169,ED616440,Incorporating Callous-Unemotional Behaviors into School-Based Research,"Willoughby, Michael T.; Murray, Desiree W.; Kuhn, Laura J.; Cavanaugh, Alyson M.; LaForett, Doré R.",Reports - Research,2021,NA,Grantee Submission,https://psycnet.apa.org/PsycARTICLES/journal/spq
R305A150221,ED598467,Examining Teachers' Classroom Management Profiles: Incorporating a Focus on Culturally Responsive Practice,"Gaias, Larissa M.; Johnson, Sarah Lindstrom; Bottiani, Jessika H.; Debnam, Katrina J.; Bradshaw, Catherine P.",Reports - Research,2019,NA,Grantee Submission,https://www.sciencedirect.com/journal/journal-of-school-psychology/vol/76/suppl/C
R305A150221,ED622050,Covariate Balance for Observational Effectiveness Studies: A Comparison of Matching and Weighting,Joseph M. Kush; Elise T. Pas; Rashelle J. Musci; Catherine P. Bradshaw,Reports - Research,2022,NA,Grantee Submission,https://www.tandfonline.com/loi/uree20
R305A150221,ED627325,Exploring Profiles of Coaches' Fidelity to Double Check's Motivational Interviewing-Embedded Coaching: Outcomes Associated with Fidelity,Elise T. Pas; Lindsay Borden; Katrina J. Debnam; Danielle De Lucia; Catherine P. Bradshaw,Reports - Research,2022,NA,Grantee Submission,NA
R305A150221,EJ1181996,Promoting Cultural Responsivity and Student Engagement through Double Check Coaching of Classroom Teachers: An Efficacy Study,Catherine P. Bradshaw; Elise T. Pas; Jessika H. Bottiani; Katrina J. Debnam; Wendy M. Reinke; Keith C. Herman; Michael S. Rosenberg,"Journal Articles,Reports - Research",2018,"National Association of School Psychologists. 4340 East West Highway Suite 402, Bethesda, MD 20814. Tel: 301-657-0270; Fax: 301-657-0275; e-mail: publications@naspweb.org; Web site: http://www.nasponline.org/publications/",School Psychology Review,NA
R305A150221,EJ1182041,Examining How Proactive Management and Culturally Responsive Teaching Relate to Student Behavior: Implications for Measurement and Practice,Kristine E. Larson; Elise T. Pas; Catherine P. Bradshaw; Michael S. Rosenberg; Norma L. Day-Vines,"Journal Articles,Reports - Research",2018,"National Association of School Psychologists. 4340 East West Highway Suite 402, Bethesda, MD 20814. Tel: 301-657-0270; Fax: 301-657-0275; e-mail: publications@naspweb.org; Web site: http://www.nasponline.org/publications/",School Psychology Review,NA
R305A150221,EJ1116767,Implementation and Acceptability of an Adapted Classroom Check-Up Coaching Model to Promote Culturally Responsive Classroom Management,Elise T. Pas; Kristine E. Larson; Wendy M. Reinke; Keith C. Herman; Catherine P. Bradshaw,"Journal Articles,Reports - Research",2016,"West Virginia University Press. P.O. Box 6295, West Virginia University, Morgantown, WV 26506. Tel: 866-988-7737; Tel: 304-293-8400; Fax: 304-293-6585; Web site: http://www.wvupress.com/index.php",Education and Treatment of Children,NA
R305A150243,EJ1386920,The Development and Assessment of Early Cardinal-Number Concepts,"Baroody, Arthur J.; Mix, Kelly S.; Kartal, Gamze; Lai, Meng-lung","Journal Articles,Reports - Research",2023,"Leibniz Institute for Psychology. Universitatsring 15, Trier, 54296, Germany. e-mail: support@psychopen.eu; Web site: https://jnc.psychopen.eu",Journal of Numerical Cognition,NA
R305A150243,EJ1353798,Lessons Learned from 10 Experiments That Tested the Efficacy and Assumptions of Hypothetical Learning Trajectories,"Baroody, Arthur J.; Clements, Douglas H.; Sarama, Julie","Journal Articles,Reports - Research",2022,"MDPI AG. Klybeckstrasse 64, 4057 Basel, Switzerland. e-mail: education@mdpi.com; e-mail: indexing@mdpi.com; Web site: https://www.mdpi.com/journal/education",Education Sciences,NA
R305A150243,EJ1323924,Testing a Theoretical Assumption of a Learning-Trajectories Approach in Teaching Length Measurement to Kindergartners,Julie Sarama; Douglas H. Clements; Arthur J. Baroody; Traci S. Kutaka; Pavel Chernyavskiy; Jackie Shi; Menglong Cong,"Journal Articles,Reports - Research",2021,"SAGE Publications. 2455 Teller Road, Thousand Oaks, CA 91320. Tel: 800-818-7243; Tel: 805-499-9774; Fax: 800-583-2665; e-mail: journals@sagepub.com; Web site: http://sagepub.com",AERA Open,NA
R305A150253,ED626468,Five Lessons to Consider When Supporting Returning Students,"Coca, Vanessa; Feygin, Amy; Poole, Jenny; Choi, Linda; Hatcher, Mark; Goldrick-Rab, Sara",Reports - Research,2022,"College Completion Network. Available from: American Institutes for Research. 1400 Crystal Drive 10th Floor, Arlington, VA 22202; Tel: 202-403-5000; e-mail: CNN@air.org; web site: https://collegecompletionnetwork.org/",College Completion Network,NA
R305A150253,ED626507,College Completion Network: Research Project Findings,NA,Reports - Descriptive,2022,"College Completion Network. Available from: American Institutes for Research. 1400 Crystal Drive 10th Floor, Arlington, VA 22202; Tel: 202-403-5000; e-mail: CNN@air.org; web site: https://collegecompletionnetwork.org/",College Completion Network,NA
R305A150253,ED626635,"Advising for College Success: Policies, Practices, and Programs That Support Students on the Path to College Completion","Feygin, Amy; Miller, Trey; Poole, Jenny; Hatcher, Mark; Choi, Linda",Reports - Research,2022,"College Completion Network. Available from: American Institutes for Research. 1400 Crystal Drive 10th Floor, Arlington, VA 22202; Tel: 202-403-5000; e-mail: CNN@air.org; web site: https://collegecompletionnetwork.org/",College Completion Network,NA
R305A150253,ED626636,"Advising for College Success: Next Steps for Policymakers, Practitioners, and Researchers","Feygin, Amy; Miller, Trey; Bettinger, Eric",Reports - Evaluative,2022,"College Completion Network. Available from: American Institutes for Research. 1400 Crystal Drive 10th Floor, Arlington, VA 22202; Tel: 202-403-5000; e-mail: CNN@air.org; web site: https://collegecompletionnetwork.org/",College Completion Network,NA
R305A150253,ED626639,Advising for College Success: A Systematic Review of the Evidence. Appendix C,"Feygin, Amy; Miller, Trey; Bettinger, Eric; Dell, Madison","Reports - Descriptive,Information Analyses",2022,"College Completion Network. Available from: American Institutes for Research. 1400 Crystal Drive 10th Floor, Arlington, VA 22202; Tel: 202-403-5000; e-mail: CNN@air.org; web site: https://collegecompletionnetwork.org/",College Completion Network,NA
R305A150253,ED626933,Advising for College Success: A Systematic Review of the Evidence,Amy Feygin; Trey Miller; Eric Bettinger; Madison Dell,"Reports - Research,Information Analyses",2022,"College Completion Network. Available from: American Institutes for Research. 1400 Crystal Drive 10th Floor, Arlington, VA 22202; Tel: 202-403-5000; e-mail: CNN@air.org; web site: https://collegecompletionnetwork.org/",College Completion Network,NA
R305A150407,ED623822,Delivering Professional Development That Sticks: A Guide for School Leaders,"Swanson, Elizabeth; Stewart, Alicia A.",Reports - Research,2021,NA,Grantee Submission,https://meadowscenter.org/wp-content/uploads/2022/04/STRIVE-Brief41.pdf
R305A150463,ED677267,Testing the Effectiveness of Professional Development in Academic Vocabulary on Observed Teaching Practice and Academic Vocabulary Knowledge of English Learners in 8th Grade Social Studies Classrooms: Effective Teachers and Effective Teaching -- Goal 3 Replication Study. Final Performance Report,NA,Reports - Evaluative,2024,"Instructional Research Group. 4281 Katella Avenue Ste 205,  Los Alamitos, CA 90720. Web site: https://www.inresg.org/",Instructional Research Group,NA
R305A150488,ED610547,Teaching Explicit Social-Emotional Skills with Contextual Supports for Students with Intensive Intervention Needs,"Bierman, Karen L.; Sanders, Michael T.",Reports - Evaluative,2020,NA,Grantee Submission,https://doi.org/10.1177%2F1063426620957623
R305A160013,EJ1360451,Assessing School Communities Using Google Street View: A Virtual Systematic Social Observation Approach,"McCoy, Dana Charles; Sabol, Terri J.; Hanno, Emily C.; Odgers, Candice L.","Journal Articles,Reports - Research",2022,"SAGE Publications. 2455 Teller Road, Thousand Oaks, CA 91320. Tel: 800-818-7243; Tel: 805-499-9774; Fax: 800-583-2665; e-mail: journals@sagepub.com; Web site: http://sagepub.com",AERA Open,NA
R305A160060,EJ1229779,Addressing Literacy Needs of Struggling Spanish-Speaking First Graders: First-Year Results from a National Randomized Controlled Trial of Descubriendo la Lectura,"Borman, Trisha H.; Borman, Geoffrey D.; Houghton, Scott; Park, So Jung; Zhu, Bo; Martin, Alejandra; Wilkinson-Flicker, Sidney","Journal Articles,Reports - Research",2019,"SAGE Publications. 2455 Teller Road, Thousand Oaks, CA 91320. Tel: 800-818-7243; Tel: 805-499-9774; Fax: 800-583-2665; e-mail: journals@sagepub.com; Web site: http://sagepub.com",AERA Open,NA
R305A160060,EJ1494923,Replicating a Middle-School Belonging Intervention: Evidence from a Randomized Trial within a New School District,Geoffrey D. Borman; Trisha H. Borman; So Jung Park; Bo Zhu,"Journal Articles,Reports - Research",2025,"SAGE Publications. 2455 Teller Road, Thousand Oaks, CA 91320. Tel: 800-818-7243; Tel: 805-499-9774; Fax: 800-583-2665; e-mail: journals@sagepub.com; Web site: http://sagepub.com",AERA Open,NA
R305A160109,ED607252,Zoology One Efficacy Evaluation Summary of Findings (April 2020). CPRE Policy Briefs,"Gray, Abigail; Sirinides, Philip; Fink, Ryan; Bowden, Brooks",Reports - Research,2020,"Consortium for Policy Research in Education. University of Pennsylvania, 3440 Market Street Suite 560, Philadelphia, PA 19104. Tel: 215-593-0700; Fax: 215-573-7914; e-mail: cpre@gse.upenn.edu; Web site: http://www.cpre.org",Consortium for Policy Research in Education,NA
R305A160109,ED650662,Examining Sustainment of an Evidence-Based Kindergarten Literacy Curriculum. Report Brief,Ryan Fink; Katarina Suwak; Gwendolyn Lawson; Maurice Spillane,Reports - Research,2023,"Consortium for Policy Research in Education. Teachers College, Columbia University, President's House, 525 West 120th Street, Box 124, New York, NY 10027. Tel: 212-678-3207; e-mail: cpre-tc@tc.columbia.edu; Web site: https://www.tc.columbia.edu/cpre/",Consortium for Policy Research in Education,NA
R305A160140,ED602451,"Early College, Continued Success: Longer-Term Impact of Early College High Schools","Song, Mengli; Zeiser, Kristina L.",Reports - Research,2019,"American Institutes for Research. 1000 Thomas Jefferson Street NW, Washington, DC 20007. Tel: 202-403-5000; Fax: 202-403-5001; e-mail: inquiry@air.org; Web site: http://www.air.org",American Institutes for Research,NA
R305A160140,ED606242,The Costs and Benefits of Early College High Schools,"Atchison, Drew; Zeiser, Kristina L.; Mohammed, Salma; Levin, Jesse; Knight, David",Reports - Research,2019,"American Institutes for Research. 1000 Thomas Jefferson Street NW, Washington, DC 20007. Tel: 202-403-5000; Fax: 202-403-5001; e-mail: inquiry@air.org; Web site: http://www.air.org",American Institutes for Research,NA
R305A160166,EJ1323939,"Overcoming the ""Trash Talk in Your Head"": Extending an Ethic of Care to Students Experiencing Intersectional Stigma in Community College","Brower, Rebecca L.; Bertrand Jones, Tamara; Hu, Shouping","Journal Articles,Reports - Research",2021,"SAGE Publications. 2455 Teller Road, Thousand Oaks, CA 91320. Tel: 800-818-7243; Tel: 805-499-9774; Fax: 800-583-2665; e-mail: journals@sagepub.com; Web site: http://sagepub.com",AERA Open,NA
R305A160166,EJ1248466,"From Democratic to ""Need to Know"": Linking Distributed Leadership to Data Cultures in the Florida College System","Brower, Rebecca L.; Mokher, Christine G.; Bertrand Jones, Tamara; Cox, Bradley E.; Hu, Shouping","Journal Articles,Reports - Research",2020,"SAGE Publications. 2455 Teller Road, Thousand Oaks, CA 91320. Tel: 800-818-7243; Tel: 805-499-9774; Fax: 800-583-2665; e-mail: journals@sagepub.com; Web site: http://sagepub.com",AERA Open,NA
R305A160166,EJ1360523,Who Benefited More from the Developmental Education Reform in Florida? The Role of Exemption Status,"Zhao, Kai; Mokher, Christine G.; Park-Gaghan, Toby J.; Hu, Shouping","Journal Articles,Reports - Research",2022,"SAGE Publications. 2455 Teller Road, Thousand Oaks, CA 91320. Tel: 800-818-7243; Tel: 805-499-9774; Fax: 800-583-2665; e-mail: journals@sagepub.com; Web site: http://sagepub.com",AERA Open,NA
R305A160166,EJ1349709,Does the Method of Acceleration Matter? Exploring the Likelihood of College Coursetaking Success across Four Developmental Education Instructional Strategies,"Mokher, Christine G.; Park-Gaghan, Toby J.; Hu, Shouping","Journal Articles,Reports - Research",2021,"SAGE Publications. 2455 Teller Road, Thousand Oaks, CA 91320. Tel: 800-818-7243; Tel: 805-499-9774; Fax: 800-583-2665; e-mail: journals@sagepub.com; Web site: https://sagepub.com",Teachers College Record,NA
R305A160166,ED610561,Accelerating to Success: The Impact of Florida's Developmental Education Reform on Credit Accumulation,"Mokher, Christine G.; Park-Gaghan, Toby J.; Hu, Shouping","Journal Articles,Reports - Research",2020,NA,Grantee Submission,https://www.tcrecord.org/Content.asp?ContentId=23512
R305A160166,ED610563,Student Self-Determination Following Developmental Education Reform in Florida's Community Colleges,"Brower, Rebecca L.; Bertrand Jones, Tamara; Hu, Shouping; Park-Gaghan, Toby J.","Journal Articles,Reports - Research",2020,NA,Grantee Submission,https://www.tcrecord.org/content.asp?contentid=23183
R305A160166,ED610595,Developmental Education Reform and the Racial/Ethnic Achievement Gap: The Case of First-Semester Gateway Course Passing Rates When Florida Made Developmental Education Optional,"Park, Toby J.; Woods, Chenoa S.; Hu, Shouping; Bertrand Jones, Tamara; Cig, Oguzcan; Tandberg, David","Journal Articles,Reports - Research",2018,NA,Grantee Submission,https://www.tcrecord.org/Content.asp?ContentId=22506
R305A160177,EJ1229664,"Long-Term Effects of Social-Emotional Learning on Receipt of Special Education and Grade Retention: Evidence from a Randomized Trial of ""INSIGHTS""","McCormick, Meghan P.; Neuhaus, Robin; Horn, E. Parham; O'Connor, Erin E.; White, Hope I.; Harding, Samantha; Cappella, Elise; McClowry, Sandee","Journal Articles,Reports - Research",2019,"SAGE Publications. 2455 Teller Road, Thousand Oaks, CA 91320. Tel: 800-818-7243; Tel: 805-499-9774; Fax: 800-583-2665; e-mail: journals@sagepub.com; Web site: http://sagepub.com",AERA Open,NA
R305A160188,ED615015,Transition Intervention in High School and Pathway through College. Working Paper No. 255-0821,"Xu, Zeyu; Backes, Ben; Goldhaber, Dan",Reports - Research,2021,"National Center for Analysis of Longitudinal Data in Education Research. American Institutes for Research, 1000 Thomas Jefferson Street NW, Washington, DC 20007. Tel: 202-403-5796; Fax: 202-403-6783; e-mail: info@caldercenter.org; Web site: https://caldercenter.org",National Center for Analysis of Longitudinal Data in Education Research (CALDER),NA
R305A160188,ED616054,"What Makes for a ""Gifted"" Education? Exploring How Participation in Gifted Programs Affects Students' Learning Environments. Working Paper No. 256-0821","Backes, Ben; Cowan, James; Goldhaber, Dan",Reports - Research,2021,"National Center for Analysis of Longitudinal Data in Education Research. American Institutes for Research, 1000 Thomas Jefferson Street NW, Washington, DC 20007. Tel: 202-403-5796; Fax: 202-403-6783; e-mail: info@caldercenter.org; Web site: https://caldercenter.org",National Center for Analysis of Longitudinal Data in Education Research (CALDER),NA
R305A160188,ED603894,Targeted Interventions in High School: Preparing Students for College. Working Paper No. 232-0220,"Xu, Zeyu; Backes, Ben; Oliveira, Amanda; Goldhaber, Dan",Reports - Research,2020,"National Center for Analysis of Longitudinal Data in Education Research. American Institutes for Research, 1000 Thomas Jefferson Street NW, Washington, DC 20007. Tel: 202-403-5796; Fax: 202-403-6783; e-mail: info@caldercenter.org; Web site: https://caldercenter.org",National Center for Analysis of Longitudinal Data in Education Research (CALDER),NA
R305A160188,ED603904,Kentucky Targeted Intervention Program Cost Study,"Levin, Jesse; Carbuccia, Maryan; Adelman-Sil, Ethan; Danks, Amanda","Reports - Research,Numerical/Quantitative Data",2020,"American Institutes for Research. 1000 Thomas Jefferson Street NW, Washington, DC 20007. Tel: 202-403-5000; Fax: 202-403-5001; e-mail: inquiry@air.org; Web site: http://www.air.org",American Institutes for Research,NA
R305A160188,ED622143,Linkage between Fields of Concentration in High School Career-Technical Education and College Majors. Working Paper No. 269-0722,"Xu, Zeyu; Backes, Ben",Reports - Research,2022,"National Center for Analysis of Longitudinal Data in Education Research. American Institutes for Research, 1000 Thomas Jefferson Street NW, Washington, DC 20007. Tel: 202-403-5796; Fax: 202-403-6783; e-mail: info@caldercenter.org; Web site: https://caldercenter.org",National Center for Analysis of Longitudinal Data in Education Research (CALDER),NA
R305A160188,ED627998,Linkage between Fields of Focus in High School Career Technical Education and College Majors. Working Paper No. 269-0323-2,"Xu, Zeyu; Backes, Ben",Reports - Research,2023,"National Center for Analysis of Longitudinal Data in Education Research. American Institutes for Research, 1000 Thomas Jefferson Street NW, Washington, DC 20007. Tel: 202-403-5796; Fax: 202-403-6783; e-mail: info@caldercenter.org; Web site: https://caldercenter.org",National Center for Analysis of Longitudinal Data in Education Research (CALDER),NA
R305A160188,ED671178,Targeted Interventions in High School: Preparing Students for College. EdWorkingPaper No. 20-218,Zeyu Xu; Ben Backes; Amanda Oliveira; Dan Goldhaber,Reports - Research,2020,"Annenberg Institute for School Reform at Brown University. Brown University Box 1985, Providence, RI 02912. Tel: 401-863-7990; Fax: 401-863-1290; e-mail: annenberg@brown.edu; Web site: https://annenberg.brown.edu/",Annenberg Institute for School Reform at Brown University,NA
R305A160242,ED614889,Strategy Instruction with Self-Regulation in College Developmental Writing Courses: Results from a Randomized Experiment,"MacArthur, Charles A.; Traga Philippakos, Zoi A.; May, Henry; Compello, Jill",Reports - Research,2021,NA,Grantee Submission,NA
R305A160242,ED627290,Cost Analysis for the Supporting Strategic Writers Curriculum,Charles A. MacArthur; Zoi Traga Philippakos; Henry May,Reports - Evaluative,2023,NA,Grantee Submission,NA
R305A160261,ED618645,"Small-Group, Emergent Literacy Intervention under Two Implementation Models: Intent-to-Treat and Dosage Effects for Preschoolers At-Risk for Reading Difficulties","Piasta, Shayne B.; Logan, Jessica A. R.; Zettler-Greeley, Cynthia M.; Bailet, Laura L.; Lewis, Kandia; Thomas, Leiah J. G.",Reports - Research,2022,NA,Grantee Submission,https://doi.org/10.1177%2F00222194221079355
R305A160261,ED675939,Building a Literacy Foundation: Strategies to Implement and Maximize Small-Group Literacy Lessons in Preschool,Cynthia M. Zettler-Greeley; Kandia Lewis; Shayne B. Piasta; Laura L. Bailet; Leiah J. G. Thomas; Shelby Dowdy,Reports - Research,2025,NA,Grantee Submission,https://www.naeyc.org/resources/pubs/yc/fall2025
R305A160273,ED581656,The Power of Fully Supporting Community College Students: The Effects of The City University of New York's Accelerated Study in Associate Programs after Six Years,"Gupta, Himani",Reports - Research,2017,NA,Grantee Submission,NA
R305A160273,ED607355,An Eight-Year Cost Analysis from a Randomized Controlled Trial of CUNY's Accelerated Study in Associate Programs. Working Paper,Gilda Azurdia; Katerina Galkin,Reports - Descriptive,2020,"MDRC. 16 East 34th Street 19th Floor, New York, NY 10016-4326. Tel: 212-532-3200; Fax: 212-684-0832; e-mail: publications@mdrc.org; Web site: http://www.mdrc.org",MDRC,NA
R305A160273,ED611732,Increasing Community College Graduation Rates: A Synthesis of Findings on the ASAP Model from Six Colleges across Two States,Cynthia Miller; Michael Weiss,Reports - Research,2021,"MDRC. 16 East 34th Street 19th Floor, New York, NY 10016-4326. Tel: 212-532-3200; Fax: 212-684-0832; e-mail: publications@mdrc.org; Web site: http://www.mdrc.org",MDRC,NA
R305A160346,EJ1483338,"Evaluation of a Classroom Management Program for Improving Student-Teacher Relationships, Social Skills Instruction, and Teacher Self-Efficacy",W. Alex Mason; Ying Guo; Ashley T. Scudder; Kathleen A. Clancy; Hsiu Chen Yeh; Richard L. Spoth; Tricia K. Neppl; Chungyeol Shin; Patrick M. Tyler,"Journal Articles,Reports - Research",2025,"University of Northern Colorado, College of Education and Behavioral Sciences. 501 20th Street, Greeley, CO 80639. Web site: https://digscholarship.unco.edu/jeri/",Journal of Educational Research and Innovation,NA
R305A170044,ED679597,Exploring KinderTEK's Efficacy in Kindergarten Classrooms,Mari Strand Cary; Lina Shanley; Keith Smolkowski; Ben Clarke; Ryann Crowley,Reports - Research,2026,NA,Grantee Submission,https://ijte.net/index.php/ijte
R305A170047,EJ1455210,Does Universal SEL Promote Academic Success? Examining Learner Outcomes under Routine Conditions in First-Grade Classrooms,Susan Crandall Hart; James C. DiPerna; Pui-Wa Lei; Hui Zhao; Tianying Sun; Xinyue Li; Kyle Husmann,"Journal Articles,Reports - Research",2024,"SAGE Publications. 2455 Teller Road, Thousand Oaks, CA 91320. Tel: 800-818-7243; Tel: 805-499-9774; Fax: 800-583-2665; e-mail: journals@sagepub.com; Web site: http://sagepub.com",AERA Open,NA
R305A170047,ED674522,Examining the Effectiveness of a Universal Social-Emotional Learning Program in Second-Grade Classrooms,James C. DiPerna; Susan Crandall Hart; Pui-Wa Lei; Tianying Sun; Hui Zhao; Kyle Husmann; Xinyue Li,Reports - Research,2025,NA,Grantee Submission,NA
R305A170139,EJ1303458,Children with Cochlear Implants Use Semantic Prediction to Facilitate Spoken Word Recognition,"Blomquist, Christina; Newman, Rochelle S.; Huang, Yi Ting; Edwards, Jan","Journal Articles,Reports - Research",2021,"American Speech-Language-Hearing Association. 2200 Research Blvd #250, Rockville, MD 20850. Tel: 301-296-5700; Fax: 301-296-8580; e-mail: slhr@asha.org; Web site: http://jslhr.pubs.asha.org","Journal of Speech, Language, and Hearing Research",NA
R305A170139,ED661194,Understanding How African American English-Speaking Children Use Inflectional Verb Morphology in Sentence Processing and Word Learning,Arynn Simone Byrd,Dissertations/Theses - Doctoral Dissertations,2024,"ProQuest LLC. 789 East Eisenhower Parkway, P.O. Box 1346, Ann Arbor, MI 48106. Tel: 800-521-0600; Web site: http://www.proquest.com/en-US/products/dissertations/individuals.shtml",ProQuest LLC,https://gateway.proquest.com/openurl?url_ver=Z39.88-2004&rft_val_fmt=info:ofi/fmt:kev:mtx:dissertation&res_dat=xri:pqm&rft_dat=xri:pqdiss:31482763
R305A170160,ED631730,Examining the Associations of Students' Career Goals Survey Response to Writing Response,"Lee, Hye Rin; Safavian, Nayssan; Dicke, Anna-Lena; Eccles, Jacquelynne S.","Reports - Research,Numerical/Quantitative Data",2021,NA,Grantee Submission,NA
R305A170160,ED619061,"Do I Belong? Gender, Perceived Competence and the Development of Field Belonging for Physics Undergraduates","Dicke, Anna-Lena; Safavian, Nayssan; Gao, Yannan; Eccles, Jacquelynne S.","Speeches/Meeting Papers,Reports - Research",2020,NA,Grantee Submission,NA
R305A170160,ED619350,"Does Chemistry Offer What I Want? Associations of Socio-Demographic Background, Perceived Affordances and Field Belonging","Dicke, Anna-Lena; Safavian, Nayssan; Gao, Yannan; Eccles, Jacquelynne S.","Speeches/Meeting Papers,Reports - Research",2019,NA,Grantee Submission,NA
R305A170160,ED620382,Looking into Gateway: Expectancy-Value Profiles Predict Undergraduates' Intent to Persist in Physics after Introductory Course,"Gao, Yannan; Dicke, Anna-Lena; Safavian, Nayssan; Eccles, Jacquelynne","Speeches/Meeting Papers,Reports - Research",2020,NA,Grantee Submission,NA
R305A170160,ED620383,Giving Students a Voice: Deconstructing Undergraduates Chemistry and Physics Persistence Using Expectancy-Value Theory,"Gao, Yannan; Dicke, Anna-Lena; Safavian, Nayssan; Eccles, Jacquelynne","Speeches/Meeting Papers,Reports - Research",2021,NA,Grantee Submission,NA
R305A170160,ED620420,What Do Words Convey? A Thematic and Linguistic Analysis of Undergraduates' Reasons for Choice of Major and Associations with Science Motivation,"Safavian, Nayssan; Dicke, Anna-Lena; Gao, Yannan; Eccles, Jacquelynne","Speeches/Meeting Papers,Reports - Research",2021,NA,Grantee Submission,NA
R305A170160,ED620429,Listen to the Students: Exploring Undergraduates' Reasons for Science Persistence Using E-V Theory,"Gao, Yannan; Dicke, Anna-Lena; Safavian, Nayssan; Eccles, Jacquelynne","Speeches/Meeting Papers,Reports - Research",2020,NA,Grantee Submission,NA
R305A170243,ED630842,Auto-Scoring Student Responses with Images in Mathematics,"Baral, Sami; Botelho, Anthony; Santhanam, Abhishek; Gurung, Ashish; Cheng, Li; Heffernan, Neil","Speeches/Meeting Papers,Reports - Research",2023,International Educational Data Mining Society. e-mail: admin@educationaldatamining.org; Web site: https://educationaldatamining.org/conferences/,International Educational Data Mining Society,NA
R305A170243,ED630844,Effective Evaluation of Online Learning Interventions with Surrogate Measures,"Prihar, Ethan; Vanacore, Kirk; Sales, Adam; Heffernan, Neil","Speeches/Meeting Papers,Reports - Research",2023,International Educational Data Mining Society. e-mail: admin@educationaldatamining.org; Web site: https://educationaldatamining.org/conferences/,International Educational Data Mining Society,NA
R305A170243,ED630851,Knowledge Tracing over Time: A Longitudinal Analysis,"Lee, Morgan P.; Croteau, Ethan; Gurung, Ashish; Botelho, Anthony F.; Heffernan, Neil T.","Speeches/Meeting Papers,Reports - Research",2023,International Educational Data Mining Society. e-mail: admin@educationaldatamining.org; Web site: https://educationaldatamining.org/conferences/,International Educational Data Mining Society,NA
R305A170243,ED630861,How to Open Science: Debugging Reproducibility within the Educational Data Mining Conference,"Haim, Aaron; Gyurcsan, Robert; Baxter, Chris; Shaw, Stacy T.; Heffernan, Neil T.","Speeches/Meeting Papers,Information Analyses",2023,International Educational Data Mining Society. e-mail: admin@educationaldatamining.org; Web site: https://educationaldatamining.org/conferences/,International Educational Data Mining Society,NA
R305A170243,EJ1238487,Save Your Strokes: Chinese Handwriting Practice Makes for Ineffective Use of Instructional Time in Second Language Classrooms,"Lu, Xiwen; Ostrow, Korinn S.; Heffernan, Neil T.","Journal Articles,Reports - Research,Tests/Questionnaires",2019,"SAGE Publications. 2455 Teller Road, Thousand Oaks, CA 91320. Tel: 800-818-7243; Tel: 805-499-9774; Fax: 800-583-2665; e-mail: journals@sagepub.com; Web site: http://sagepub.com",AERA Open,NA
R305A170243,ED615500,A Novel Algorithm for Aggregating Crowdsourced Opinions,"Prihar, Ethan; Heffernan, Neil","Reports - Research,Speeches/Meeting Papers",2021,International Educational Data Mining Society. e-mail: admin@educationaldatamining.org; Web site: https://educationaldatamining.org/conferences/,International Educational Data Mining Society,NA
R305A170243,ED615565,Improving Automated Scoring of Student Open Responses in Mathematics,"Baral, Sami; Botelho, Anthony F.; Erickson, John A.; Benachamardi, Priyanka; Heffernan, Neil T.","Reports - Research,Speeches/Meeting Papers",2021,International Educational Data Mining Society. e-mail: admin@educationaldatamining.org; Web site: https://educationaldatamining.org/conferences/,International Educational Data Mining Society,NA
R305A170243,ED639898,"Considerate, Unfair, or Just Fatigued? Examining Factors That Impact Teacher",Ashish Gurung; Anthony F. Botelho; Russell Thompson; Adam C. Sales; Sami Baral; Neil T. Heffernan,"Speeches/Meeting Papers,Reports - Research",2022,NA,Grantee Submission,NA
R305A170243,ED636098,Comparing Different Approaches to Generating Mathematics Explanations Using Large Language Models,Ethan Prihar; Morgan Lee; Mia Hopman; Adam Tauman Kalai; Sofia Vempala; Allison Wang; Gabriel Wickline; Aly Murray; Neil Heffernan,"Speeches/Meeting Papers,Reports - Research",2023,NA,Grantee Submission,NA
R305A170243,EJ1455200,Teacher Use of an Online Platform to Support Independent Practice in Middle School Mathematics during COVID-19 Disruptions,Eben B. Witherspoon; Max Pardo; Kirk Walters; Rachel Garrett; Matthew Hilbert; Jennifer Ford; Lisa B. Hsin; Melissa A. Rodgers; Dionisio Garcia Piriz; Lauren Burr; Leslie Thornley,"Journal Articles,Reports - Research,Tests/Questionnaires",2024,"SAGE Publications. 2455 Teller Road, Thousand Oaks, CA 91320. Tel: 800-818-7243; Tel: 805-499-9774; Fax: 800-583-2665; e-mail: journals@sagepub.com; Web site: http://sagepub.com",AERA Open,NA
R305A170243,ED624051,Exploring Common Trends in Online Educational Experiments,Ethan Prihar; Manaal Syed; Korinn Ostrow; Stacy Shaw; Adam Sales; Neil Heffernan,"Speeches/Meeting Papers,Reports - Research",2022,International Educational Data Mining Society. e-mail: admin@educationaldatamining.org; Web site: https://educationaldatamining.org/conferences/,International Educational Data Mining Society,NA
R305A170243,EJ1430518,Effect of Gamification on Gamers: Evaluating Interventions for Students Who Game the System,Kirk P. Vanacore; Ashish Gurung; Adam C. Sales; Neil T. Heffernan,"Journal Articles,Reports - Research",2024,International Educational Data Mining. e-mail: jedm.editor@gmail.com; Web site: https://jedm.educationaldatamining.org/index.php/JEDM,Journal of Educational Data Mining,NA
R305A170250,ED618886,On Ramp to College: Dual Enrollment Impacts from the Evaluation of New York City's P-TECH 9-14 Schools,"Dixon, Michelle; Rosen, Rachel",Reports - Research,2022,"MDRC. 16 East 34th Street 19th Floor, New York, NY 10016-4326. Tel: 212-532-3200; Fax: 212-684-0832; e-mail: publications@mdrc.org; Web site: http://www.mdrc.org",MDRC,NA
R305A170250,ED595264,An Overview of the NYC P-TECH Grades 9-14 Model,NA,Reports - Evaluative,2018,"MDRC. 16 East 34th Street 19th Floor, New York, NY 10016-4326. Tel: 212-532-3200; Fax: 212-684-0832; e-mail: publications@mdrc.org; Web site: http://www.mdrc.org",MDRC,NA
R305A170250,ED605308,Bridging the School-to-Work Divide: Interim Implementation and Impact Findings from New York City's P-TECH 9-14 Schools,"Rosen, Rachel; Byndloss, D. Crystal; Parise, Leigh; Alterman, Emma; Dixon, Michelle",Reports - Research,2020,"MDRC. 16 East 34th Street 19th Floor, New York, NY 10016-4326. Tel: 212-532-3200; Fax: 212-684-0832; e-mail: publications@mdrc.org; Web site: http://www.mdrc.org",MDRC,NA
R305A170250,ED605313,Bridging the School-to-Work Divide: Interim Implementation and Impact Findings from New York City's P-TECH 9-14 Schools. Executive Summary,"Rosen, Rachel; Byndloss, D. Crystal; Parise, Leigh; Alterman, Emma; Dixon, Michelle",Reports - Descriptive,2020,"MDRC. 16 East 34th Street 19th Floor, New York, NY 10016-4326. Tel: 212-532-3200; Fax: 212-684-0832; e-mail: publications@mdrc.org; Web site: http://www.mdrc.org",MDRC,NA
R305A170250,ED632481,"P-TECH 9-14 Pathways to Success: Implementation, Impact, and Cost Findings from the New York City P-TECH 9-14 Schools Evaluation. Executive Summary","Rosen, Rachel; Alterman, Emma; Treskon, Louisa; Parise, Leigh; Dixon, Michelle; Wuest, Cassie",Reports - Descriptive,2023,"MDRC. 16 East 34th Street 19th Floor, New York, NY 10016-4326. Tel: 212-532-3200; Fax: 212-684-0832; e-mail: publications@mdrc.org; Web site: http://www.mdrc.org",MDRC,NA
R305A170250,ED632477,"P-TECH 9-14 Pathways to Success: Implementation, Impact, and Cost Findings from the New York City P-TECH 9-14 Schools Evaluation",Rachel Rosen; Emma Alterman; Louisa Treskon; Leigh Parise; Michelle Dixon; Cassie Wuest,Reports - Research,2023,"MDRC. 16 East 34th Street 19th Floor, New York, NY 10016-4326. Tel: 212-532-3200; Fax: 212-684-0832; e-mail: publications@mdrc.org; Web site: http://www.mdrc.org",MDRC,NA
R305A170288,ED604110,English Learner Trajectories and Reclassification,"Betts, Julian; Hill, Laura; Bachofer, Karen; Hayes, Joseph; Lee, Andrew; Zau, Andrew",Reports - Research,2019,"Public Policy Institute of California. 500 Washington Street Suite 800, San Francisco, CA 94111. Tel: 415-291-4400; Fax: 415-291-4401; Web site: http://www.ppic.org",Grantee Submission,NA
R305A170288,ED603764,English Learner Trajectories and Reclassification,"Betts, Julian; Hill, Laura; Bachofer, Karen; Hayes, Joseph; Lee, Andrew; Zau, Andrew",Reports - Research,2019,"Public Policy Institute of California. 500 Washington Street Suite 800, San Francisco, CA 94111. Tel: 415-291-4400; Fax: 415-291-4401; Web site: http://www.ppic.org",Public Policy Institute of California,https://www.ppic.org/wp-content/uploads/english-learner-trajectories-and-reclassification.pdf
R305A170288,ED603765,English Learner Trajectories and Reclassification. Technical Appendices,"Betts, Julian; Hill, Laura; Bachofer, Karen; Hayes, Joseph; Lee, Andrew; Zau, Andrew","Numerical/Quantitative Data,Reports - Research",2019,"Public Policy Institute of California. 500 Washington Street Suite 800, San Francisco, CA 94111. Tel: 415-291-4400; Fax: 415-291-4401; Web site: http://www.ppic.org",Public Policy Institute of California,https://www.ppic.org/wp-content/uploads/0919jbr-appendix.pdf
R305A170471,EJ1455256,Estimating the Impact of Integrated Student Support on Elementary School Achievement: A Natural Experiment,Jordan L. Lawson; Laura M. O'Dwyer; Eric Dearing; Anastasia E. Raczek; Claire Foley; Noman Khanani; Mary E. Walsh; Yan R. Leigh,"Journal Articles,Reports - Research",2024,"SAGE Publications. 2455 Teller Road, Thousand Oaks, CA 91320. Tel: 800-818-7243; Tel: 805-499-9774; Fax: 800-583-2665; e-mail: journals@sagepub.com; Web site: http://sagepub.com",AERA Open,NA
R305A170471,ED672228,Integrated Student Support and Student Achievement: A Replication Study. EdWorkingPaper No. 23-706,Noman Khanani; Anastasia E. Raczek; Yan R. Leigh; Claire Foley; Mary E. Walsh; Eric Dearing,Reports - Research,2023,"Annenberg Institute for School Reform at Brown University. Brown University Box 1985, Providence, RI 02912. Tel: 401-863-7990; Fax: 401-863-1290; e-mail: annenberg@brown.edu; Web site: https://annenberg.brown.edu/",Annenberg Institute for School Reform at Brown University,NA
R305A170471,ED672311,Integrated Student Support Intervention Mitigates the Adverse Impact of School Mobility on Middle School Students' Achievement and Behavior. EdWorkingPaper No. 23-784,Haibin Jiang; Noman Khanani; Yan R. Leigh; Mary E. Walsh,Reports - Research,2023,"Annenberg Institute for School Reform at Brown University. Brown University Box 1985, Providence, RI 02912. Tel: 401-863-7990; Fax: 401-863-1290; e-mail: annenberg@brown.edu; Web site: https://annenberg.brown.edu/",Annenberg Institute for School Reform at Brown University,NA
R305A170471,ED672366,The Role of Comprehensive Student Support Interventions during School Turnaround. EdWorkingPaper No. 24-1067,Haibin Jiang; Yan R. Leigh; Mary E. Walsh,Reports - Research,2024,"Annenberg Institute for School Reform at Brown University. Brown University Box 1985, Providence, RI 02912. Tel: 401-863-7990; Fax: 401-863-1290; e-mail: annenberg@brown.edu; Web site: https://annenberg.brown.edu/",Annenberg Institute for School Reform at Brown University,NA
R305A170498,ED626096,NYC as a Laboratory for Learning about Career and Technical Education: Lessons from CTE-Dedicated High Schools,James J. Kemple; Rebecca Unterman; Shaun M. Dougherty,"Reports - Research-practitioner Partnerships,Reports - Research",2023,"Research Alliance for New York City Schools. 285 Mercer Street 3rd Floor, New York, NY 10003. Tel: 212-992-7697; Fax: 212-992-4910; e-mail: research.alliance@nyu.edu; Web site: http://www.ranycs.org",Research Alliance for New York City Schools,https://steinhardt.nyu.edu/sites/default/files/2023-01/NYC%20As%20A%20Lab%20For%20Learning%20About%20CTE%20FINAL_1.pdf
R305A170498,ED650299,Career and Technical Education in Comprehensive High Schools: Lessons from New York City. Report,James J. Kemple; Rebecca Unterman; Shaun M. Dougherty,"Reports - Research-practitioner Partnerships,Reports - Research",2024,"Research Alliance for New York City Schools. 285 Mercer Street 3rd Floor, New York, NY 10003. Tel: 212-992-7697; Fax: 212-992-4910; e-mail: research.alliance@nyu.edu; Web site: http://www.ranycs.org",Research Alliance for New York City Schools,https://steinhardt.nyu.edu/research-alliance/research/career-and-technical-education-comprehensive-high-schools
R305A170641,ED630781,Technology-Based Support Shows Promising Long-Term Impact on Math Learning: Initial Results from a Randomized Controlled Trial in Middle Schools,"Feng, Mingyu; Huang, Chunwei; Collins, Kelly",Reports - Research,2023,"WestEd. 730 Harrison Street, San Francisco, CA 94107-1242. Tel: 877-493-7833; Tel: 415-565-3000; Fax: 415-565-3012; Web site: http://www.wested.org",WestEd,NA
R305A170641,ED630842,Auto-Scoring Student Responses with Images in Mathematics,"Baral, Sami; Botelho, Anthony; Santhanam, Abhishek; Gurung, Ashish; Cheng, Li; Heffernan, Neil","Speeches/Meeting Papers,Reports - Research",2023,International Educational Data Mining Society. e-mail: admin@educationaldatamining.org; Web site: https://educationaldatamining.org/conferences/,International Educational Data Mining Society,NA
R305A170641,EJ1238487,Save Your Strokes: Chinese Handwriting Practice Makes for Ineffective Use of Instructional Time in Second Language Classrooms,"Lu, Xiwen; Ostrow, Korinn S.; Heffernan, Neil T.","Journal Articles,Reports - Research,Tests/Questionnaires",2019,"SAGE Publications. 2455 Teller Road, Thousand Oaks, CA 91320. Tel: 800-818-7243; Tel: 805-499-9774; Fax: 800-583-2665; e-mail: journals@sagepub.com; Web site: http://sagepub.com",AERA Open,NA
R305A170641,ED610749,Using Research on Homework to Improve Remote and Hybrid Learning,"Roschelle, Jeremy; Hodkowski, Nicola M.",Reports - Evaluative,2020,"Digital Promise. 1001 Connecticut Avenue NW Suite 935, Washington DC 20036. Tel: 202-450-3675; e-mail: contact@digitalpromise.org; Web site: https://digitalpromise.org/",Digital Promise,NA
R305A170641,ED615500,A Novel Algorithm for Aggregating Crowdsourced Opinions,"Prihar, Ethan; Heffernan, Neil","Reports - Research,Speeches/Meeting Papers",2021,International Educational Data Mining Society. e-mail: admin@educationaldatamining.org; Web site: https://educationaldatamining.org/conferences/,International Educational Data Mining Society,NA
R305A170641,ED615565,Improving Automated Scoring of Student Open Responses in Mathematics,"Baral, Sami; Botelho, Anthony F.; Erickson, John A.; Benachamardi, Priyanka; Heffernan, Neil T.","Reports - Research,Speeches/Meeting Papers",2021,International Educational Data Mining Society. e-mail: admin@educationaldatamining.org; Web site: https://educationaldatamining.org/conferences/,International Educational Data Mining Society,NA
R305A170641,ED637295,Implementation of a Mathematics Formative Assessment Online Tool before and during Remote Learning,Jamie Gillespie; Kevin Winn; Malinda Faber; Jessica Hunt,"Reports - Research,Speeches/Meeting Papers",2022,NA,Grantee Submission,NA
R305A170641,ED631720,Implementing and Evaluating ASSISTments Online Math Homework Support at Large Scale over Two Years: Findings and Lessons Learned,Mingyu Feng; Neil Heffernan; Kelly Collins; Cristina Heffernan; Robert F. Murphy,"Speeches/Meeting Papers,Reports - Research",2023,NA,Grantee Submission,NA
R305A170641,ED655721,Cost and Cost Effectiveness of ASSISTments Online Math Support: Analysis from a Randomized Controlled Study in Middle School,Mingyu Feng; Gary Weiser; Kelly Collins,Reports - Evaluative,2024,"WestEd. 730 Harrison Street, San Francisco, CA 94107-1242. Tel: 877-493-7833; Tel: 415-565-3000; Fax: 415-565-3012; Web site: http://www.wested.org",WestEd,NA
R305A170641,ED624051,Exploring Common Trends in Online Educational Experiments,Ethan Prihar; Manaal Syed; Korinn Ostrow; Stacy Shaw; Adam Sales; Neil Heffernan,"Speeches/Meeting Papers,Reports - Research",2022,International Educational Data Mining Society. e-mail: admin@educationaldatamining.org; Web site: https://educationaldatamining.org/conferences/,International Educational Data Mining Society,NA
R305A180004,ED659366,Family Disruption and Parenting during the COVID-19 Pandemic,Kammi K. Schmeer; Britt Singletary; Kelly M. Purtell; Laura M. Justice,Reports - Research,2021,NA,Grantee Submission,NA
R305A180154,ED634111,Motivating Adolescents to Read,Martha Abele Mac Iver; Marcia Davis; Douglas J. Mac Iver,Reports - Descriptive,2024,NA,Grantee Submission,NA
R305A180154,ED630221,ALFA Lab Study Final Report,Jason Schoeneberger; Xiaodong Zhang; Samantha Spinney; Jing Sun; Lauren Kennedy; Samira Rajesh Syal,"Reports - Research,Numerical/Quantitative Data",2023,NA,Grantee Submission,NA
R305A180154,ED654813,Analysis of Regression Discontinuity Designs with a Binary Moderating Variable,Jason Schoeneberger; Christopher Rhoads,Reports - Research,2024,NA,Grantee Submission,NA
R305A180181,ED661830,"An Alternative to ""No Excuses"": Considering Montessori as Culturally Responsive Pedagogy",Angeline S. Lillard; Jessica Taggart; Daniel Yonas; Mary Nia Batson-Seale,"Journal Articles,Reports - Research",2023,NA,Grantee Submission,https://muse.jhu.edu/article/934318
R305A180181,EJ1390782,Seeking Racial and Ethnic Parity in Preschool Outcomes: An Exploratory Study of Public Montessori Schools vs. Business-as-Usual Schools,Angeline S. Lillard; Xin Tong; Paige M. Bray,"Journal Articles,Reports - Research",2023,"American Montessori Society. 116 East 16th Street, New York, NY 10003. Web site: https://journals.ku.edu/jmr",Journal of Montessori Research,NA
R305A180182,EJ1229801,A Systematic Literature Review Identifying Dimensions of Teacher Attributions for Challenging Student Behavior,"Nemer, Shannon L.; Sutherland, Kevin S.; Chow, Jason C.; Kunemund, Rachel L.","Journal Articles,Information Analyses",2019,"West Virginia University Press. P.O. Box 6295, West Virginia University, Morgantown, WV 26506. Tel: 866-988-7737; Tel: 304-293-8400; Fax: 304-293-6585; Web site: http://www.wvupress.com/index.php",Education and Treatment of Children,http://wvupressonline.com/journals/etc
R305A180259,ED646714,Impact of a School Health Program on Adolescent Substance Use: Exploring a Multiple Mediator Model,Niloo Bavarian; Kendra Lewis; Stephanie Holloway; David DuBois; Brian Flay; Carl F. Siebert,"Speeches/Meeting Papers,Reports - Descriptive",2021,NA,Grantee Submission,NA
R305A180290,ED618765,Relational Trust in Group Coaching with First-Grade Teachers: A Single Case Study,"Barrett, Jentry Stoneman","Dissertations/Theses - Doctoral Dissertations,Tests/Questionnaires",2022,NA,Grantee Submission,NA
R305A180290,ED622977,Temperament in the Early Elementary Classroom: Implications for Practice,"Sealy, Martinique Ann; Rudasill, Kathleen Moritz; Barrett, Jentry S.; Eum, Jungwon; Adams, Nicole; Hinrichs, Angela; McClowry, Sandee",Reports - Evaluative,2021,NA,Grantee Submission,NA
R305A180336,EJ1458422,Multilingual Students Benefit When Grade-Level and Specialist Teachers Collaborate,Leslie M. Babinski; Steven J. Amendum; Steven E. Knotek; Jennifer C. Mann,"Journal Articles,Reports - Descriptive",2024,"Learning Forward. 504 South Locust Street, Oxford, OH 45056. Tel: 800-727-7288; Fax: 513-523-0638; e-mail: office@learningforward.org; Web site: https://learningforward.org/the-learning-professional/",Learning Professional,https://learningforward.org/journal/building-bridges/multilingual-students-benefit-when-grade-level-and-specialist-teachers-collaborate/
R305A180377,ED622166,"Career Services and College-Employer Partnership Practices ""in"" Community Colleges: Colleges in California, Ohio, and Texas",Rita T. Karam; Charles A. Goldman; Monica Rico,Reports - Research,2022,NA,Grantee Submission,http://www.rand.org/t/RRA1873-1
R305A180401,ED630842,Auto-Scoring Student Responses with Images in Mathematics,"Baral, Sami; Botelho, Anthony; Santhanam, Abhishek; Gurung, Ashish; Cheng, Li; Heffernan, Neil","Speeches/Meeting Papers,Reports - Research",2023,International Educational Data Mining Society. e-mail: admin@educationaldatamining.org; Web site: https://educationaldatamining.org/conferences/,International Educational Data Mining Society,NA
R305A180401,ED630844,Effective Evaluation of Online Learning Interventions with Surrogate Measures,"Prihar, Ethan; Vanacore, Kirk; Sales, Adam; Heffernan, Neil","Speeches/Meeting Papers,Reports - Research",2023,International Educational Data Mining Society. e-mail: admin@educationaldatamining.org; Web site: https://educationaldatamining.org/conferences/,International Educational Data Mining Society,NA
R305A180401,ED630851,Knowledge Tracing over Time: A Longitudinal Analysis,"Lee, Morgan P.; Croteau, Ethan; Gurung, Ashish; Botelho, Anthony F.; Heffernan, Neil T.","Speeches/Meeting Papers,Reports - Research",2023,International Educational Data Mining Society. e-mail: admin@educationaldatamining.org; Web site: https://educationaldatamining.org/conferences/,International Educational Data Mining Society,NA
R305A180401,ED630861,How to Open Science: Debugging Reproducibility within the Educational Data Mining Conference,"Haim, Aaron; Gyurcsan, Robert; Baxter, Chris; Shaw, Stacy T.; Heffernan, Neil T.","Speeches/Meeting Papers,Information Analyses",2023,International Educational Data Mining Society. e-mail: admin@educationaldatamining.org; Web site: https://educationaldatamining.org/conferences/,International Educational Data Mining Society,NA
R305A180401,EJ1238487,Save Your Strokes: Chinese Handwriting Practice Makes for Ineffective Use of Instructional Time in Second Language Classrooms,"Lu, Xiwen; Ostrow, Korinn S.; Heffernan, Neil T.","Journal Articles,Reports - Research,Tests/Questionnaires",2019,"SAGE Publications. 2455 Teller Road, Thousand Oaks, CA 91320. Tel: 800-818-7243; Tel: 805-499-9774; Fax: 800-583-2665; e-mail: journals@sagepub.com; Web site: http://sagepub.com",AERA Open,NA
R305A180401,ED629718,Equivalence Tasks in a Digital Algebraic Notation System Promotes Performance in Middle School Mathematics,"Sawrey, Katharine; Chan, Jenny Yun-Chen; Ottmar, Erin","Reports - Research,Speeches/Meeting Papers",2020,NA,Grantee Submission,https://repository.isls.org//handle/1/6391
R305A180401,ED618462,Numbers vs. Variables: The Effect of Symbols on Students' Math Problem-Solving,"Chan, Jenny Yun-Chen; Smith, Hannah; Closser, Avery H.; Drzewiecki, Katharine C.; Ottmar, Erin R.","Journal Articles,Speeches/Meeting Papers,Reports - Research",2021,NA,Grantee Submission,https://escholarship.org/uc/item/08t112fz
R305A180401,ED615500,A Novel Algorithm for Aggregating Crowdsourced Opinions,"Prihar, Ethan; Heffernan, Neil","Reports - Research,Speeches/Meeting Papers",2021,International Educational Data Mining Society. e-mail: admin@educationaldatamining.org; Web site: https://educationaldatamining.org/conferences/,International Educational Data Mining Society,NA
R305A180401,ED615565,Improving Automated Scoring of Student Open Responses in Mathematics,"Baral, Sami; Botelho, Anthony F.; Erickson, John A.; Benachamardi, Priyanka; Heffernan, Neil T.","Reports - Research,Speeches/Meeting Papers",2021,International Educational Data Mining Society. e-mail: admin@educationaldatamining.org; Web site: https://educationaldatamining.org/conferences/,International Educational Data Mining Society,NA
R305A180401,ED629649,How Reward- and Error-Based Feedback Systems Create Microfailures to Support Learning Strategies,Allison S. Liu; Kirk Vanacore; Erin Ottmar,"Speeches/Meeting Papers,Reports - Research",2022,NA,Grantee Submission,NA
R305A180401,ED629690,Does Where You Start Matter? The Interaction between Prior Knowledge and Effectiveness of Game-Based Interventions,Allison Liu; Jenny Yun-Chen Chan; Ji-Eun Lee; Lauren E. Decker-Woodrow; Shihfen Tu; Adam Sales; Craig A. Mason,"Speeches/Meeting Papers,Reports - Research",2022,NA,Grantee Submission,NA
R305A180401,ED618470,Show the Flow: Visualizing Students' Problem-Solving Processes in a Dynamic Algebraic Notation Tool,Ji-Eun Lee; Aravind Stalin; Vy Ngo; Katharine Drzewiecki; Cindy Trac; Erin Ottmar,"Speeches/Meeting Papers,Reports - Research",2021,NA,Grantee Submission,NA
R305A180401,ED625475,Show the Flow: Visualizing Students' Problem-Solving Processes in a Dynamic Algebraic Notation Tool,Ji-Eun Lee; Aravind Stalin; Vy Ngo; Katie Drzewiecki; Cindy Trac; Erin Ottmar,"Journal Articles,Reports - Research",2022,NA,Grantee Submission,https://www.learntechlib.org/primary/p/219090/
R305A180401,ED639898,"Considerate, Unfair, or Just Fatigued? Examining Factors That Impact Teacher",Ashish Gurung; Anthony F. Botelho; Russell Thompson; Adam C. Sales; Sami Baral; Neil T. Heffernan,"Speeches/Meeting Papers,Reports - Research",2022,NA,Grantee Submission,NA
R305A180401,EJ1375104,Show the Flow: Visualizing Students' Problem-Solving Processes in a Dynamic Algebraic Notation Tool,Ji-Eun Lee; Aravind Stalin; Vy Ngo; Katie Drzewiecki; Cindy Trac; Erin Ottmar,"Journal Articles,Reports - Research",2022,"Association for the Advancement of Computing in Education. P.O. Box 719, Waynesville, NC 28786. Tel: 828-246-9558; Fax: 828-246-9557; e-mail: info@aace.org; Web site: http://www.aace.org",Journal of Interactive Learning Research,https://www.learntechlib.org/primary/p/219090/
R305A180401,ED629736,In-Person vs. Virtual: Learning Modality Choices and Movement during COVID-19 Varies Depending on Students' Ethnicity and Prior Academic Performance,Ji-Eun Lee; Erin Ottmar; Jenny Yun-Chen Chan; Barbara Booker; Lauren Decker-Woodrow,"Reports - Research,Speeches/Meeting Papers",2021,NA,Grantee Submission,NA
R305A180401,EJ1405217,The Impacts of Three Educational Technologies on Algebraic Understanding in the Context of COVID-19,Lauren E. Decker-Woodrow; Craig A. Mason; Ji-Eun Lee; Jenny Yun-Chen Chan; Adam Sales; Allison Liu; Shihfen Tu,"Journal Articles,Reports - Research",2023,"SAGE Publications. 2455 Teller Road, Thousand Oaks, CA 91320. Tel: 800-818-7243; Tel: 805-499-9774; Fax: 800-583-2665; e-mail: journals@sagepub.com; Web site: http://sagepub.com",AERA Open,NA
R305A180401,ED634641,Student Profiling on Behavioral Patterns in an Online Mathematics Game: Clustering Using K-Means,"Norum, Reilly; Lee, Ji-Eun; Ottmar, Erin","Speeches/Meeting Papers,Reports - Research",2022,NA,Grantee Submission,https://repository.isls.org/bitstream/1/8653/1/ICLS2022_1942-1943.pdf
R305A180401,ED634917,Experiencing Equivalence with Graspable Math: Results from a Middle-School Study,"Sawrey, Katharine; Chan, Jenny Yun-Chen; Ottmar, Erin; Hulse, Taylyn","Speeches/Meeting Papers,Reports - Research",2019,NA,Grantee Submission,NA
R305A180401,ED636098,Comparing Different Approaches to Generating Mathematics Explanations Using Large Language Models,Ethan Prihar; Morgan Lee; Mia Hopman; Adam Tauman Kalai; Sofia Vempala; Allison Wang; Gabriel Wickline; Aly Murray; Neil Heffernan,"Speeches/Meeting Papers,Reports - Research",2023,NA,Grantee Submission,NA
R305A180401,EJ1354904,Perceptual and Number Effects on Students' Initial Solution Strategies in an Interactive Online Mathematics Game,Ji-Eun Lee; Caroline Byrd Hornburg; Jenny Yun-Chen Chan; Erin Ottmar,"Journal Articles,Reports - Research",2022,"Leibniz Institute for Psychology. Universitatsring 15, Trier, 54296, Germany. e-mail: support@psychopen.eu; Web site: https://jnc.psychopen.eu",Journal of Numerical Cognition,NA
R305A180401,ED624051,Exploring Common Trends in Online Educational Experiments,Ethan Prihar; Manaal Syed; Korinn Ostrow; Stacy Shaw; Adam Sales; Neil Heffernan,"Speeches/Meeting Papers,Reports - Research",2022,International Educational Data Mining Society. e-mail: admin@educationaldatamining.org; Web site: https://educationaldatamining.org/conferences/,International Educational Data Mining Society,NA
R305A180401,EJ1430518,Effect of Gamification on Gamers: Evaluating Interventions for Students Who Game the System,Kirk P. Vanacore; Ashish Gurung; Adam C. Sales; Neil T. Heffernan,"Journal Articles,Reports - Research",2024,International Educational Data Mining. e-mail: jedm.editor@gmail.com; Web site: https://jedm.educationaldatamining.org/index.php/JEDM,Journal of Educational Data Mining,NA
R305A180429,ED613787,Elementary Students' Understanding of the Equals Symbol: Do Florida Students Outperform Their Peers?,"Farfan, Guillermo; Schoen, Robert C.","Journal Articles,Reports - Research",2021,NA,Grantee Submission,https://fctm.net/publications/
R305A180513,ED638494,Supporting Science Learning and Literacy Development Together: Initial Results from a Curriculum Study in 1st Grade Classrooms,Christopher J. Harris; Robert Murphy; Mingyu Feng; Daisy W. Rutstein,Reports - Research,2023,"WestEd. 730 Harrison Street, San Francisco, CA 94107-1242. Tel: 877-493-7833; Tel: 415-565-3000; Fax: 415-565-3012; Web site: http://www.wested.org",WestEd,NA
R305A190065,EJ1494915,"Initial Implementation Outcomes for Scripted and Adaptive Versions of the ""Developing Talkers"" Read-Aloud Curricula for Kindergarten and Grade 1 Teachers",Tricia A. Zucker; Michael P. Mesa; Keisey Fumero; Rebecca Duron; Sonia Q. Cabell; Jessica Logan; Yoonkyung Oh,"Journal Articles,Reports - Research",2025,"SAGE Publications. 2455 Teller Road, Thousand Oaks, CA 91320. Tel: 800-818-7243; Tel: 805-499-9774; Fax: 800-583-2665; e-mail: journals@sagepub.com; Web site: http://sagepub.com",AERA Open,NA
R305A190168,ED673884,Writing in Adult Education (W-AE): Preliminary Results from the First Round of Implementation,Cynthia Puranik; Daphne Greenberg; Zoi Traga Philippakos; Charles MacArthur; Christine Miller; Jennifer Martinez,Reports - Research,2025,NA,Grantee Submission,https://link.springer.com/journal/11145
R305A190256,ED673375,Uncovering Student Profiles with Problem Solving and Effort Data from a Tutoring System: Insights from Hierarchical Cluster Heatmap and Latent Profile Analyses,Natalie Brezack; Melissa Lee; Kelly Collins; Wynnie Chan; Mingyu Feng,"Speeches/Meeting Papers,Reports - Research",2025,NA,Grantee Submission,NA
R305A190256,ED649965,"Pandemic-Related Perseverance during Math Problem-Solving in MathSpring, an Educational Technology Platform That Responds to Student Affect",Natalie Brezack; Wynnie Chan; Mingyu Feng,"Speeches/Meeting Papers,Reports - Research",2024,NA,Grantee Submission,NA
R305A190360,ED661137,Project Citizen Research Program: 2024 Report,Diana Owen,"Reports - Research,Tests/Questionnaires",2024,NA,Grantee Submission,cerl.georgetown.edu
R305A190360,ED658356,Preparing Students for Civic Engagement through Project Citizen,Diana Owen; Alissa Irion-Groth,"Speeches/Meeting Papers,Reports - Research",2024,NA,Grantee Submission,NA
R305A190360,ED658357,Fostering Civic Engagement through Project-Based Learning,Diana Owen,"Speeches/Meeting Papers,Reports - Research",2024,NA,Grantee Submission,NA
R305A200060,ED661468,Busing to Opportunity? The Impacts of the METCO Voluntary School Desegregation Program on Urban Students of Color. Working Paper 32864,Elizabeth Setren,Reports - Research,2024,"National Bureau of Economic Research. 1050 Massachusetts Avenue, Cambridge, MA 02138-5398. Tel: 617-588-0343; Web site: http://www.nber.org",National Bureau of Economic Research,https://www.nber.org/papers/w32864
R305A200060,ED664699,Busing to Opportunity? The Impacts of the METCO Voluntary School Desegregation Program on Urban Students of Color. Discussion Paper #2024.07,Elizabeth Setren,Reports - Research,2024,"Blueprint Labs. 30 Wadsworth Street. Cambridge, MA 02142. e-mail: contact@mitblueprintlabs.org; Web site: https://blueprintlabs.mit.edu/",Blueprint Labs,https://blueprintcdn.com/wp-content/uploads/2024/08/Blueprint-Discussion-Paper-2024.07-Setren.pdf
R305A200060,ED672633,The Impact of Increased Exposure of Diversity on Suburban Students' Outcomes: An Analysis of the METCO Voluntary Desegregation Program. Working Paper 33623,Elizabeth Setren,Reports - Research,2025,"National Bureau of Economic Research. 1050 Massachusetts Avenue, Cambridge, MA 02138-5398. Tel: 617-588-0343; Web site: http://www.nber.org",National Bureau of Economic Research,https://www.nber.org/papers/w33623
R305A200060,ED674494,The Impact of Increased Exposure of Diversity on Suburban Students' Outcomes: An Analysis of the METCO Voluntary Desegregation Program. Discussion Paper #2025.03,Elizabeth Setren,Reports - Research,2025,"Blueprint Labs. 30 Wadsworth Street, Cambridge, MA 02142. e-mail: contact@mitblueprintlabs.org; Web site: https://blueprintlabs.mit.edu/",Blueprint Labs,https://blueprintcdn.com/wp-content/uploads/2025/04/Blueprint-Discussion-Paper-2025.03-Setren.pdf
R305A200060,ED676251,The Impact of Increased Exposure of Diversity on Suburban Students' Outcomes: An Analysis of the METCO Voluntary Desegregation Program,Elizabeth Setren,"Journal Articles,Reports - Research",2025,NA,Grantee Submission,https://www.sciencedirect.com/science/article/pii/S0047272725000751
R305A200060,ED674054,The Impact of Increased Exposure of Diversity on Suburban Students' Outcomes: An Analysis of the METCO Voluntary Desegregation Program. EdWorkingPaper No. 25-1215,Elizabeth Setren,Reports - Research,2025,"Annenberg Institute for School Reform at Brown University. Brown University Box 1985, Providence, RI 02912. Tel: 401-863-7990; Fax: 401-863-1290; e-mail: annenberg@brown.edu; Web site: https://annenberg.brown.edu/",Annenberg Institute for School Reform at Brown University,NA
R305A200101,ED676590,Lessons for Colleges on Delivering Basic Needs Support: Findings from a Study of Single Stop. Research Brief. RB-A3771-1,Lindsay Daugherty; Jenna W. Kramer; Louis T. Mariano; Clare Cady; Heather Gomez-Bendana; Tiffany Berglund; Samantha Ryan; Michelle Bongard; Joshua Eagan; Christopher Joseph Doss,Reports - Descriptive,2025,NA,Grantee Submission,www.rand.org/t/RBA3771-1
R305A200101,ED676598,Connecting Students to Basic Needs Support: An Evaluation of Single Stop across Ten Colleges. Research Report. RR-A3771-1,Lindsay Daugherty; Jenna W. Kramer; Louis T. Mariano; Clare Cady; Heather Gomez-Bendaña; Tiffany Berglund; Samantha Ryan; Michelle Bongard; Joshua Eagan; Christopher Joseph Doss,Reports - Research,2025,NA,Grantee Submission,https://www.rand.org/t/RRA3771-1
R305A200101,ED676599,Guidance for Research on College Student Support Interventions: Lessons Learned from a Study of Single Stop. Research Brief. RB-A3771-2,Lindsay Daugherty; Jenna W. Kramer; Louis T. Mariano; Clare Cady; Heather Gomez-Bendaña; Tiffany Berglund; Samantha Ryan; Michelle Bongard; Joshua Eagan; Christopher Joseph Doss,Reports - Descriptive,2025,NA,Grantee Submission,www.rand.org/t/RBA3771-2
R305A200101,ED676600,Promising Approaches to Student Basic Needs Support: Evidence from Leading Colleges and the Literature. Research Report. RR-A3771-3,Jenna W. Kramer; Isaiah Simmons; Amanda Perez; Lindsay Daugherty,Reports - Research,2025,NA,Grantee Submission,https://www.rand.org/t/RRA3771-3
R305A200101,ED676602,The Six Core Features of Student Basic Needs Support in Community Colleges. Research Brief. RB-A3771-3,Jenna W. Kramer; Isaiah Simmons; Amanda Perez; Lindsay Daugherty,Reports - Descriptive,2025,NA,Grantee Submission,www.rand.org/t/RBA3771-3
R305A200254,ED666952,Identification of Comprehensive Support and Improvement Schools in Florida: Influence of Selected Measures and System Design,Drew Atchison; Damon Blair; Katie Hyland; Umut Ozek; Kerstin Le Floch,Reports - Research,2023,"American Institutes for Research. 1400 Crystal Drive 10th Floor, Arlington, VA 22202. Tel: 202-403-5000; Fax: 202-403-5001; e-mail: inquiry@air.org; Web site: https://www.air.org/",American Institutes for Research,NA
R305A200254,EJ1494460,The Effects of School Accountability Ratings in California under ESSA on Student Graduation and College and Career Readiness,Drew Atchison; Kerstin Carlson Le Floch; Umut Özek; Justin Luu; Steven Hurlburt; Andrea Boyle,"Journal Articles,Reports - Research",2025,"SAGE Publications. 2455 Teller Road, Thousand Oaks, CA 91320. Tel: 800-818-7243; Tel: 805-499-9774; Fax: 800-583-2665; e-mail: journals@sagepub.com; Web site: http://sagepub.com",AERA Open,NA
R305A200307,ED674269,A Case Study of Technology-Assisted Advising Tools in Five High Schools,Sarah Salimi; Shelley Rappaport; Crystal Nuñez,Reports - Research,2025,"MDRC. 16 East 34th Street 19th Floor, New York, NY 10016-4326. Tel: 212-532-3200; Fax: 212-684-0832; e-mail: publications@mdrc.org; Web site: http://www.mdrc.org",MDRC,NA
R305A210008,ED652723,Departmentalized Instruction and Elementary School Effectiveness. Working Paper No. 298-0424,Ben Backes; James Cowan; Dan Goldhaber,Reports - Research,2024,"National Center for Analysis of Longitudinal Data in Education Research. American Institutes for Research, 1000 Thomas Jefferson Street NW, Washington, DC 20007. Tel: 202-403-5796; Fax: 202-403-6783; e-mail: info@caldercenter.org; Web site: https://caldercenter.org",National Center for Analysis of Longitudinal Data in Education Research (CALDER),NA
R305A210008,ED673257,Building Bridges to Middle School? Elementary School Departmentalization and Academic Achievement in the Upper Grades. Working Paper No. 315-0325,Ben Backes; James Cowan; Dan Goldhaber,Reports - Research,2025,"National Center for Analysis of Longitudinal Data in Education Research. American Institutes for Research, 1000 Thomas Jefferson Street NW, Washington, DC 20007. Tel: 202-403-5796; Fax: 202-403-6783; e-mail: info@caldercenter.org; Web site: https://caldercenter.org",National Center for Analysis of Longitudinal Data in Education Research (CALDER),NA
R305A210017,ED654723,Evaluating the Longer Term Impact of Early College High Schools on Workforce Outcomes,Mengli Song; Kristina Zeiser; Kyle Neering; Robert Schwarzhaupt; Sara Mitchell,Reports - Research,2024,"American Institutes for Research. 1400 Crystal Drive 10th Floor, Arlington, VA 22202. Tel: 202-403-5000; Fax: 202-403-5001; e-mail: inquiry@air.org; Web site: https://www.air.org/",American Institutes for Research,NA
R305A210017,ED658175,The Impact of Early Colleges. Interactive Research Report,Kristina Zeiser; Robert Schwarzhaupt; Mengli Song; Kyle Neering; Sara Mitchell; Joanne Blank,"Reports - Research,Numerical/Quantitative Data",2024,"American Institutes for Research. 1400 Crystal Drive 10th Floor, Arlington, VA 22202. Tel: 202-403-5000; Fax: 202-403-5001; e-mail: inquiry@air.org; Web site: https://www.air.org/",Grantee Submission,https://indd.adobe.com/view/be261913-7364-4f51-854d-861b1a539188
R305A210157,ED662110,Six Resources for Making the Most of Family-Educator Conferences,Tricia Zucker; Michael Mesa; April Crawford; Shauna Spear; Sonia Cabell,Reports - Research,2022,NA,Grantee Submission,https://www.jstor.org/stable/27193017
R305A210269,EJ1348015,The Effects of Nudges on Students' Use of the Diagnostic Assessment and Achievement of College Skills,David W. Franklin; Jason Bryer; Angela M. Lui; Heidi L. Andrade; Diana Akhmedjanova,"Journal Articles,Reports - Research",2022,"Online Learning Consortium, Inc. P.O. Box 1238, Newburyport, MA 01950. Tel: 888-898-6209; Fax: 888-898-6209; e-mail: olj@onlinelearning-c.org; Web site: https://olj.onlinelearningconsortium.org/index.php/olj/index",Online Learning,NA
R305A210276,ED625602,Supporting Adult Learners through the SUCCESS Program: Exploring the Experiences of Students Ages 25 and Older,"Dorimé-Williams, Marjorie; Plancarte, Vivianna",Reports - Descriptive,2022,"MDRC. 16 East 34th Street 19th Floor, New York, NY 10016-4326. Tel: 212-532-3200; Fax: 212-684-0832; e-mail: publications@mdrc.org; Web site: http://www.mdrc.org",MDRC,NA
R305A210276,ED631888,Varying Levels of Success,Colleen Sommo; Austin Slaughter; Cyrette Saunier; Susan Scrivener; Kayla Warner,Reports - Research,2023,"MDRC. 16 East 34th Street 19th Floor, New York, NY 10016-4326. Tel: 212-532-3200; Fax: 212-684-0832; e-mail: publications@mdrc.org; Web site: http://www.mdrc.org",MDRC,NA
R305A210276,ED662321,Setting Students up for Success: Tips on Coaching College Students,Erika B. Lewy,Reports - Evaluative,2024,"MDRC. 16 East 34th Street 19th Floor, New York, NY 10016-4326. Tel: 212-532-3200; Fax: 212-684-0832; e-mail: publications@mdrc.org; Web site: http://www.mdrc.org",MDRC,NA
R305A210276,ED675194,Testing a Lower Cost Model of Student Supports: One-Year Findings from the SUCCESS Demonstration,"Cyrette Saunier; Susan Scrivener; Austin Slaughter; Noor Amanullah; Sukanya Barman; Cynthia Miller; Colleen Sommo; Erick Alonzo, Contributor; Osvaldo Avila, Contributor; Katie Beal, Contributor; Parker Cellura, Contributor; Ben Cohen, Contributor; Stanley Dai, Contributor; Hannah Dalporto, Contributor; Claudia Escobar, Contributor; Colin Hill, Contributor; Marco Lepe, Contributor; Tiffany Morton, Contributor; Rebekah O’Donoghue, Contributor; Vivianna Plancarte, Contributor; Alyssa Ratledge, Contributor; Elena Serna-Wallender, Contributor; Andrea Vasquez, Contributor; Rae Walker, Contributor; Michelle Ware, Contributor; Kayla Warner, Contributor; Melissa Wavelet, Contributor; Michael Weiss, Contributor; Diane Wren, Contributor","Reports - Research,Tests/Questionnaires",2025,"MDRC. 16 East 34th Street 19th Floor, New York, NY 10016-4326. Tel: 212-532-3200; Fax: 212-684-0832; e-mail: publications@mdrc.org; Web site: http://www.mdrc.org",MDRC,NA
R305A210286,ED655776,Embedded Tutoring in California Community Colleges: Perspectives from the Field on a Promising Practice. EdWorkingPaper No. 24-984,Mark Duffy; Kri Burkander,Reports - Research,2024,"Annenberg Institute for School Reform at Brown University. Brown University Box 1985, Providence, RI 02912. Tel: 401-863-7990; Fax: 401-863-1290; e-mail: AISR_Info@brown.edu; Web site: http://www.annenberginstitute.org",Annenberg Institute for School Reform at Brown University,NA
R305A210286,ED645857,Embedded Tutoring in California Community Colleges: Perspectives from the Field on a Promising Practice,Mark Duffy; Kri Burkander,"Reports - Research-practitioner Partnerships,Speeches/Meeting Papers,Reports - Research",2023,"Research for Action. 100 South Broad Street Suite 700, Philadelphia, PA 19110. Tel: 215-823-2500; Fax: 215-823-2510; e-mail: info@researchforaction.org; Web site: http://www.researchforaction.org",Research for Action,NA
R305A210286,ED671083,Corequisite Course Models in California Community Colleges: Implementation Variation and Challenges. EdWorkingPaper No. 25-1134,Mark Duffy; Kri Burkander; Molly Pileggi,Reports - Research,2025,"Annenberg Institute for School Reform at Brown University. Brown University Box 1985, Providence, RI 02912. Tel: 401-863-7990; Fax: 401-863-1290; e-mail: annenberg@brown.edu; Web site: https://annenberg.brown.edu/",Annenberg Institute for School Reform at Brown University,NA
R305A210286,ED672495,Embedded Tutoring in California Community Colleges: Perspectives from the Field on a Promising Practice. EdWorkingPaper No. 24-984,Mark Duffy; Kri Burkander,Reports - Research,2024,"Annenberg Institute for School Reform at Brown University. Brown University Box 1985, Providence, RI 02912. Tel: 401-863-7990; Fax: 401-863-1290; e-mail: annenberg@brown.edu; Web site: https://annenberg.brown.edu/",Annenberg Institute for School Reform at Brown University,NA
R305A210286,ED646728,Interim Report on the Implementation and Impact of Developmental Education Curricular Reform in California Community Colleges,Kri Burkander; Dae Kim; Lauren Schudde; Mark Duffy; Maja Pehrson; Nancy Lawrence; Taylor Stenley; Elizabeth Jackson; Wonsun Ryu; Lindsey Liu,"Reports - Research-practitioner Partnerships,Reports - Research",2024,"Research for Action. 100 South Broad Street Suite 700, Philadelphia, PA 19110. Tel: 215-823-2500; Fax: 215-823-2510; e-mail: info@researchforaction.org; Web site: http://www.researchforaction.org",Research for Action,NA
R305A210286,ED659414,"Interim Report 2 on the Implementation, Impact, and Cost Effectiveness of Developmental Education Reform in California's Community Colleges",Kri Burkander; Dae Kim; Mark Duffy; Lindsey Liu; Taylor Stenley; Keerthanya Rajesh; Sean Vannata,"Reports - Research-practitioner Partnerships,Reports - Research,Tests/Questionnaires",2024,"Research for Action. 100 South Broad Street Suite 700, Philadelphia, PA 19110. Tel: 215-823-2500; Fax: 215-823-2510; e-mail: info@researchforaction.org; Web site: http://www.researchforaction.org",Research for Action,NA
R305A210286,ED677841,"The Implementation, Impact, and Cost Effectiveness of Developmental Education Reform in California's Community Colleges: Interim Report #3",Kri Burkander; Dae Kim; Lauren Schudde; Wonsun Ryu; Yujin Kwon; Mark Duffy; Taylor Stenley; Karin Gegenheimer; Alita Robinson; Julia Ransom; Justis Freeman; Alexis O’Herrick; Lindsey Liu; Chelsea Zhang,"Reports - Research-practitioner Partnerships,Reports - Research",2025,"Research for Action. 100 South Broad Street Suite 700, Philadelphia, PA 19110. Tel: 215-823-2500; Fax: 215-823-2510; e-mail: info@researchforaction.org; Web site: http://www.researchforaction.org",Research for Action,NA
R305A210292,ED645890,The Evolution of the Urban Assembly School Support Model,Cassie Wuest; Emma Alterman; Rebecca Unterman; William Corrin; Bryce Marshall,Reports - Research,2023,"MDRC. 16 East 34th Street 19th Floor, New York, NY 10016-4326. Tel: 212-532-3200; Fax: 212-684-0832; e-mail: publications@mdrc.org; Web site: http://www.mdrc.org",MDRC,NA
R305A210506,ED673542,Pathways to Pre-K: Understanding Access to DC's 3-Year-Old Public Prekindergarten Program through Mapping Families' Application and Enrollment Patterns,Justin B. Doromal; Erica Greenberg; Breno Braga; Rachel Lamb; Leonardo Restrepo,Reports - Research,2025,"Urban Institute. 2100 M Street NW, Washington, DC 20037. Tel: 202-261-5687; Fax: 202-467-5775; Web site: http://www.urban.org",Urban Institute,NA
R305A220036,ED663646,Leveraging Modern Machine Learning to Improve Early Warning Systems and Reduce Chronic Absenteeism in Early Childhood. EdWorkingPaper No. 24-1081,Tiffany Wu; Christina Weiland,Reports - Research,2024,"Annenberg Institute for School Reform at Brown University. Brown University Box 1985, Providence, RI 02912. Tel: 401-863-7990; Fax: 401-863-1290; e-mail: AISR_Info@brown.edu; Web site: http://www.annenberginstitute.org",Annenberg Institute for School Reform at Brown University,NA
R305A220036,ED673997,Impacts of Oversubscribed Boston Pre-K Programs through Middle School. EdWorkingPaper No. 25-1194,Christina Weiland; Tiffany Wu; Rebecca Unterman; Anna Shapiro; Shekinah Lightner; Thomas Staines; Annie Taylor,Reports - Research,2025,"Annenberg Institute for School Reform at Brown University. Brown University Box 1985, Providence, RI 02912. Tel: 401-863-7990; Fax: 401-863-1290; e-mail: annenberg@brown.edu; Web site: https://annenberg.brown.edu/",Annenberg Institute for School Reform at Brown University,NA
R305A220036,ED678330,The Chronic(les) of Absenteeism Measurement: Unpacking the Many Measures of Attendance and Evidence for a Lower Chronic Absenteeism Threshold. EdWorkingPaper No. 26-1380,Tiffany Wu; Christina Weiland; Thomas Staines,"Reports - Research,Numerical/Quantitative Data",2026,"Annenberg Institute for School Reform at Brown University. Brown University Box 1985, Providence, RI 02912. Tel: 401-863-7990; Fax: 401-863-1290; e-mail: annenberg@brown.edu; Web site: https://annenberg.brown.edu/",Annenberg Institute for School Reform at Brown University,NA
R305A220107,ED631229,Making the Most of Read-Alouds to Support Primary-Grade Students' Inference-Making,HyeJin Hwang; Ellen Orcutt; Emily A. Reno; Jasmine Kim; Rina Miyata Harsch; Kristen L. McMaster; Panayiota Kendeou; Susan Slater,"Journal Articles,Reports - Research",2023,NA,Grantee Submission,NA
R305B070074,EJ1201124,Observations of Vocabulary Activities during Second- and Third-Grade Reading Lessons,"Sparapani, Nicole; Carlisle, Joanne F.; Connor, Carol McDonald","Journal Articles,Reports - Research",2018,"MDPI AG. Klybeckstrasse 64, 4057 Basel, Switzerland. Tel: e-mail: indexing@mdpi.com; Web site: http://www.mdpi.com",Education Sciences,NA
R305B070074,ED577129,Individualizing Teaching in Beginning Reading,"McDonald Connor, Carol",Reports - Descriptive,2014,NA,Grantee Submission,NA
R305B070074,ED600654,Predicting Second and Third Graders' Reading Comprehension Gains: Observing Students' and Classmates' Talk during Literacy Instruction Using COLT,"Connor, Carol McDonald; Kelcey, Benjamin; Sparapani, Nicole; Petscher, Yaacov; Siegal, Sarah W.; Adams, Ashley; Hwang, Jin Kyoung; Carlisle, Joanne F.",Reports - Research,2019,NA,Grantee Submission,NA
R305B070074,EJ909919,African American English and Spelling: How Do Second Graders Spell Dialect-Sensitive Features of Words?,"Patton-Terry, Nicole; Connor, Carol","Journal Articles,Reports - Research",2010,"Council for Learning Disabilities. P.O. Box 4014, Leesburg, VA 20177. Tel: 571-258-1010; Fax: 571-258-1011; Web site: http://www.cldinternational.org",Learning Disability Quarterly,http://www.cldinternational.org/Index.asp
R305B070542,EJ794104,"Enhancing Early Numeracy by Promoting the Abstract Thought Involved in the Oddity Principle, Seriation, and Conservation","Kidd, Julie K.; Pasnak, Robert; Gadzichowski, Marinka; Ferral-Like, Melissa; Gallington, Debbie","Journal Articles,Reports - Research",2008,"Prufrock Press Inc. P.O. Box 8813, Waco, TX 76714-8813. Tel: 800-998-2208; Tel: 254-756-3337; e-mail: info@prufrock.com; Web site: http://www.prufrock.com",Journal of Advanced Academics,http://journals.prufrock.com/IJP/c.abs/journal-of-advanced-academics/volume19/issue2/article780
R305B070702,ED540691,Making It Happen: How Career Academies Can Build College and Career Exploration Programs,"Visher, Mary G.; Altuna, Jacklyn N.; Safran, Stephanie",Reports - Research,2013,"MDRC. 16 East 34th Street 19th Floor, New York, NY 10016-4326. Tel: 212-532-3200; Fax: 212-684-0832; e-mail: publications@mdrc.org; Web site: http://www.mdrc.org",MDRC,NA
R305C080015,EJ1115335,Using Data Mining Results to Improve Educational Video Game Design,"Kerr, Deirdre","Journal Articles,Reports - Research",2015,International Working Group on Educational Data Mining. e-mail: jedm.editor@gmail.com; Web site: http://www.educationaldatamining.org/JEDM/index.php/JEDM/index,Journal of Educational Data Mining,NA
R305C080015,EJ1115353,Putting ECD into Practice: The Interplay of Theory and Data in Evidence Models within a Digital Learning Environment,"Rupp, Andre A.; Levy, Roy; Dicerbo, Kristen E.; Sweet, Shauna J.; Crawford, Aaron V.; Calico, Tiago; Benson, Martin; Fay, Derek; Kunze, Katie L.; Mislevy, Robert J.; Behrens, John T.","Journal Articles,Tests/Questionnaires,Reports - Research",2012,International Working Group on Educational Data Mining. e-mail: jedm.editor@gmail.com; Web site: http://www.educationaldatamining.org/JEDM/index.php/JEDM/index,Journal of Educational Data Mining,NA
R305C080015,EJ1115379,"Design and Discovery in Educational Assessment: Evidence-Centered Design, Psychometrics, and Educational Data Mining","Mislevy, Robert J.; Behrens, John T.; Dicerbo, Kristen E.; Levy, Roy","Journal Articles,Reports - Research",2012,International Working Group on Educational Data Mining. e-mail: jedm.editor@gmail.com; Web site: http://www.educationaldatamining.org/JEDM/index.php/JEDM/index,Journal of Educational Data Mining,NA
R305C080015,EJ1115399,Identifying Key Features of Student Performance in Educational Video Games and Simulations through Cluster Analysis,"Kerr, Deirdre; Chung, Gregory K. W. K.","Journal Articles,Reports - Research",2012,International Educational Data Mining. e-mail: jedm.editor@gmail.com; Web site: http://jedm.educationaldatamining.org/index.php/JEDM,Journal of Educational Data Mining,NA
R305C080015,ED555697,Identifying Common Mathematical Misconceptions from Actions in Educational Video Games. CRESST Report 838,"Kerr, Deirdre","Reports - Research,Tests/Questionnaires",2014,"National Center for Research on Evaluation, Standards, and Student Testing (CRESST). 300 Charles E Young Drive N, GSE&IS Building 3rd Floor, Mailbox 951522, Los Angeles, CA 90095-1522. Tel: 310-206-1532; Fax: 310-825-3883; Web site: http://www.cresst.org","National Center for Research on Evaluation, Standards, and Student Testing (CRESST)",NA
R305C080015,ED555698,The Effect of In-Game Errors on Learning Outcomes. CRESST Report 835,"Kerr, Deirdre; Chung, Gregory K. W. K.",Reports - Research,2013,"National Center for Research on Evaluation, Standards, and Student Testing (CRESST). 300 Charles E Young Drive N, GSE&IS Building 3rd Floor, Mailbox 951522, Los Angeles, CA 90095-1522. Tel: 310-206-1532; Fax: 310-825-3883; Web site: http://www.cresst.org","National Center for Research on Evaluation, Standards, and Student Testing (CRESST)",NA
R305C080015,ED555700,The Effects of Math Video Games on Learning: A Randomized Evaluation Study with Innovative Impact Estimation Techniques. CRESST Report 841,"Chung, Gregory K. W. K.; Choi, Kilchan; Baker, Eva L.; Cai, Li",Reports - Research,2014,"National Center for Research on Evaluation, Standards, and Student Testing (CRESST). 300 Charles E Young Drive N, GSE&IS Building 3rd Floor, Mailbox 951522, Los Angeles, CA 90095-1522. Tel: 310-206-1532; Fax: 310-825-3883; Web site: http://www.cresst.org","National Center for Research on Evaluation, Standards, and Student Testing (CRESST)",NA
R305C090022,EJ1101917,"Investigating Rural Teachers' Professional Development, Instructional Knowledge, and Classroom Practice","Glover, Todd A.; Nugent, Gwen C.; Chumney, Frances L.; Ihlo, Tanya; Shapiro, Edward S.; Guard, Kirra; Koziol, Natalie; Bovaird, Jim","Journal Articles,Reports - Research",2016,"Penn State University College of Education, Center on Rural Education and Communities. 310B Rackley Building, University Park, PA 16802. Tel: 814-863-2031; Web site: http://www.jrre.psu.edu/",Journal of Research in Rural Education,http://jrre.psu.edu/wp-content/uploads/2016/05/31-3.pdf
R305C090022,EJ1059979,"Identifying, Analyzing, and Communicating Rural: A Quantitative Perspective","Koziol, Natalie A.; Arthur, Ann M.; Hawley, Leslie R.; Bovaird, James A.; Bash, Kirstie L.; McCormick, Carina; Welch, Greg W.","Journal Articles,Reports - Research",2015,"Penn State University College of Education, Center on Rural Education and Communities. 310B Rackley Building, University Park, PA 16802. Tel: 814-863-2031; Web site: http://www.jrre.psu.edu/",Journal of Research in Rural Education,http://jrre.psu.edu/wp-content/uploads/2015/03/30-4.pdf
R305C090022,ED571809,The Effectiveness of Technology-Delivered Science Instructional Coaching in Middle and High School. Working Paper,"Nugent, Gwen; Kunz, Gina; Houston, James; Kalutskaya, Irina; Wu, ChaoRong; Pedersen, Jon; Lee, SoonChun; DeChenne, Sue Ellen; Luo, LinLin; Berry, Brandi",Reports - Research,2016,"National Center for Research on Rural Education. University of Nebraska-Lincoln, 216 Mabel Lee Hall, Lincoln, NE 68588. Tel: 402-472-2448; Web site: http://r2ed.unl.edu/",National Center for Research on Rural Education,NA
R305C090022,ED571817,Guided Science Inquiry Instruction with Students with Special Education Needs. R2Ed Working Paper 2015-1,"White, Andrew S.; Kunz, Gina M.; Whitham, Rebekah; Houston, Jim; Nugent, Gwen",Reports - Research,2015,"National Center for Research on Rural Education. University of Nebraska-Lincoln, 216 Mabel Lee Hall, Lincoln, NE 68588. Tel: 402-472-2448; Web site: http://r2ed.unl.edu/",National Center for Research on Rural Education,NA
R305C090022,ED571818,Active Ingredients of Instructional Coaching: Developing a Conceptual Framework. R2Ed Working Paper 2015-3,"White, Andrew S.; Howell Smith, Michelle; Kunz, Gina M.; Nugent, Gwen C.",Reports - Research,2015,"National Center for Research on Rural Education. University of Nebraska-Lincoln, 216 Mabel Lee Hall, Lincoln, NE 68588. Tel: 402-472-2448; Web site: http://r2ed.unl.edu/",National Center for Research on Rural Education,NA
R305C090022,EJ974684,Family-School Connections in Rural Educational Settings: A Systematic Review of the Empirical Literature,"Semke, Carrie A.; Sheridan, Susan M.","Journal Articles,Reports - Evaluative",2012,"Academic Development Institute. 121 North Kickapoo Street, Lincoln, IL 62656. Tel: 217-732-6462; Fax: 217-732-3696; Web site: http://www.adi.org/journal",School Community Journal,NA
R305C090023,EJ1194657,Resources for Teaching: Examining Personal and Institutional Predictors of High-Quality Instruction,"Hill, Heather C.; Blazar, David; Lynch, Kathleen","Journal Articles,Reports - Research",2015,"SAGE Publications. 2455 Teller Road, Thousand Oaks, CA 91320. Tel: 800-818-7243; Tel: 805-499-9774; Fax: 800-583-2665; e-mail: journals@sagepub.com; Web site: http://sagepub.com",AERA Open,NA
R305C090023,ED517378,The Effect of Evaluation on Performance: Evidence from Longitudinal Student Achievement Data of Mid-Career Teachers. NBER Working Paper No. 16877,"Taylor, Eric S.; Tyler, John H.",Reports - Evaluative,2011,"National Bureau of Economic Research. 1050 Massachusetts Avenue, Cambridge, MA 02138-5398. Tel: 617-588-0343; Web site: http://www.nber.org",National Bureau of Economic Research,http://papers.nber.org/papers/w16877
R305C090023,EJ1020230,State and Local Efforts to Investigate the Validity and Reliability of Scores from Teacher Evaluation Systems,"Herlihy, Corinne; Karger, Ezra; Pollard, Cynthia; Hill, Heather C.; Kraft, Matthew A.; Williams, Megan; Howard, Sarah","Journal Articles,Reports - Research",2014,"Teachers College, Columbia University. P.O. Box 103, 525 West 120th Street, New York, NY 10027. Tel: 212-678-3774; Fax: 212-678-6619; e-mail: tcr@tc.edu; Web site: http://www.tcrecord.org",Teachers College Record,http://www.tcrecord.org/Content.asp?ContentId=17292
R305C090023,ED671469,Learning Lessons from Instruction: Descriptive Results from an Observational Study of Urban Elementary Classrooms. EdWorkingPaper No. 20-315,Heather C. Hill; Erica Litke; Kathleen Lynch,Reports - Research,2020,"Annenberg Institute for School Reform at Brown University. Brown University Box 1985, Providence, RI 02912. Tel: 401-863-7990; Fax: 401-863-1290; e-mail: annenberg@brown.edu; Web site: https://annenberg.brown.edu/",Annenberg Institute for School Reform at Brown University,NA
R305C100023,EJ1194171,Integrating Academic Press and Support by Increasing Student Ownership and Responsibility,"Cannata, Marisa Ann; Smith, Thomas M.; Taylor Haynes, Katherine","Journal Articles,Reports - Research",2017,"SAGE Publications. 2455 Teller Road, Thousand Oaks, CA 91320. Tel: 800-818-7243; Tel: 805-499-9774; Fax: 800-583-2665; e-mail: journals@sagepub.com; Web site: http://sagepub.com",AERA Open,NA
R305C100023,ED561250,Understanding the Student Experience in High School: Differences by School Value-Added Rankings,"Cannata, Marisa",Reports - Research,2013,"National Center on Scaling Up Effective Schools. 230 Appleton Place PMB 414, Nashville, TN 37203. Tel: 615-322-0225; Fax: 615-322-7890; Web site: http://www.scalingupcenter.org",National Center on Scaling Up Effective Schools,NA
R305C100023,ED561252,High School Accountability: Early Evidence from Florida's Broward County Public Schools,"Iatarola, Patrice; Gao, Niu","Speeches/Meeting Papers,Reports - Research",2015,"National Center on Scaling Up Effective Schools. 230 Appleton Place PMB 414, Nashville, TN 37203. Tel: 615-322-0225; Fax: 615-322-7890; Web site: http://www.scalingupcenter.org",National Center on Scaling Up Effective Schools,NA
R305C100023,ED561265,Measuring School Effectiveness: Technical Report on the 2011 Value-Added Model. Technical Report,NA,Reports - Research,2014,"National Center on Scaling Up Effective Schools. 230 Appleton Place PMB 414, Nashville, TN 37203. Tel: 615-322-0225; Fax: 615-322-7890; Web site: http://www.scalingupcenter.org",National Center on Scaling Up Effective Schools,NA
R305C100023,ED561267,Reaching for Rigor: Identifying Practices of Effective High Schools. Research Report,"Cannata, Marisa; Haynes, Katherine Taylor; Smith, Thomas M.",Reports - Research,2013,"National Center on Scaling Up Effective Schools. 230 Appleton Place PMB 414, Nashville, TN 37203. Tel: 615-322-0225; Fax: 615-322-7890; Web site: http://www.scalingupcenter.org",National Center on Scaling Up Effective Schools,NA
R305C100023,ED561272,Identifying and Understanding Effective High Schools: Personalization for Academic and Social Learning & Student Ownership and Responsibility,"Rutledge, Stacey A.; Cannata, Marisa",Reports - Research,2015,"National Center on Scaling Up Effective Schools. 230 Appleton Place PMB 414, Nashville, TN 37203. Tel: 615-322-0225; Fax: 615-322-7890; Web site: http://www.scalingupcenter.org",National Center on Scaling Up Effective Schools,NA
R305C100023,ED571795,"With the Design in Mind: ""High School Reform Model Features That Matter in Implementation."" Conference Paper","Shiffman, Catherine Dunn","Speeches/Meeting Papers,Reports - Research",2015,"National Center on Scaling Up Effective Schools. 230 Appleton Place PMB 414, Nashville, TN 37203. Tel: 615-322-0225; Fax: 615-322-7890; Web site: http://www.scalingupcenter.org",National Center on Scaling Up Effective Schools,NA
R305C100023,ED571796,Using a Networked Improvement Community Approach to Design and Scale up Social Psychological Interventions in Schools. Conference Paper,"Barron, Kenneth E.; Hulleman, Chris S.; Inouye, R. Bryce; Hartka, Thomas A.","Speeches/Meeting Papers,Reports - Research",2015,"National Center on Scaling Up Effective Schools. 230 Appleton Place PMB 414, Nashville, TN 37203. Tel: 615-322-0225; Fax: 615-322-7890; Web site: http://www.scalingupcenter.org",National Center on Scaling Up Effective Schools,NA
R305C100023,ED571797,"Designing and Scaling Highly Effective Interventions That Produce BIG Improvement: ""Counter-Intuitive Lessons from the Higher Order Thinking Skills (HOTS) Project."" Conference Paper","Pogrow, Stanley","Speeches/Meeting Papers,Reports - Evaluative",2015,"National Center on Scaling Up Effective Schools. 230 Appleton Place PMB 414, Nashville, TN 37203. Tel: 615-322-0225; Fax: 615-322-7890; Web site: http://www.scalingupcenter.org",National Center on Scaling Up Effective Schools,NA
R305C100023,ED571798,Building Teacher Leadership for Innovation and Ownership. Conference Paper,"Chimbel, Bethanne; Smith, Orion","Speeches/Meeting Papers,Reports - Descriptive",2015,"National Center on Scaling Up Effective Schools. 230 Appleton Place PMB 414, Nashville, TN 37203. Tel: 615-322-0225; Fax: 615-322-7890; Web site: http://www.scalingupcenter.org",National Center on Scaling Up Effective Schools,NA
R305C100023,ED571799,Using Personalization to Get at the Core of Student Learning. Conference Paper,"Tiernan, Peter","Speeches/Meeting Papers,Reports - Descriptive",2015,"National Center on Scaling Up Effective Schools. 230 Appleton Place PMB 414, Nashville, TN 37203. Tel: 615-322-0225; Fax: 615-322-7890; Web site: http://www.scalingupcenter.org",National Center on Scaling Up Effective Schools,NA
R305C100023,ED571803,"Partnering for Improvement: ""Communities of Practice and Their Role in Scale Up."" Conference Paper","Cannata, Marisa; Cohen-Vogel, Lora; Sorum, Michael","Speeches/Meeting Papers,Reports - Descriptive",2015,"National Center on Scaling Up Effective Schools. 230 Appleton Place PMB 414, Nashville, TN 37203. Tel: 615-322-0225; Fax: 615-322-7890; Web site: http://www.scalingupcenter.org",National Center on Scaling Up Effective Schools,NA
R305C100023,ED571804,"Research-Practice Partnerships in Education: ""Outcomes, Dynamics, and Open Questions."" Conference Paper","Coburn, Cynthia E.; Penuel, William R.; Farrell, Caitlin C.","Speeches/Meeting Papers,Reports - Research",2015,"National Center on Scaling Up Effective Schools. 230 Appleton Place PMB 414, Nashville, TN 37203. Tel: 615-322-0225; Fax: 615-322-7890; Web site: http://www.scalingupcenter.org",National Center on Scaling Up Effective Schools,NA
R305C100023,ED600455,An Analysis of the Effects of Implementing Personalized Learning Connections in Broward County Public Schools. Working Paper,"Sass, Tim R.; Austin, Wes",Reports - Research,2019,"National Center on Scaling Up Effective Schools. 230 Appleton Place PMB 414, Nashville, TN 37203. Tel: 615-322-0225; Fax: 615-322-7890; Web site: https://my.vanderbilt.edu/scalingupcenter/",National Center on Scaling Up Effective Schools,NA
R305C100023,ED594382,Inspiring Teacher Leadership through Intentional Communication. Conference Paper,"Fatout, Brad","Speeches/Meeting Papers,Reports - Descriptive",2015,"National Center on Scaling Up Effective Schools. 230 Appleton Place PMB 414, Nashville, TN 37203. Tel: 615-322-0225; Fax: 615-322-7890; Web site: https://my.vanderbilt.edu/scalingupcenter/",National Center on Scaling Up Effective Schools,NA
R305C100023,ED594383,Lessons Learned about Designing Innovation. Conference Paper,"Mihalik, Michael","Speeches/Meeting Papers,Reports - Evaluative",2015,"National Center on Scaling Up Effective Schools. 230 Appleton Place PMB 414, Nashville, TN 37203. Tel: 615-322-0225; Fax: 615-322-7890; Web site: https://my.vanderbilt.edu/scalingupcenter/",National Center on Scaling Up Effective Schools,NA
R305C100024,EJ1313240,Tomorrow's EdTech Today: Establishing a Learning Platform as a Collaborative Research Tool for Sound Science,"Ostrow, Korinn S.; Heffernan, Neil T.; Williams, Joseph Jay","Journal Articles,Reports - Descriptive",2017,"Teachers College, Columbia University. P.O. Box 103, 525 West 120th Street, New York, NY 10027. Tel: 212-678-3774; Fax: 212-678-6619; e-mail: tcr@tc.edu; Web site: http://www.tcrecord.org",Teachers College Record,https://www.tcrecord.org/content.asp?contentid=21779
R305C100024,EJ1149168,How Flexible Is Your Data? A Comparative Analysis of Scoring Methodologies across Learning Platforms in the Context of Group Differentiation,"Ostrow, Korinn S.; Wang, Yan; Heffernan, Neil T.","Journal Articles,Reports - Research",2017,"Society for Learning Analytics Research. 121 Pointe Marsan, Beaumont, AB T4X 0A2, Canada. Tel: +61-429-920-838; e-mail: info@solaresearch.org; Web site: http://learning-analytics.info/journals/index.php/JLA/",Journal of Learning Analytics,NA
R305C100024,EJ1111734,Middle School Students' Conceptual Understanding of Equations: Evidence from Writing Story Problems,"Alibali, Martha W.; Stephens, Ana C.; Brown, Alayna N.; Kao, Yvonne S.; Nathan, Mitchell J.","Journal Articles,Reports - Research",2014,"Hipatia Press. Claramunt, 4, Local 2 08030, Barcelona, Spain. Tel: +34-93-302-1226: e-mail: info@hipatiapress.com; Web site: http://www.hipatiapress.com",International Journal of Educational Psychology,NA
R305C100024,ED630842,Auto-Scoring Student Responses with Images in Mathematics,"Baral, Sami; Botelho, Anthony; Santhanam, Abhishek; Gurung, Ashish; Cheng, Li; Heffernan, Neil","Speeches/Meeting Papers,Reports - Research",2023,International Educational Data Mining Society. e-mail: admin@educationaldatamining.org; Web site: https://educationaldatamining.org/conferences/,International Educational Data Mining Society,NA
R305C100024,EJ1238487,Save Your Strokes: Chinese Handwriting Practice Makes for Ineffective Use of Instructional Time in Second Language Classrooms,"Lu, Xiwen; Ostrow, Korinn S.; Heffernan, Neil T.","Journal Articles,Reports - Research,Tests/Questionnaires",2019,"SAGE Publications. 2455 Teller Road, Thousand Oaks, CA 91320. Tel: 800-818-7243; Tel: 805-499-9774; Fax: 800-583-2665; e-mail: journals@sagepub.com; Web site: http://sagepub.com",AERA Open,NA
R305C100024,ED583694,Considering Cognitive Factors in Interest Research: Context Personalization and Illustrations in Math Curricula,"Walkington, Candace; Clinton, Virginia; Mingle, Leigh","Speeches/Meeting Papers,Reports - Research",2016,North American Chapter of the International Group for the Psychology of Mathematics Education. e-mail: pmena.steeringcommittee@gmail.com; Web site: http://www.pmena.org/,North American Chapter of the International Group for the Psychology of Mathematics Education,NA
R305C100024,ED583764,The Effect of Worked Examples on Student Learning and Error Anticipation in Algebra,"Booth, Julie L.; Begolli, Kreshnik N.; McCann, Nicholas","Reports - Research,Speeches/Meeting Papers",2016,North American Chapter of the International Group for the Psychology of Mathematics Education. e-mail: pmena.steeringcommittee@gmail.com; Web site: http://www.pmena.org/,North American Chapter of the International Group for the Psychology of Mathematics Education,NA
R305C100024,ED584910,Visual Representations in Mathematics Problem-Solving: Effects of Diagrams and Illustrations,"Cooper, Jennifer L.; Alibali, Martha W.","Reports - Research,Speeches/Meeting Papers",2012,North American Chapter of the International Group for the Psychology of Mathematics Education. e-mail: pmena.steeringcommittee@gmail.com; Web site: http://www.pmena.org/,North American Chapter of the International Group for the Psychology of Mathematics Education,NA
R305C100024,ED583982,Data Cleaning in Mathematics Education Research: The Overlooked Methodological Step,"Hubbard, Aleata","Speeches/Meeting Papers,Reports - Research",2017,NA,Grantee Submission,NA
R305C100024,ED574470,Considering Cognitive Factors in Interest Research: Context Personalization and Illustrations in Math Curricula,"Candace, Walkington; Clinton, Virginia; Mingle, Leigh","Reports - Research,Speeches/Meeting Papers",2016,NA,Grantee Submission,NA
R305C100024,ED560558,Considering the Influence of Prerequisite Performance on Wheel Spinning,"Wan, Hao; Beck, Joseph Barbosa","Reports - Research,Speeches/Meeting Papers",2015,International Educational Data Mining Society. e-mail: admin@educationaldatamining.org; Web site: http://www.educationaldatamining.org,International Educational Data Mining Society,NA
R305C100024,ED560564,The Impact of Incorporating Student Confidence Items into an Intelligent Tutor: A Randomized Controlled Trial,"Lang, Charles; Heffernan, Neil; Ostrow, Korinn; Wang, Yutao","Speeches/Meeting Papers,Reports - Research",2015,International Educational Data Mining Society. e-mail: admin@educationaldatamining.org; Web site: http://www.educationaldatamining.org,International Educational Data Mining Society,NA
R305C100024,ED560588,Using Partial Credit and Response History to Model User Knowledge,"Van Inwegen, Eric G.; Adjei, Seth A.; Wang, Yan; Heffernan, Neil T.","Reports - Research,Speeches/Meeting Papers",2015,International Educational Data Mining Society. e-mail: admin@educationaldatamining.org; Web site: http://www.educationaldatamining.org,International Educational Data Mining Society,NA
R305C100024,ED560765,Optimizing Partial Credit Algorithms to Predict Student Performance,"Ostrow, Korinn; Donnelly, Chistopher; Heffernan, Neil","Speeches/Meeting Papers,Reports - Research",2015,International Educational Data Mining Society. e-mail: admin@educationaldatamining.org; Web site: http://www.educationaldatamining.org,International Educational Data Mining Society,NA
R305C100024,ED615325,Does Immediate Feedback While Doing Homework Improve Learning?,"Kehrer, Paul; Kelly, Kim; Heffernan, Neil","Speeches/Meeting Papers,Reports - Research",2013,NA,Grantee Submission,https://www.aaai.org/
R305C100024,ED615500,A Novel Algorithm for Aggregating Crowdsourced Opinions,"Prihar, Ethan; Heffernan, Neil","Reports - Research,Speeches/Meeting Papers",2021,International Educational Data Mining Society. e-mail: admin@educationaldatamining.org; Web site: https://educationaldatamining.org/conferences/,International Educational Data Mining Society,NA
R305C100024,ED615565,Improving Automated Scoring of Student Open Responses in Mathematics,"Baral, Sami; Botelho, Anthony F.; Erickson, John A.; Benachamardi, Priyanka; Heffernan, Neil T.","Reports - Research,Speeches/Meeting Papers",2021,International Educational Data Mining Society. e-mail: admin@educationaldatamining.org; Web site: https://educationaldatamining.org/conferences/,International Educational Data Mining Society,NA
R305C100024,ED616525,Tomorrow's EdTech Today: Establishing a Learning Platform as a Collaborative Research Tool for Sound Science,"Ostrow, Korinn; Heffernan, Neil; Williams, Joseph Jay","Journal Articles,Reports - Research",2017,NA,Grantee Submission,https://www.tcrecord.org/content.asp?contentid=21779
R305C100024,ED596589,Estimating Individual Treatment Effect from Educational Studies with Residual Counterfactual Networks,"Zhao, Siyuan; Heffernan, Neil","Speeches/Meeting Papers,Reports - Research",2017,International Educational Data Mining Society. e-mail: admin@educationaldatamining.org; Web site: http://www.educationaldatamining.org,International Educational Data Mining Society,NA
R305C100024,ED596607,Using a Single Model Trained across Multiple Experiments to Improve the Detection of Treatment Effects,"Patikorn, Thanaporn; Selent, Douglas; Heffernan, Neil T.; Beck, Joseph E.; Zou, Jian","Speeches/Meeting Papers,Reports - Research",2017,International Educational Data Mining Society. e-mail: admin@educationaldatamining.org; Web site: http://www.educationaldatamining.org,International Educational Data Mining Society,NA
R305C100024,ED593106,Studying Affect Dynamics and Chronometry Using Sensor-Free Detectors,"Botelho, Anthony F.; Baker, Ryan S.; Ocumpaugh, Jaclyn; Heffernan, Neil T.","Speeches/Meeting Papers,Reports - Research",2018,International Educational Data Mining Society. e-mail: admin@educationaldatamining.org; Web site: http://www.educationaldatamining.org,International Educational Data Mining Society,NA
R305C100024,ED593197,Using Big Data to Sharpen Design-Based Inference in A/B Tests,"Sales, Adam C.; Botelho, Anthony; Patikorn, Thanaporn; Heffernan, Neil T.","Reports - Research,Speeches/Meeting Papers",2018,International Educational Data Mining Society. e-mail: admin@educationaldatamining.org; Web site: http://www.educationaldatamining.org,International Educational Data Mining Society,NA
R305C100024,ED599834,Improving Student Learning in Math through Web-Based Homework,"Kelly, Kim; Heffernan, Neil; Heffernan, Cristina; Goldman, Susan; Pellegrino, James; Soffer-Goldstein, Deena","Speeches/Meeting Papers,Reports - Research",2014,North American Chapter of the International Group for the Psychology of Mathematics Education. e-mail: pmena.steeringcommittee@gmail.com; Web site: http://www.pmena.org/,North American Chapter of the International Group for the Psychology of Mathematics Education,NA
R305C100024,ED592678,Closing the Loop with Quantitative Cognitive Task Analysis,"Koedinger, Kenneth R.; McLaughlin, Elizabeth A.","Speeches/Meeting Papers,Reports - Research",2016,International Educational Data Mining Society. e-mail: admin@educationaldatamining.org; Web site: http://www.educationaldatamining.org,International Educational Data Mining Society,NA
R305C100024,ED592679,Going Deeper with Deep Knowledge Tracing,"Xiong, Xiaolu; Zhao, Siyuan; Van Inwegen, Eric G.; Beck, Joseph E.","Speeches/Meeting Papers,Reports - Research",2016,International Educational Data Mining Society. e-mail: admin@educationaldatamining.org; Web site: http://www.educationaldatamining.org,International Educational Data Mining Society,NA
R305C100024,ED592716,Modeling Interactions across Skills: A Method to Construct and Compare Models Predicting the Existence of Skill Relationships,"Botelho, Anthony F.; Adjei, Seth A.; Heffernan, Neil T.","Speeches/Meeting Papers,Reports - Research",2016,International Educational Data Mining Society. e-mail: admin@educationaldatamining.org; Web site: http://www.educationaldatamining.org,International Educational Data Mining Society,NA
R305C100024,ED574724,Learning about Posterior Probability: Do Diagrams and Elaborative Interrogation Help?,"Clinton, Virginia; Alibali, Martha Wagner; Nathan, Mitchel J.",Reports - Research,2016,NA,Grantee Submission,NA
R305C100024,ED574965,Teacher Viewpoints of Instructional Design Principles for Visuals in a Middle School Math Curriculum,"Clinton, Virginia; Cooper, Jennifer L.","Speeches/Meeting Papers,Reports - Research",2015,NA,Grantee Submission,NA
R305C100024,ED574984,How Revisions to Mathematical Visuals Affect Cognition: Evidence from Eye Tracking,"Clinton, Virginia; Cooper, Jennifer L.; Michaelis, Joseph; Alibali, Martha W.; Nathan, Mitchell J.",Reports - Research,2017,NA,Grantee Submission,NA
R305C110011,EJ1148871,Does College Focus Matter? Explaining Differences in Labor Market Outcomes among Community Colleges,"Dunn, Michael; Kalleberg, Arne L.","Journal Articles,Reports - Research",2017,"Macrothink Institute. 5348 Vegas Drive, Unit 825, Las Vegas, Nevada 89108. Tel: 702-953-1852; Fax: 702-420-2900; e-mail: info@macrothink.org; Web site: http://www.macrothink.org",Journal of Educational Issues,NA
R305C110011,EJ1229667,Educational Attainment and Nonwage Labor Market Returns in the United States,"Schudde, Lauren; Bernell, Kaitlin","Journal Articles,Reports - Research",2019,"SAGE Publications. 2455 Teller Road, Thousand Oaks, CA 91320. Tel: 800-818-7243; Tel: 805-499-9774; Fax: 800-583-2665; e-mail: journals@sagepub.com; Web site: http://sagepub.com",AERA Open,NA
R305C110011,ED546757,Labor Market Returns to Community College: Evidence from North Carolina. Research Brief,"Belfield, Clive; Liu, Yuen Ting; Trimble, Madeline Joy",Reports - Research,2014,"Center for Analysis of Postsecondary Education and Employment. Teachers College, Columbia University, 525 West 120th Street Box 174, New York, NY 10027. Tel: 212.678.3091; e-mail: capsee@columbia.edu; Web site: http://capseecenter.org",Center for Analysis of Postsecondary Education and Employment,NA
R305C110011,ED546764,The Labor Market Returns to For-Profit Higher Education: Evidence for Transfer Students. A CAPSEE Working Paper,"Liu, Yuen Ting; Belfield, Clive",Reports - Research,2014,"Center for Analysis of Postsecondary Education and Employment. Teachers College, Columbia University, 525 West 120th Street Box 174, New York, NY 10027. Tel: 212.678.3091; e-mail: capsee@columbia.edu; Web site: http://capseecenter.org",Center for Analysis of Postsecondary Education and Employment,NA
R305C110011,ED546766,The Medium-Term Labor Market Returns to Community College Awards: Evidence from North Carolina. A CAPSEE Working Paper,"Belfield, Clive; Liu, Yuen Ting; Trimble, Madeline Joy",Reports - Research,2014,"Center for Analysis of Postsecondary Education and Employment. Teachers College, Columbia University, 525 West 120th Street Box 174, New York, NY 10027. Tel: 212.678.3091; e-mail: capsee@columbia.edu; Web site: http://capseecenter.org",Center for Analysis of Postsecondary Education and Employment,NA
R305C110011,ED555370,Pell Grants as Performance-Based Aid? An Examination of Satisfactory Academic Progress Requirements in the Nation's Largest Need-Based Aid Program. A CAPSEE Working Paper,"Schudde, Lauren; Scott-Clayton, Judith",Reports - Research,2014,"Center for Analysis of Postsecondary Education and Employment. Teachers College, Columbia University, 525 West 120th Street Box 174, New York, NY 10027. Tel: 212.678.3091; e-mail: capsee@columbia.edu; Web site: http://capseecenter.org",Center for Analysis of Postsecondary Education and Employment,NA
R305C110011,ED555373,Should Student Employment Be Subsidized? Conditional Counterfactuals and the Outcomes of Work-Study Participation. A CAPSEE Working Paper,"Scott-Clayton, Judith; Minaya, Veronica",Reports - Research,2014,"Center for Analysis of Postsecondary Education and Employment. Teachers College, Columbia University, 525 West 120th Street Box 174, New York, NY 10027. Tel: 212.678.3091; e-mail: capsee@columbia.edu; Web site: http://capseecenter.org",Center for Analysis of Postsecondary Education and Employment,NA
R305C110011,ED555376,Should Student Employment Be Subsidized? Conditional Counterfactuals and the Outcomes of Work-Study Participation: Appendices A and B. A CAPSEE Working Paper,"Scott-Clayton, Judith; Minaya, Veronica","Reports - Evaluative,Numerical/Quantitative Data",2014,"Center for Analysis of Postsecondary Education and Employment. Teachers College, Columbia University, 525 West 120th Street Box 174, New York, NY 10027. Tel: 212.678.3091; e-mail: capsee@columbia.edu; Web site: http://capseecenter.org",Center for Analysis of Postsecondary Education and Employment,NA
R305C110011,ED555390,The Value of Postsecondary Credentials in the Labor Market: An Experimental Study. A CAPSEE Working Paper,"Deming, David J.; Yuchtman, Noam; Abulafi, Amira; Goldin, Claudia; Katz, Lawrence F.",Reports - Research,2014,"Center for Analysis of Postsecondary Education and Employment. Teachers College, Columbia University, 525 West 120th Street Box 174, New York, NY 10027. Tel: 212.678.3091; e-mail: capsee@columbia.edu; Web site: http://capseecenter.org",Center for Analysis of Postsecondary Education and Employment,NA
R305C110011,ED555391,Does Developmental Education Improve Labor Market Outcomes? Evidence from Two States. A CAPSEE Working Paper,"Hodara, Michelle; Xu, Di",Reports - Research,2014,"Center for Analysis of Postsecondary Education and Employment. Teachers College, Columbia University, 525 West 120th Street Box 174, New York, NY 10027. Tel: 212.678.3091; e-mail: capsee@columbia.edu; Web site: http://capseecenter.org",Center for Analysis of Postsecondary Education and Employment,NA
R305C110011,ED555392,What about Certificates? Evidence on the Labor Market Returns to Non-Degree Community College Awards in Two States. A CAPSEE Working Paper,"Xu, Di; Trimble, Madeline Joy",Reports - Research,2014,"Center for Analysis of Postsecondary Education and Employment. Teachers College, Columbia University, 525 West 120th Street Box 174, New York, NY 10027. Tel: 212.678.3091; e-mail: capsee@columbia.edu; Web site: http://capseecenter.org",Center for Analysis of Postsecondary Education and Employment,NA
R305C110011,ED555428,The Early Impact of Postsecondary Career and Technical Education: Do Workers Earn More in Occupations Related to Their College Major? A CAPSEE Working Paper,"Gelblum, Madeleine",Reports - Research,2014,"Center for Analysis of Postsecondary Education and Employment. Teachers College, Columbia University, 525 West 120th Street Box 174, New York, NY 10027. Tel: 212.678.3091; e-mail: capsee@columbia.edu; Web site: http://capseecenter.org",Center for Analysis of Postsecondary Education and Employment,NA
R305C110011,ED555429,The Early Impact of Postsecondary Career and Technical Education: Do Workers Earn More In Occupations Related to Their College Major?: Appendices A and B. A CAPSEE Working Paper,"Gelblum, Madeleine","Reports - Research,Numerical/Quantitative Data",2014,"Center for Analysis of Postsecondary Education and Employment. Teachers College, Columbia University, 525 West 120th Street Box 174, New York, NY 10027. Tel: 212.678.3091; e-mail: capsee@columbia.edu; Web site: http://capseecenter.org",Center for Analysis of Postsecondary Education and Employment,NA
R305C110011,ED555433,The Federal Work-Study Program: Impacts on Academic Outcomes and Employment. CAPSEE Policy Brief,NA,Reports - Evaluative,2015,"Center for Analysis of Postsecondary Education and Employment. Teachers College, Columbia University, 525 West 120th Street Box 174, New York, NY 10027. Tel: 212.678.3091; e-mail: capsee@columbia.edu; Web site: http://capseecenter.org",Center for Analysis of Postsecondary Education and Employment,NA
R305C110011,ED555529,What about the Non-Completers? The Labor Market Returns to Progress in Community College. CAPSEE Working Paper,"Zeidenberg, Matthew; Scott, Marc; Belfield, Clive",Reports - Evaluative,2015,"Center for Analysis of Postsecondary Education and Employment. Teachers College, Columbia University, 525 West 120th Street Box 174, New York, NY 10027. Tel: 212.678.3091; e-mail: capsee@columbia.edu; Web site: http://capseecenter.org",Center for Analysis of Postsecondary Education and Employment,NA
R305C110011,ED558271,On Their Own Terms: Two-Year Minority Serving Institutions,"Nguyen, Thai-Huy; Lundy-Wagner, Valerie; Castro Samayoa, Andrés; Gasman, Marybeth; Wilson, Audrey; Diggs, Desmond; Wolff, Melanie; Dávila, Carolina; Boland, William","Numerical/Quantitative Data,Reports - Research",2015,"Center for Analysis of Postsecondary Education and Employment. Teachers College, Columbia University, 525 West 120th Street Box 174, New York, NY 10027. Tel: 212.678.3091; e-mail: capsee@columbia.edu; Web site: http://capseecenter.org",Center for Analysis of Postsecondary Education and Employment,NA
R305C110011,ED557077,What about the Non-Completers? The Labor Market Returns to Progress in Community College. A CAPSEE Working Paper,"Zeidenberg, Matthew; Scott, Marc; Belfield, Clive",Reports - Research,2015,"Center for Analysis of Postsecondary Education and Employment. Teachers College, Columbia University, 525 West 120th Street Box 174, New York, NY 10027. Tel: 212.678.3091; e-mail: capsee@columbia.edu; Web site: http://capseecenter.org",Center for Analysis of Postsecondary Education and Employment,NA
R305C110011,ED557078,Career-Technical Education and Labor Market Outcomes: Evidence from California Community Colleges. A CAPSEE Working Paper,"Stevens, Ann; Kurlaender, Michal; Grosz, Michel",Reports - Research,2015,"Center for Analysis of Postsecondary Education and Employment. Teachers College, Columbia University, 525 West 120th Street Box 174, New York, NY 10027. Tel: 212.678.3091; e-mail: capsee@columbia.edu; Web site: http://capseecenter.org",Center for Analysis of Postsecondary Education and Employment,NA
R305C110011,ED557079,Examining the Earnings Trajectories of Community College Students Using a Piecewise Growth Curve Modeling Approach. A CAPSEE Working Paper,"Jaggars, Shanna Smith; Xu, Di",Reports - Research,2015,"Center for Analysis of Postsecondary Education and Employment. Teachers College, Columbia University, 525 West 120th Street Box 174, New York, NY 10027. Tel: 212.678.3091; e-mail: capsee@columbia.edu; Web site: http://capseecenter.org",Center for Analysis of Postsecondary Education and Employment,NA
R305C110011,ED557080,Labor Market Returns to Community College Awards: Evidence from Michigan. A CAPSEE Working Paper,"Bahr, Peter Riley; Dynarski, Susan; Jacob, Brian; Kreisman, Daniel; Sosa, Alfredo; Wiederspan, Mark",Reports - Research,2015,"Center for Analysis of Postsecondary Education and Employment. Teachers College, Columbia University, 525 West 120th Street Box 174, New York, NY 10027. Tel: 212.678.3091; e-mail: capsee@columbia.edu; Web site: http://capseecenter.org",Center for Analysis of Postsecondary Education and Employment,NA
R305C110011,ED557081,The Labor Market Returns to Math Courses in Community College. A CAPSEE Working Paper,"Belfield, Clive; Liu, Vivian Yuen Ting",Reports - Research,2015,"Center for Analysis of Postsecondary Education and Employment. Teachers College, Columbia University, 525 West 120th Street Box 174, New York, NY 10027. Tel: 212.678.3091; e-mail: capsee@columbia.edu; Web site: http://capseecenter.org",Center for Analysis of Postsecondary Education and Employment,NA
R305C110011,ED557086,The Federal Work-Study Program: Impacts on Academic Outcomes and Employment. Policy Brief,NA,Reports - Research,2015,"Center for Analysis of Postsecondary Education and Employment. Teachers College, Columbia University, 525 West 120th Street Box 174, New York, NY 10027. Tel: 212.678.3091; e-mail: capsee@columbia.edu; Web site: http://capseecenter.org",Center for Analysis of Postsecondary Education and Employment,NA
R305C110011,ED549157,Evaluating For-Profit Higher Education: Evidence from the Education Longitudinal Study. A CAPSEE Working Paper,"Liu, Yuen Ting; Belfield, Clive",Reports - Research,2014,"Center for Analysis of Postsecondary Education and Employment. Teachers College, Columbia University, 525 West 120th Street Box 174, New York, NY 10027. Tel: 212.678.3091; e-mail: capsee@columbia.edu; Web site: http://capseecenter.org",Center for Analysis of Postsecondary Education and Employment,NA
R305C110011,ED549161,Institutional Determinants of Labor Market Outcomes for Community College Students in North Carolina. A CAPSEE Working Paper,"Kalleberg, Arne L.; Dunn, Michael",Reports - Research,2014,"Center for Analysis of Postsecondary Education and Employment. Teachers College, Columbia University, 525 West 120th Street Box 174, New York, NY 10027. Tel: 212.678.3091; e-mail: capsee@columbia.edu; Web site: http://capseecenter.org",Center for Analysis of Postsecondary Education and Employment,NA
R305C110011,ED573961,Model Specifications for Estimating Labor Market Returns to Associate Degrees: How Robust Are Fixed Effects Estimates? A CAPSEE Working Paper,"Belfield, Clive; Bailey, Thomas",Reports - Evaluative,2017,"Center for Analysis of Postsecondary Education and Employment. Teachers College, Columbia University, 525 West 120th Street Box 174, New York, NY 10027. Tel: 212.678.3091; e-mail: capsee@columbia.edu; Web site: http://capseecenter.org",Center for Analysis of Postsecondary Education and Employment,NA
R305C110011,ED573962,Labor Market Trajectories for Community College Graduates: New Evidence Spanning the Great Recession. A CAPSEE Working Paper,"Minaya, Veronica; Scott-Clayton, Judith",Reports - Research,2017,"Center for Analysis of Postsecondary Education and Employment. Teachers College, Columbia University, 525 West 120th Street Box 174, New York, NY 10027. Tel: 212.678.3091; e-mail: capsee@columbia.edu; Web site: http://capseecenter.org",Center for Analysis of Postsecondary Education and Employment,NA
R305C110011,ED565214,The Impact of Co-Locating American Job Centers on Community College Campuses in North Carolina. A CAPSEE Working Paper,"Van Noy, Michelle",Reports - Research,2015,"Center for Analysis of Postsecondary Education and Employment. Teachers College, Columbia University, 525 West 120th Street Box 174, New York, NY 10027. Tel: 212.678.3091; e-mail: capsee@columbia.edu; Web site: http://capseecenter.org",Center for Analysis of Postsecondary Education and Employment,NA
R305C110011,ED565215,Denying Loan Access: The Student-Level Consequences When Community Colleges Opt out of the Stafford Loan Program. A CAPSEE Working Paper,"Wiederspan, Mark",Reports - Research,2015,"Center for Analysis of Postsecondary Education and Employment. Teachers College, Columbia University, 525 West 120th Street Box 174, New York, NY 10027. Tel: 212.678.3091; e-mail: capsee@columbia.edu; Web site: http://capseecenter.org",Center for Analysis of Postsecondary Education and Employment,NA
R305C110011,ED570706,Does Working Help or Hurt College Students? The Effects of Federal Work-Study Participation on Student Outcomes. A CAPSEE Working Paper,"Soliz, Adela; Long, Bridget Terry",Reports - Research,2016,"Center for Analysis of Postsecondary Education and Employment. Teachers College, Columbia University, 525 West 120th Street Box 174, New York, NY 10027. Tel: 212.678.3091; e-mail: capsee@columbia.edu; Web site: http://capseecenter.org",Center for Analysis of Postsecondary Education and Employment,NA
R305C110011,ED571649,Goodbye to Summer Vacation? The Effects of Summer Enrollment on College and Employment Outcomes. A CAPSEE Working Paper,"Liu, Vivian Yuen Ting",Reports - Research,2016,"Center for Analysis of Postsecondary Education and Employment. Teachers College, Columbia University, 525 West 120th Street Box 174, New York, NY 10027. Tel: 212.678.3091; e-mail: capsee@columbia.edu; Web site: http://capseecenter.org",Center for Analysis of Postsecondary Education and Employment,NA
R305C110011,ED573076,Estimating Returns to College Attainment: Comparing Survey and State Administrative Data Based Estimates. A CAPSEE Working Paper,"Scott-Clayton, Judith; Wen, Qiao",Reports - Research,2017,"Center for Analysis of Postsecondary Education and Employment. Teachers College, Columbia University, 525 West 120th Street Box 174, New York, NY 10027. Tel: 212.678.3091; e-mail: capsee@columbia.edu; Web site: http://capseecenter.org",Center for Analysis of Postsecondary Education and Employment,NA
R305C110011,ED573077,"Estimating Returns to College Attainment: Comparing Survey and State Administrative Data Based Estimates. Appendices A, B, C, D, and E. A CAPSEE Working Paper","Scott-Clayton, Judith; Wen, Qiao",Reports - Research,2017,"Center for Analysis of Postsecondary Education and Employment. Teachers College, Columbia University, 525 West 120th Street Box 174, New York, NY 10027. Tel: 212.678.3091; e-mail: capsee@columbia.edu; Web site: http://capseecenter.org",Center for Analysis of Postsecondary Education and Employment,NA
R305C110011,ED573078,Nonpecuniary Returns to Postsecondary Education: Examining Early Non-Wage Labor Market Outcomes among College-Goers in the United States. A CAPSEE Working Paper,"Schudde, Lauren",Reports - Research,2017,"Center for Analysis of Postsecondary Education and Employment. Teachers College, Columbia University, 525 West 120th Street Box 174, New York, NY 10027. Tel: 212.678.3091; e-mail: capsee@columbia.edu; Web site: http://capseecenter.org",Center for Analysis of Postsecondary Education and Employment,NA
R305C110011,ED560960,The Labor Market Returns to Math in Community College: Evidence Using the Education Longitudinal Study of 2002. A CAPSEE Working Paper,"Belfield, Clive",Reports - Research,2015,"Center for Analysis of Postsecondary Education and Employment. Teachers College, Columbia University, 525 West 120th Street Box 174, New York, NY 10027. Tel: 212.678.3091; e-mail: capsee@columbia.edu; Web site: http://capseecenter.org",Center for Analysis of Postsecondary Education and Employment,NA
R305C110011,ED562519,Weathering the Great Recession with Human Capital? Evidence on Labor Market Returns to Education from Arkansas. A CAPSEE Working Paper,"Belfield, Clive","Reports - Research,Numerical/Quantitative Data",2015,"Center for Analysis of Postsecondary Education and Employment. Teachers College, Columbia University, 525 West 120th Street Box 174, New York, NY 10027. Tel: 212.678.3091; e-mail: capsee@columbia.edu; Web site: http://capseecenter.org",Center for Analysis of Postsecondary Education and Employment,NA
R305C110011,ED571788,The Fixed-Effects Model in Returns to Schooling and Its Application to Community Colleges: A Methodological Note,"Dynarski, Susan; Jacob, Brian; Kreisman, Daniel",Reports - Research,2016,"Center for Analysis of Postsecondary Education and Employment. Teachers College, Columbia University, 525 West 120th Street Box 174, New York, NY 10027. Tel: 212.678.3091; e-mail: capsee@columbia.edu; Web site: http://capseecenter.org",Center for Analysis of Postsecondary Education and Employment,NA
R305C110011,ED571789,Returns to Vocational Credentials: Evidence from Ohio's Community and Technical Colleges. A CAPSEE Working Paper,"Bettinger, Eric; Soliz, Adela",Reports - Research,2016,"Center for Analysis of Postsecondary Education and Employment. Teachers College, Columbia University, 525 West 120th Street Box 174, New York, NY 10027. Tel: 212.678.3091; e-mail: capsee@columbia.edu; Web site: http://capseecenter.org",Center for Analysis of Postsecondary Education and Employment,NA
R305C110011,ED566398,Does College Focus Matter? Explaining Differences in Performance among Community Colleges in North Carolina: A CAPSEE Working Paper,"Dunn, Michael; Kalleberg, Arne L.","Numerical/Quantitative Data,Reports - Research",2016,"Center for Analysis of Postsecondary Education and Employment. Teachers College, Columbia University, 525 West 120th Street Box 174, New York, NY 10027. Tel: 212.678.3091; e-mail: capsee@columbia.edu; Web site: http://capseecenter.org",Center for Analysis of Postsecondary Education and Employment,NA
R305C110011,ED566399,Do Students Benefit from Going Backward? The Academic and Labor Market Consequences of Four- to Two-Year College Transfer: A CAPSEE Working Paper,"Liu, Vivian Yuen Ting","Numerical/Quantitative Data,Reports - Research",2016,"Center for Analysis of Postsecondary Education and Employment. Teachers College, Columbia University, 525 West 120th Street Box 174, New York, NY 10027. Tel: 212.678.3091; e-mail: capsee@columbia.edu; Web site: http://capseecenter.org",Center for Analysis of Postsecondary Education and Employment,NA
R305C110011,ED566401,How and Why Does Two-Year College Entry Influence Baccalaureate Aspirants' Academic and Labor Market Outcomes? A CAPSEE Working Paper,"Xu, Di; Jaggars, Shanna Smith; Fletcher, Jeffrey","Numerical/Quantitative Data,Reports - Research",2016,"Center for Analysis of Postsecondary Education and Employment. Teachers College, Columbia University, 525 West 120th Street Box 174, New York, NY 10027. Tel: 212.678.3091; e-mail: capsee@columbia.edu; Web site: http://capseecenter.org",Center for Analysis of Postsecondary Education and Employment,NA
R305C110011,ED592813,Credential Production by Field and Labor Market Alignment at Minority-Serving Institutions: A Descriptive Analysis. A CAPSEE Working Paper,"Edgecombe, Nikki; Sanders, Jasmine M.",Reports - Evaluative,2018,"Center for Analysis of Postsecondary Education and Employment. Teachers College, Columbia University, 525 West 120th Street Box 174, New York, NY 10027. Tel: 212.678.3091; e-mail: capsee@columbia.edu; Web site: http://capseecenter.org",Center for Analysis of Postsecondary Education and Employment,NA
R305C110011,ED574790,Classifying STEM Programs in Community Colleges to Develop a State-Level Middle-Skill STEM Workforce Strategy. A CAPSEE Working Paper,"Lundy-Wagner, Valeria; Chan, Eric W.",Reports - Research,2016,"Center for Analysis of Postsecondary Education and Employment. Teachers College, Columbia University, 525 West 120th Street Box 174, New York, NY 10027. Tel: 212.678.3091; e-mail: capsee@columbia.edu; Web site: http://capseecenter.org",Center for Analysis of Postsecondary Education and Employment,NA
R305C110011,ED574791,Performance Standards in Need-Based Student Aid. A CAPSEE Working Paper,"Scott-Clayton, Judith; Schudde, Lauren",Reports - Research,2016,"Center for Analysis of Postsecondary Education and Employment. Teachers College, Columbia University, 525 West 120th Street Box 174, New York, NY 10027. Tel: 212.678.3091; e-mail: capsee@columbia.edu; Web site: http://capseecenter.org",Center for Analysis of Postsecondary Education and Employment,NA
R305C110011,ED574792,Does the Federal Work-Study Program Really Work--And for Whom? Research Brief,"Scott-Clayton, Judith; Zhou, Rachel Yang",Reports - Research,2017,"Center for Analysis of Postsecondary Education and Employment. Teachers College, Columbia University, 525 West 120th Street Box 174, New York, NY 10027. Tel: 212.678.3091; e-mail: capsee@columbia.edu; Web site: http://capseecenter.org",Center for Analysis of Postsecondary Education and Employment,NA
R305C110011,ED574804,The Labor Market Returns to Sub-Baccalaureate College: A Review. A CAPSEE Working Paper,"Belfield, Clive; Bailey, Thomas",Reports - Research,2017,"Center for Analysis of Postsecondary Education and Employment. Teachers College, Columbia University, 525 West 120th Street Box 174, New York, NY 10027. Tel: 212.678.3091; e-mail: capsee@columbia.edu; Web site: http://capseecenter.org",Center for Analysis of Postsecondary Education and Employment,NA
R305C110011,ED574807,Does It Pay to Complete Community College--and How Much? Research Brief,"Belfield, Clive; Bailey, Thomas",Reports - Research,2017,"Center for Analysis of Postsecondary Education and Employment. Teachers College, Columbia University, 525 West 120th Street Box 174, New York, NY 10027. Tel: 212.678.3091; e-mail: capsee@columbia.edu; Web site: http://capseecenter.org",Center for Analysis of Postsecondary Education and Employment,NA
R305C110011,ED574809,The Earnings of Community College Graduates in California. A CAPSEE Working Paper,"Bahr, Peter Riley",Reports - Research,2016,"Center for Analysis of Postsecondary Education and Employment. Teachers College, Columbia University, 525 West 120th Street Box 174, New York, NY 10027. Tel: 212.678.3091; e-mail: capsee@columbia.edu; Web site: http://capseecenter.org",Center for Analysis of Postsecondary Education and Employment,NA
R305C110011,ED574810,"Performance Requirements in Need-Based Aid: What Roles Do They Serve, and Do They Work? Research Brief","Scott-Clayton, Judith; Schudde, Lauren",Reports - Research,2017,"Center for Analysis of Postsecondary Education and Employment. Teachers College, Columbia University, 525 West 120th Street Box 174, New York, NY 10027. Tel: 212.678.3091; e-mail: capsee@columbia.edu; Web site: http://capseecenter.org",Center for Analysis of Postsecondary Education and Employment,NA
R305C110011,ED574811,The Labor Market Returns to a Community College Education for Non-Competing Students. A CAPSEE Working Paper,"Bahr, Peter Riley",Reports - Research,2016,"Center for Analysis of Postsecondary Education and Employment. Teachers College, Columbia University, 525 West 120th Street Box 174, New York, NY 10027. Tel: 212.678.3091; e-mail: capsee@columbia.edu; Web site: http://capseecenter.org",Center for Analysis of Postsecondary Education and Employment,NA
R305C110011,ED574812,How and Why Do Adjunct Instructors Affect Students' Academic Outcomes? Evidence from Two-Year and Four-Year Colleges. A CAPSEE Working Paper,"Ran, Florence Xiaotao; Xu, Di",Reports - Research,2017,"Center for Analysis of Postsecondary Education and Employment. Teachers College, Columbia University, 525 West 120th Street Box 174, New York, NY 10027. Tel: 212.678.3091; e-mail: capsee@columbia.edu; Web site: http://capseecenter.org",Center for Analysis of Postsecondary Education and Employment,NA
R305C110011,ED574818,"The Impact of Pell Grant Eligibility on Community College Students' Financial Aid Packages, Labor Supply, and Academic Outcomes. A CAPSEE Working Paper","Park, Rina Seung Eun; Scott-Clayton, Judith","Reports - Research,Non-Print Media",2017,"Center for Analysis of Postsecondary Education and Employment. Teachers College, Columbia University, 525 West 120th Street Box 174, New York, NY 10027. Tel: 212.678.3091; e-mail: capsee@columbia.edu; Web site: http://capseecenter.org",Center for Analysis of Postsecondary Education and Employment,NA
R305C110011,ED574820,"The Impact of Pell Grant Eligibility on Community College Students' Financial Aid Packages, Labor Supply, and Academic Outcomes. Appendices A, B, C, D, E, and F. A CAPSEE Working Paper","Park, Rina Seung Eun; Scott-Clayton, Judith","Reports - Research,Numerical/Quantitative Data",2017,"Center for Analysis of Postsecondary Education and Employment. Teachers College, Columbia University, 525 West 120th Street Box 174, New York, NY 10027. Tel: 212.678.3091; e-mail: capsee@columbia.edu; Web site: http://capseecenter.org",Center for Analysis of Postsecondary Education and Employment,NA
R305C110011,ED671513,The Disciplinary Differences in the Characteristics and Effects of Non-Tenure-Track Faculty. EdWorkingPaper No. 20-331,Di Xu; Florence Xiaotao Ran,Reports - Research,2020,"Annenberg Institute for School Reform at Brown University. Brown University Box 1985, Providence, RI 02912. Tel: 401-863-7990; Fax: 401-863-1290; e-mail: annenberg@brown.edu; Web site: https://annenberg.brown.edu/",Annenberg Institute for School Reform at Brown University,NA
R305C120001,EJ1342994,Integrating SARA Assessment with Reading Comprehension Training in Auto Tutor,"Smith, E. Halle; Hollander, John; Graesser, Art C.; Sabatini, John; Hu, Xiangen","Journal Articles,Reports - Descriptive",2021,"Korea Association of Teachers of English. 6105 English Education Department, Chinju National University of Education, 369beon-gil 3, Jinyangho-ro, Jinju, Gyeongsangnam-do, 52673, Republic of Korea. Tel: +82-42-629-7381; Fax: +82-42-629-7320; e-mail: katejournal29@gmail.com; Web site: http://journal.kate.or.kr/",English Teaching,NA
R305C120001,EJ1304805,Reflections from Teaching Basic Adult Literacy,"Einarson, Inga; Miller, Christine; Rodgerson, Devi; Lacerenza, Lea; Lovett, Maureen W.; Greenberg, Daphne","Journal Articles,Reports - Research",2021,"ProLiteracy. 101 Wyoming Street, Syracuse, NY 13204. Tel: 888-528-2224; Tel: 315-214-2400; Fax: 315-422-6369; e-mail: info@proliteracy.org; Web site: https://proliteracy.org/",Adult Literacy Education,NA
R305C120001,EJ1376146,An Intelligent Tutoring System for Improving Adult Literacy Skills in Digital Environments,"Hollander, John; Sabatini, John; Graesser, Art","Journal Articles,Reports - Descriptive",2021,"Coalition on Adult Basic Education. PO Box 1820 Cicero, NY 13039. Tel: 888-442-6223; e-mail: journal@coabe.org; Web site: https://coabe.org/coabe-journal/",COABE Journal: The Resource for Adult Education,https://coabe-connects.myshopify.com/collections/technology-and-adult-learning-digital-literacy-for-all/products/article-06-an-intelligent-tutoring-system-for-improving-adult-literacy-skills-in-digital-environments
R305C120001,EJ1389896,An Intelligent Tutoring System for Adult Literacy Learners: Lessons for Practitioners,"Greenberg, Daphne; Miller, Christine; Graesser, Arthur C.","Journal Articles,Reports - Evaluative",2023,"ProLiteracy. 101 Wyoming Street, Syracuse, NY 13204. Tel: 888-528-2224; Tel: 315-214-2400; Fax: 315-422-6369; e-mail: info@proliteracy.org; Web site: https://proliteracy.org/",Adult Literacy Education,NA
R305C120001,ED588053,The Role of Peer Agent's Learning Competency in a Trialogue-Based Reading Intelligent System,"Li, Haiying; Chen, Qinyu; Yu, Qiong; Graesser, Arthur C.","Speeches/Meeting Papers,Reports - Research",2015,NA,Grantee Submission,NA
R305C120001,ED588054,Disengagement Detection within an Intelligent Tutoring System,"Chen, Su; Lippert, Anne; Shi, Genghu; Fang, Ying; Graesser, Arthur C.","Speeches/Meeting Papers,Reports - Research",2018,NA,Grantee Submission,NA
R305C120001,ED588060,Epistemic Network Analysis and Topic Modeling for Chat Data from Collaborative Learning Environment,"Cai, Zhiqiang; Pennebaker, James W.; Eagan, Brendan; Shaffer, David W.; Dowell, Nia M.; Graesser, Arthur C.","Reports - Research,Speeches/Meeting Papers",2017,NA,Grantee Submission,NA
R305C120001,ED588061,Using an Additive Factor Model and Performance Factor Analysis to Assess Learning Gains in a Tutoring System to Help Adults with Reading Difficulties,"Shi, Genghu; Pavlik, Philip, Jr.; Graesser, Arthur","Speeches/Meeting Papers,Reports - Research",2017,NA,Grantee Submission,NA
R305C120001,ED588062,Clustering the Learning Patterns of Adults with Low Literacy Skills Interacting with an Intelligent Tutoring System,"Fang, Ying; Shubeck, Keith; Lippert, Anne; Chen, Qinyu; Shi, Genghu; Feng, Shi; Gatewood, Jessica; Chen, Su; Cai, Zhiqiang; Pavlik, Philip; Frijters, Jan; Greenberg, Daphne; Graesser, Arthur","Speeches/Meeting Papers,Reports - Research",2018,NA,Grantee Submission,NA
R305C120001,ED588068,Diagnosing Reading Deficiencies of Adults with Low Literacy Skills in an Intelligent Tutoring System,"Shi, Genghu; Hampton, Andrew J.; Chen, Su; Fang, Ying; Graesser, Arthur C.","Speeches/Meeting Papers,Reports - Research",2018,NA,Grantee Submission,NA
R305C120001,ED588100,"Emotional, Epistemic, and Neutral Feedback in AutoTutor Trialogues to Improve Reading Comprehension","Feng, Shi; Stewart, Janay; Clewley, Danielle; Graesser, Arthur C.","Reports - Research,Speeches/Meeting Papers",2015,NA,Grantee Submission,NA
R305C120001,ED586945,Two Heads May Be Better than One: Learning from Computer Agents in Conversational Trialogues,"Graesser, Arthur C.; Forsyth, Carol M.; Lehman, Blair A.","Journal Articles,Reports - Research",2017,NA,Grantee Submission,NA
R305C120001,ED586984,Scaffolding Made Visible,"Olney, Andrew M.",Reports - Evaluative,2014,NA,Grantee Submission,NA
R305C120001,ED560881,Breaking off Engagement: Readers' Disengagement as a Function of Reader and Text Characteristics,"Goedecke, Patricia J.; Dong, Daqi; Shi, Genghu; Feng, Shi; Risko, Evan; Olney, Andrew M.; D'Mello, Sidney K.; Graesser, Arthur C.","Speeches/Meeting Papers,Reports - Research",2015,International Educational Data Mining Society. e-mail: admin@educationaldatamining.org; Web site: http://www.educationaldatamining.org,International Educational Data Mining Society,NA
R305C120001,ED572660,Selecting Fluency Assessments for Adult Learners,"Nightingale, Elena; Greenberg, Daphne; Branum-Martin, Lee",Reports - Research,2016,NA,Grantee Submission,http://www.coabe.org/journal
R305C120001,ED618419,Using AutoTutor to Track Performance and Engagement in a Reading Comprehension Intervention for Adult Literacy Students,"Graesser, Arthur C.; Greenberg, Daphne; Frijters, Jan C.; Talwar, Amani",Reports - Research,2021,NA,Grantee Submission,http://www.revistasignos.cl/index.php/signos/article/view/776/402
R305C120001,ED617714,Attention in Educational Contexts: The Role of the Learning Task in Guiding Attention,"Olney, Andrew M.; Risko, Evan F.; D'Mello, Sidney K.; Graesser, Arthur C.",Reports - Research,2015,NA,Grantee Submission,NA
R305C120001,ED617752,Authoring Intelligent Tutoring Systems Using Human Computation: Designing for Intrinsic Motivation,"Olney, Andrew M.; Cade, Whitney L.",Reports - Descriptive,2015,NA,Grantee Submission,NA
R305C120001,ED616925,An Intelligent Tutoring System for Improving Adult Literacy Skills in Digital Environments,"Hollander, John; Sabatini, John; Graesser, Art",Reports - Research,2021,NA,Grantee Submission,https://coabe-connects.myshopify.com/products/article-06-an-intelligent-tutoring-system-for-improving-adult-literacy-skills-in-digital-environments
R305C120001,ED596349,Can Word Probabilities from LDA Be Simply Added up to Represent Documents?,"Cai, Zhiqiang; Li, Hiyiang; Hu, Xiangen; Graesser, Art","Speeches/Meeting Papers,Reports - Evaluative",2016,NA,Grantee Submission,NA
R305C120001,ED596350,Assessing Computer Literacy of Adults with Low Literacy Skills,"Olney, Andrew M.; Bakhtiari, Dariush; Greenberg, Daphne; Graesser, Art","Speeches/Meeting Papers,Reports - Research",2017,NA,Grantee Submission,NA
R305C120001,ED596351,Tracking Online Reading of College Students,"Olney, Andrew M.; Hosman, Eric; Graesser, Art; D'Mello, Sidney K.","Speeches/Meeting Papers,Reports - Research",2017,NA,Grantee Submission,NA
R305C120001,ED596352,The Reading Ability of College Freshmen,"Olney, Andrew M.; Walker, Breya; Davis, Raven N.; Graesser, Art","Speeches/Meeting Papers,Reports - Research",2017,NA,Grantee Submission,NA
R305C120001,ED596362,Improving Reading Comprehension with Automatically Generated Cloze Item Practice,"Olney, Andrew M.; Pavlik, Philip I., Jr.; Maass, Jaclyn K.","Speeches/Meeting Papers,Reports - Research",2017,NA,Grantee Submission,NA
R305C120001,ED596577,Assessing Computer Literacy of Adults with Low Literacy Skills,"Olney, Andrew M.; Bakhtiari, Dariush; Greenberg, Daphne; Graesser, Art","Speeches/Meeting Papers,Reports - Research",2017,International Educational Data Mining Society. e-mail: admin@educationaldatamining.org; Web site: http://www.educationaldatamining.org,International Educational Data Mining Society,NA
R305C120001,ED596584,Epistemic Network Analysis and Topic Modeling for Chat Data from Collaborative Learning Environment,"Cai, Zhiqiang; Eagan, Brendan; Dowell, Nia M.; Pennebaker, James W.; Shaffer, David W.; Graesser, Arthur C.","Speeches/Meeting Papers,Reports - Research",2017,International Educational Data Mining Society. e-mail: admin@educationaldatamining.org; Web site: http://www.educationaldatamining.org,International Educational Data Mining Society,NA
R305C120001,ED593217,Clustering the Learning Patterns of Adults with Low Literacy Skills Interacting with an Intelligent Tutoring System,"Fang, Ying; Shubeck, Keith; Lippert, Anne; Cheng, Qinyu; Shi, Genghu; Feng, Shi; Gatewood, Jessica; Chen, Su; Cai, Zhiqiang; Pavlik, Philip; Frijters, Jan; Greenberg, Daphne; Graesser, Arthur","Speeches/Meeting Papers,Reports - Research",2018,International Educational Data Mining Society. e-mail: admin@educationaldatamining.org; Web site: http://www.educationaldatamining.org,International Educational Data Mining Society,NA
R305C120001,ED592713,How Good Is Popularity? Summary Grading in Crowdsourcing,"Li, Haiying; Cai, Zhiqiang; Graesser, Arthur","Speeches/Meeting Papers,Reports - Research",2016,International Educational Data Mining Society. e-mail: admin@educationaldatamining.org; Web site: http://www.educationaldatamining.org,International Educational Data Mining Society,NA
R305C120001,ED602400,Automated Evaluation of Text and Discourse with Coh-Metrix,"McNamara, Danielle S.; Graesser, Arthur C.; McCarthy, Philip M.; Cai, Zhiqiang","Books,Reports - Descriptive",2014,"Cambridge University Press. 32 Avenue of the Americas, New York, NY 10013. Tel: 845-353-7500; Fax: 845-353-4141; e-mail: customer_service@cambridge.org; Web site: https://www.cambridge.org",Cambridge University Press,https://www.cambridge.org/us/academic/subjects/psychology/educational-psychology/automated-evaluation-text-and-discourse-coh-metrix?format=HB&isbn=9780521192927
R305C120001,ED675631,Using Survival Analysis to Identify the Factors That Mitigate Attrition among Adult Learners with Low Literacy Skills in an ITS-Based Literacy Program,Genghu Shi; Shun Peng; Daphne Greenberg; Jan Frijters; Arthur C. Graesser,"Speeches/Meeting Papers,Reports - Research",2025,International Educational Data Mining Society. e-mail: admin@educationaldatamining.org; Web site: https://educationaldatamining.org/conferences/,International Educational Data Mining Society,NA
R305C120001,EJ1497607,The Intersection of Reading and Speaking Difficulties: Current Knowledge and Recommendations for Supporting Adult Literacy Learners Who Stutter,Ai Leen Choo; Daphne Greenberg; Amani Talwar; Hongli Li,"Journal Articles,Reports - Research",2026,"ProLiteracy. 101 Wyoming Street, Syracuse, NY 13204. Tel: 888-528-2224; Tel: 315-214-2400; Fax: 315-422-6369; e-mail: info@proliteracy.org; Web site: https://proliteracy.org/",Adult Literacy Education,NA
R305C120008,ED558094,"It's Selective, but Is It Effective? Exploring the Predictive Validity of Teacher Selection Tools. CEDR Brief. Policy Brief No. 2014-­9","Goldhaber, Dan; Grout, Cyrus; Huntington-Klein, Nick",Reports - Research,2014,"Center for Education Data & Research. 3876 Bridge Way North Suite 201, Seattle, WA 98103. Tel: 206-547-5585; Fax: 206-547-1641; e-mail: cedr@uw.edu; Web site: http://www.cedr.us",Center for Education Data & Research,http://www.cedr.us/papers/working/CEDR%20Policy%20Brief%202014-9.pdf
R305C120008,ED553414,A Closer Look at the Student Achievement Trends in the District of Columbia between 2006-07 and 2012-13. CALDER Working Paper No. 119,"Özek, Umut",Reports - Evaluative,2014,"National Center for Analysis of Longitudinal Data in Education Research. American Institutes for Research, 1000 Thomas Jefferson Street NW, Washington, DC 20007. Tel: 202-403-5000; Fax: 202-403-5454; e-mail: inquiry@caldercenter.org; Web site: http://www.caldercenter.org",National Center for Analysis of Longitudinal Data in Education Research (CALDER),NA
R305C120008,ED553415,Combining Multiple Performance Measures: Do Common Approaches Undermine Districts' Personnel Evaluation Systems? CALDER Working Paper No. 118,"Hansen, Michael; Lemke, Mariann; Sorensen, Nicholas",Reports - Research,2014,"National Center for Analysis of Longitudinal Data in Education Research. American Institutes for Research, 1000 Thomas Jefferson Street NW, Washington, DC 20007. Tel: 202-403-5000; Fax: 202-403-5454; e-mail: inquiry@caldercenter.org; Web site: http://www.caldercenter.org",National Center for Analysis of Longitudinal Data in Education Research (CALDER),NA
R305C120008,ED553708,Finding Common Ground in Pension Reform: Lessons from the Washington State Pension System,"Goldhaber, Dan; Grout, Cyrus",Reports - Evaluative,2014,Bellwether Education Partners. e-mail: contactus@bellwethereducation.org; Web site: http://bellwethereducation.org,Bellwether Education Partners,NA
R305C120008,ED579797,"How Much of a ""Running Start"" Do Dual Enrollment Programs Provide Students? Working Paper 92","Cowan, James; Goldhaber, Dan",Reports - Research,2013,"National Center for Analysis of Longitudinal Data in Education Research. American Institutes for Research, 1000 Thomas Jefferson Street NW, Washington, DC 20007. Tel: 202-403-5000; Fax: 202-403-5454; e-mail: inquiry@caldercenter.org; Web site: http://www.",National Center for Analysis of Longitudinal Data in Education Research (CALDER),NA
R305C120008,ED587151,Raising the Bar for College Admission: North Carolina's Increase in Minimum Math Course Requirements. Working Paper 163,"Clotfelter, Charles; Hemelt, Steven; Ladd, Helen",Reports - Research,2016,"National Center for Analysis of Longitudinal Data in Education Research. American Institutes for Research, 1000 Thomas Jefferson Street NW, Washington, DC 20007. Tel: 202-403-5796; Fax: 202-403-6783; e-mail: info@caldercenter.org; Web site: https://caldercenter.org",National Center for Analysis of Longitudinal Data in Education Research (CALDER),NA
R305C120008,ED587160,The Compositional Effect of Rigorous Teacher Evaluation on Workforce Quality. Working Paper 168,"Cullen, Julie Berry; Koedel, Corry; Parsons, Eric",Reports - Research,2017,"National Center for Analysis of Longitudinal Data in Education Research. American Institutes for Research, 1000 Thomas Jefferson Street NW, Washington, DC 20007. Tel: 202-403-5796; Fax: 202-403-6783; e-mail: info@caldercenter.org; Web site: https://caldercenter.org",National Center for Analysis of Longitudinal Data in Education Research (CALDER),NA
R305C120008,ED587161,How Teachers Respond to Pension System Incentives: New Estimates and Policy Applications. Working Paper 147,"Ni, Shawn; Podgursky, Michael",Reports - Research,2015,"National Center for Analysis of Longitudinal Data in Education Research. American Institutes for Research, 1000 Thomas Jefferson Street NW, Washington, DC 20007. Tel: 202-403-5796; Fax: 202-403-6783; e-mail: info@caldercenter.org; Web site: https://caldercenter.org",National Center for Analysis of Longitudinal Data in Education Research (CALDER),NA
R305C120008,ED587162,"Do Master's Degrees Matter? Advanced Degrees, Career Paths, and the Effectiveness of Teachers. Working Paper 136","Ladd, Helen F.; Sorensen, Lucy C.",Reports - Research,2015,"National Center for Analysis of Longitudinal Data in Education Research. American Institutes for Research, 1000 Thomas Jefferson Street NW, Washington, DC 20007. Tel: 202-403-5796; Fax: 202-403-6783; e-mail: info@caldercenter.org; Web site: https://caldercenter.org",National Center for Analysis of Longitudinal Data in Education Research (CALDER),NA
R305C120008,ED587163,The Efficiency Implications of Using Proportional Evaluations to Shape the Teaching Workforce. Working Paper 106,"Koedel, Cory; Li, Jiaxi",Reports - Research,2014,"National Center for Analysis of Longitudinal Data in Education Research. American Institutes for Research, 1000 Thomas Jefferson Street NW, Washington, DC 20007. Tel: 202-403-5796; Fax: 202-403-6783; e-mail: info@caldercenter.org; Web site: https://caldercenter.org",National Center for Analysis of Longitudinal Data in Education Research (CALDER),NA
R305C120008,ED587165,Teach for America Impact Estimates on Nontested Student Outcomes. Working Paper 146,"Backes, Benjamin; Hansen, Michael",Reports - Research,2015,"National Center for Analysis of Longitudinal Data in Education Research. American Institutes for Research, 1000 Thomas Jefferson Street NW, Washington, DC 20007. Tel: 202-403-5796; Fax: 202-403-6783; e-mail: info@caldercenter.org; Web site: https://caldercenter.org",National Center for Analysis of Longitudinal Data in Education Research (CALDER),NA
R305C120008,ED587173,Examining Spillover Effects from Teach for America Corps Members in Miami-Dade County Public Schools. Working Paper 113,"Hansen, Michael; Backes, Benjamin; Brady, Victoria; Xu, Zeyu",Reports - Research,2015,"National Center for Analysis of Longitudinal Data in Education Research. American Institutes for Research, 1000 Thomas Jefferson Street NW, Washington, DC 20007. Tel: 202-403-5796; Fax: 202-403-6783; e-mail: info@caldercenter.org; Web site: https://caldercenter.org",National Center for Analysis of Longitudinal Data in Education Research (CALDER),NA
R305C120008,ED587174,Pensions and Late Career Teacher Retention. Working Paper 164,"Kim, Dongwoo; Koedel, Cory; Ni, Shawn; Podgursky, Michael; Wu, Weiwei",Reports - Evaluative,2017,"National Center for Analysis of Longitudinal Data in Education Research. American Institutes for Research, 1000 Thomas Jefferson Street NW, Washington, DC 20007. Tel: 202-403-5796; Fax: 202-403-6783; e-mail: info@caldercenter.org; Web site: https://caldercenter.org",National Center for Analysis of Longitudinal Data in Education Research (CALDER),NA
R305C120008,ED587180,Pension Structure and Employee Turnover: Evidence from a Large Public Pension System. Working Paper 142,"Goldhaber, Dan; Grout, Cyrus; Holden, Kris",Reports - Research,2015,"National Center for Analysis of Longitudinal Data in Education Research. American Institutes for Research, 1000 Thomas Jefferson Street NW, Washington, DC 20007. Tel: 202-403-5796; Fax: 202-403-6783; e-mail: info@caldercenter.org; Web site: https://caldercenter.org",National Center for Analysis of Longitudinal Data in Education Research (CALDER),NA
R305C120008,ED587183,"Teacher Turnover, Teacher Quality and Student Achievement in DCPS. Working Paper 153","Adnot, Melinda; Dee, Thomas; Katz, Veronica; Wyckoff, James",Reports - Research,2016,"National Center for Analysis of Longitudinal Data in Education Research. American Institutes for Research, 1000 Thomas Jefferson Street NW, Washington, DC 20007. Tel: 202-403-5796; Fax: 202-403-6783; e-mail: info@caldercenter.org; Web site: https://caldercenter.org",National Center for Analysis of Longitudinal Data in Education Research (CALDER),NA
R305C120008,ED587187,Learning That Lasts: Unpacking Variation in Teachers' Effects on Students' Long-Term Knowledge. Working Paper 104,"Master, Benjamin; Loeb, Susanna; Wyckoff, James",Reports - Research,2014,"National Center for Analysis of Longitudinal Data in Education Research. American Institutes for Research, 1000 Thomas Jefferson Street NW, Washington, DC 20007. Tel: 202-403-5796; Fax: 202-403-6783; e-mail: info@caldercenter.org; Web site: https://caldercenter.org",National Center for Analysis of Longitudinal Data in Education Research (CALDER),NA
R305C120008,ED587188,High Rates of Within-School Teacher Reassignments and Implications for Student Achievement. Working Paper 151,"Atteberry, Allison; Loeb, Susanna; Wyckoff, James",Reports - Research,2016,"National Center for Analysis of Longitudinal Data in Education Research. American Institutes for Research, 1000 Thomas Jefferson Street NW, Washington, DC 20007. Tel: 202-403-5796; Fax: 202-403-6783; e-mail: info@caldercenter.org; Web site: https://caldercenter.org",National Center for Analysis of Longitudinal Data in Education Research (CALDER),NA
R305C120008,ED587199,Are There Hidden Costs Associated with Conducting Layoffs? The Impact of RIFs and Layoffs on Teacher Effectiveness. Working Paper 140,"Strunk, Katharine O.; Goldhaber, Dan; Knight, David S.; Brown, Nate",Reports - Research,2018,"National Center for Analysis of Longitudinal Data in Education Research. American Institutes for Research, 1000 Thomas Jefferson Street NW, Washington, DC 20007. Tel: 202-403-5796; Fax: 202-403-6783; e-mail: info@caldercenter.org; Web site: https://caldercenter.org",National Center for Analysis of Longitudinal Data in Education Research (CALDER),NA
R305C120008,ED583097,School Turnaround in North Carolina: A Regression Discontinuity Analysis. Working Paper 156,"Heissel, Jennifer A.; Ladd, Helen F.","Reports - Research,Tests/Questionnaires",2016,"National Center for Analysis of Longitudinal Data in Education Research. American Institutes for Research, 1000 Thomas Jefferson Street NW, Washington, DC 20007. Tel: 202-403-5000; Fax: 202-403-5454; e-mail: inquiry@caldercenter.org; Web site: http://www.",National Center for Analysis of Longitudinal Data in Education Research (CALDER),NA
R305C120008,ED583615,High Schools and Students' Initial Colleges and Majors. Working Paper 165,"Darolia, Rajeev; Koedel, Cory",Reports - Research,2018,"National Center for Analysis of Longitudinal Data in Education Research. American Institutes for Research, 1000 Thomas Jefferson Street NW, Washington, DC 20007. Tel: 202-403-5000; Fax: 202-403-5454; e-mail: inquiry@caldercenter.org; Web site: https://caldercenter.org/",National Center for Analysis of Longitudinal Data in Education Research (CALDER),NA
R305C120008,ED574274,Evaluating Prospective Teachers: Testing the Predictive Validity of the edTPA. CEDR Working Paper. WP #2016-7,"Goldhaber, Dan; Cowan, James; Theobald, Roddy","Reports - Evaluative,Numerical/Quantitative Data",2016,"Center for Education Data & Research. 3876 Bridge Way North Suite 201, Seattle, WA 98103. Tel: 206-547-5585; Fax: 206-547-1641; e-mail: cedr@uw.edu; Web site: http://www.cedr.us",Center for Education Data & Research,http://www.cedr.us/papers/working/CEDR%20WP%202016-7.pdf
R305C120008,ED574279,What's in a Teacher Test? Assessing the Relationship between Teacher Licensure Test Scores and Student STEM Achievement and Course-Taking. CEDR Working Paper. WP #2016-11,"Goldhaber, Dan; Gratz, Trevor; Theobald, Roddy",Reports - Research,2016,"Center for Education Data & Research. 3876 Bridge Way North Suite 201, Seattle, WA 98103. Tel: 206-547-5585; Fax: 206-547-1641; e-mail: cedr@uw.edu; Web site: http://www.cedr.us",Center for Education Data & Research,http://www.cedr.us/papers/working/CEDR%20WP%202016-11.pdf
R305C120008,ED574281,Has It Always Been This Way? Tracing the Evolution of Teacher Quality Gaps in U.S. Public Schools. CEDR Working Paper. WP #2016-8,"Goldhaber, Dan; Quince, Vanessa; Theobald, Roddy","Numerical/Quantitative Data,Reports - Research",2016,"Center for Education Data & Research. 3876 Bridge Way North Suite 201, Seattle, WA 98103. Tel: 206-547-5585; Fax: 206-547-1641; e-mail: cedr@uw.edu; Web site: http://www.cedr.us",Center for Education Data & Research,http://www.cedr.us/papers/working/CEDR%20WP%202016-8.pdf
R305C120008,ED574282,Cross-State Mobility of the Teacher Workforce: A Descriptive Portrait. CEDR Working Paper. WP #2015-5,"Goldhaber, Dan; Grout, Cyrus; Holden, Kristian; Brown, Nate",Reports - Research,2015,"Center for Education Data & Research. 3876 Bridge Way North Suite 201, Seattle, WA 98103. Tel: 206-547-5585; Fax: 206-547-1641; e-mail: cedr@uw.edu; Web site: http://www.cedr.us",Center for Education Data & Research,http://www.cedr.us/papers/working/CEDR%20WP%202015-5.pdf
R305C120008,ED574283,Evaluating Prospective Teachers: Testing the Predictive Validity of the edTPA. CEDR Working Paper. WP #2016-2.2,"Goldhaber, Dan; Cowan, James; Theobald, Roddy",Reports - Research,2016,"Center for Education Data & Research. 3876 Bridge Way North Suite 201, Seattle, WA 98103. Tel: 206-547-5585; Fax: 206-547-1641; e-mail: cedr@uw.edu; Web site: http://www.cedr.us",Center for Education Data & Research,http://www.cedr.us/papers/working/CEDR%20WP%202016-2.2.pdf
R305C120008,ED574285,Public Pension Reform and Teacher Turnover: Evidence from Washington State. CEDR Policy Brief. WP #2015-8,"Goldhaber, Dan; Grout, Cyrus; Holden, Kristian",Reports - Research,2015,"Center for Education Data & Research. 3876 Bridge Way North Suite 201, Seattle, WA 98103. Tel: 206-547-5585; Fax: 206-547-1641; e-mail: cedr@uw.edu; Web site: http://www.cedr.us",Center for Education Data & Research,http://www.cedr.us/papers/working/CEDR%20WP%202015-8.pdf
R305C120008,ED574287,Improving Teacher Selection: The Effect of Inter-Rater Reliability in the Screening Process. CEDR Working Paper. WP #2015-7,"Martinkova, Patricia; Goldhaber, Dan","Reports - Research,Numerical/Quantitative Data",2015,"Center for Education Data & Research. 3876 Bridge Way North Suite 201, Seattle, WA 98103. Tel: 206-547-5585; Fax: 206-547-1641; e-mail: cedr@uw.edu; Web site: http://www.cedr.us",Center for Education Data & Research,http://www.cedr.us/papers/working/CEDR%20WP%202015-7.pdf
R305C120008,ED574289,Reconciling Different Estimates of Teacher Quality Gaps Based on Value Added. CEDR Policy Brief. PB #2016-9,"Goldhaber, Dan; Quince, Vanessa; Theobald, Roddy",Reports - Research,2016,"Center for Education Data & Research. 3876 Bridge Way North Suite 201, Seattle, WA 98103. Tel: 206-547-5585; Fax: 206-547-1641; e-mail: cedr@uw.edu; Web site: http://www.cedr.us",Center for Education Data & Research,http://www.cedr.us/papers/working/CEDR%20PB%202016-9.pdf
R305C120008,ED574304,What's in a Teacher Test? Assessing the Relationship between Teacher Test Scores and Student Secondary STEM Achievement. CEDR Working Paper. WP #2016-4,"Goldhaber, Dan; Gratz, Trevor; Theobald, Roddy","Reports - Research,Numerical/Quantitative Data",2016,"Center for Education Data & Research. 3876 Bridge Way North Suite 201, Seattle, WA 98103. Tel: 206-547-5585; Fax: 206-547-1641; e-mail: cedr@uw.edu; Web site: http://www.cedr.us",Center for Education Data & Research,http://www.cedr.us/papers/working/CEDR%20WP%202016-4.pdf
R305C120008,ED572934,Building Better Bridges to Life after High School: Experimental Evidence on Contemporary Career Academies. Working Paper 176,"Hemelt, Steven W.; Lenard, Matthew A.; Paeplow, Colleen G.",Reports - Research,2017,"National Center for Analysis of Longitudinal Data in Education Research. American Institutes for Research, 1000 Thomas Jefferson Street NW, Washington, DC 20007. Tel: 202-403-5000; Fax: 202-403-5454; e-mail: inquiry@caldercenter.org; Web site: http://www.caldercenter.org",National Center for Analysis of Longitudinal Data in Education Research (CALDER),NA
R305C120008,ED573189,Has It Always Been This Way? Tracing the Evolution of Teacher Quality Gaps in U.S. Public Schools. Working Paper 171,"Goldhaber, Dan; Quince, Vanessa; Theobald, Roddy",Reports - Research,2016,"National Center for Analysis of Longitudinal Data in Education Research. American Institutes for Research, 1000 Thomas Jefferson Street NW, Washington, DC 20007. Tel: 202-403-5000; Fax: 202-403-5454; e-mail: inquiry@caldercenter.org; Web site: http://www.caldercenter.org",National Center for Analysis of Longitudinal Data in Education Research (CALDER),NA
R305C120008,ED573191,Teaching Assistants and Nonteaching Staff: Do They Improve Student Outcomes? Working Paper 169,"Clotfelter, Charles T.; Hemelt, Steven W.; Ladd, Helen F.",Reports - Research,2016,"National Center for Analysis of Longitudinal Data in Education Research. American Institutes for Research, 1000 Thomas Jefferson Street NW, Washington, DC 20007. Tel: 202-403-5000; Fax: 202-403-5454; e-mail: inquiry@caldercenter.org; Web site: http://www.caldercenter.org",National Center for Analysis of Longitudinal Data in Education Research (CALDER),NA
R305C120008,ED573244,How High Schools Explain Students' Initial Colleges and Majors. Working Paper 165,"Darolia, Rajeev; Koedel, Cory",Reports - Research,2017,"National Center for Analysis of Longitudinal Data in Education Research. American Institutes for Research, 1000 Thomas Jefferson Street NW, Washington, DC 20007. Tel: 202-403-5000; Fax: 202-403-5454; e-mail: inquiry@caldercenter.org; Web site: http://www.caldercenter.org",National Center for Analysis of Longitudinal Data in Education Research (CALDER),NA
R305C120008,ED573245,What's in a Teacher Test? Assessing the Relationship between Teacher Licensure Test Scores and Student STEM Achievement and Course-Taking. Working Paper 158,"Goldhaber, Dan; Gratz, Trevor; Theobald, Roddy",Reports - Research,2016,"National Center for Analysis of Longitudinal Data in Education Research. American Institutes for Research, 1000 Thomas Jefferson Street NW, Washington, DC 20007. Tel: 202-403-5000; Fax: 202-403-5454; e-mail: inquiry@caldercenter.org; Web site: http://www.caldercenter.org",National Center for Analysis of Longitudinal Data in Education Research (CALDER),NA
R305C120008,ED560672,Impact of North Carolina's Early Childhood Initiatives on Special Education Placements in Third Grade. Working Paper 121,"Muschkin, Clara G.; Ladd, Helen F.; Dodge, Kenneth A.",Reports - Research,2015,"National Center for Analysis of Longitudinal Data in Education Research. American Institutes for Research, 1000 Thomas Jefferson Street NW, Washington, DC 20007. Tel: 202-403-5000; Fax: 202-403-5454; e-mail: inquiry@caldercenter.org; Web site: http://www.caldercenter.org",National Center for Analysis of Longitudinal Data in Education Research (CALDER),NA
R305C120008,ED560673,"Screen Twice, Cut Once: Assessing the Predictive Validity of Teacher Selection Tools. Working Paper 120","Goldhaber, Dan; Grout, Cyrus; Huntington-Klein, Nick",Reports - Research,2014,"National Center for Analysis of Longitudinal Data in Education Research. American Institutes for Research, 1000 Thomas Jefferson Street NW, Washington, DC 20007. Tel: 202-403-5000; Fax: 202-403-5454; e-mail: inquiry@caldercenter.org; Web site: http://www.caldercenter.org",National Center for Analysis of Longitudinal Data in Education Research (CALDER),NA
R305C120008,ED560678,Accountability Pressure and Non-Achievement Student Behaviors. Working Paper 122,"Holbein, John B.; Ladd, Helen F.",Reports - Evaluative,2015,"National Center for Analysis of Longitudinal Data in Education Research. American Institutes for Research, 1000 Thomas Jefferson Street NW, Washington, DC 20007. Tel: 202-403-5000; Fax: 202-403-5454; e-mail: inquiry@caldercenter.org; Web site: http://www.caldercenter.org",National Center for Analysis of Longitudinal Data in Education Research (CALDER),NA
R305C120008,ED560682,Pension Enhancements and the Retention of Public Employees: Evidence from Teaching. Working Paper 123,"Koedel, Cory; Xiang, P. Brett",Reports - Research,2015,"National Center for Analysis of Longitudinal Data in Education Research. American Institutes for Research, 1000 Thomas Jefferson Street NW, Washington, DC 20007. Tel: 202-403-5000; Fax: 202-403-5454; e-mail: inquiry@caldercenter.org; Web site: http://www.caldercenter.org",National Center for Analysis of Longitudinal Data in Education Research (CALDER),NA
R305C120008,ED571812,Dynamic Effects of Teacher Turnover on the Quality of Instruction. Working Paper 170,"Hanushek, Eric A.; Rivkin, Steven G.; Schiman, Jeffrey C.",Reports - Research,2016,"National Center for Analysis of Longitudinal Data in Education Research. American Institutes for Research, 1000 Thomas Jefferson Street NW, Washington, DC 20007. Tel: 202-403-5000; Fax: 202-403-5454; e-mail: inquiry@caldercenter.org; Web site: http://www.caldercenter.org",National Center for Analysis of Longitudinal Data in Education Research (CALDER),NA
R305C120008,ED571814,The Compositional Effect of Rigorous Teacher Evaluation on Workforce Quality. Working Paper 168,"Cullen, Julie Berry; Koedel, Cory; Parsons, Eric",Reports - Research,2016,"National Center for Analysis of Longitudinal Data in Education Research. American Institutes for Research, 1000 Thomas Jefferson Street NW, Washington, DC 20007. Tel: 202-403-5000; Fax: 202-403-5454; e-mail: inquiry@caldercenter.org; Web site: http://www.caldercenter.org",National Center for Analysis of Longitudinal Data in Education Research (CALDER),NA
R305C120008,ED618132,"Incentives, Selection, and Teacher Performance: Evidence from IMPACT. Working Paper 102","Dee, Thomas S.; Wyckoff, James",Reports - Research,2013,"National Center for Analysis of Longitudinal Data in Education Research. American Institutes for Research, 1000 Thomas Jefferson Street NW, Washington, DC 20007. Tel: 202-403-5796; Fax: 202-403-6783; e-mail: info@caldercenter.org; Web site: https://caldercenter.org",National Center for Analysis of Longitudinal Data in Education Research (CALDER),NA
R305C120008,ED618133,Teacher Attrition and Mobility during the Teach for America Clustering Strategy in Miami-Dade County Public Schools. Working Paper 139,"Hansen, Michael; Backes, Ben; Brady, Victoria",Reports - Research,2015,"National Center for Analysis of Longitudinal Data in Education Research. American Institutes for Research, 1000 Thomas Jefferson Street NW, Washington, DC 20007. Tel: 202-403-5796; Fax: 202-403-6783; e-mail: info@caldercenter.org; Web site: https://caldercenter.org",National Center for Analysis of Longitudinal Data in Education Research (CALDER),NA
R305C120008,ED618134,The Common Core Conundrum: To What Extent Should We Worry That Changes to Assessments and Standards Will Affect Test-Based Measures of Teacher Performance? Working Paper 152,"Backes, Ben; Cowan, James; Goldhaber, Dan; Koedel, Cory; Miller, Luke; Xu, Zeyu",Reports - Research,2016,"National Center for Analysis of Longitudinal Data in Education Research. American Institutes for Research, 1000 Thomas Jefferson Street NW, Washington, DC 20007. Tel: 202-403-5796; Fax: 202-403-6783; e-mail: info@caldercenter.org; Web site: https://caldercenter.org",National Center for Analysis of Longitudinal Data in Education Research (CALDER),NA
R305C120008,ED618277,Algebra for 8th Graders: Evidence on Its Effects from 10 North Carolina Districts. Working Paper 87,"Clotfelter, Charles T.; Ladd, Helen F.; Vigdor, Jacob L.",Reports - Evaluative,2013,"National Center for Analysis of Longitudinal Data in Education Research. American Institutes for Research, 1000 Thomas Jefferson Street NW, Washington, DC 20007. Tel: 202-403-5796; Fax: 202-403-6783; e-mail: info@caldercenter.org; Web site: https://caldercenter.org",National Center for Analysis of Longitudinal Data in Education Research (CALDER),NA
R305C120008,ED618278,Returns to Teaching Experience: Student Achievement and Motivation in Middle School. Working Paper 112. Update,"Ladd, Helen F.; Sorenson, Lucy C.",Reports - Research,2015,"National Center for Analysis of Longitudinal Data in Education Research. American Institutes for Research, 1000 Thomas Jefferson Street NW, Washington, DC 20007. Tel: 202-403-5796; Fax: 202-403-6783; e-mail: info@caldercenter.org; Web site: https://caldercenter.org",National Center for Analysis of Longitudinal Data in Education Research (CALDER),NA
R305C120008,ED618313,Lessons Learned from the Great Recession: Layoffs and the RIF-Induced Teacher Shuffle. Working Paper 129,"Goldhaber, Dan; Strunk, Katharine O.; Brown, Nate; Knight, David S.",Reports - Research,2015,"National Center for Analysis of Longitudinal Data in Education Research. American Institutes for Research, 1000 Thomas Jefferson Street NW, Washington, DC 20007. Tel: 202-403-5796; Fax: 202-403-6783; e-mail: info@caldercenter.org; Web site: https://caldercenter.org",National Center for Analysis of Longitudinal Data in Education Research (CALDER),NA
R305C120008,ED618314,Crossing the Border? Exploring the Cross-State Mobility of the Teacher Workforce. Working Paper 143,"Goldhaber, Dan; Grout, Cyrus; Holden, Kristian L.; Brown, Nate",Reports - Research,2015,"National Center for Analysis of Longitudinal Data in Education Research. American Institutes for Research, 1000 Thomas Jefferson Street NW, Washington, DC 20007. Tel: 202-403-5796; Fax: 202-403-6783; e-mail: info@caldercenter.org; Web site: https://caldercenter.org",National Center for Analysis of Longitudinal Data in Education Research (CALDER),NA
R305C120008,ED618436,Benefit or Burden? On the Intergenerational Inequality of Teacher Pension Plans. Working Paper 148,"Backes, Ben; Goldhaber, Dan; Grout, Cyrus; Koedel, Cory; Ni, Shawn; Podgursky, Michael; Xiang, P. Brett; Xu, Zeyu",Reports - Descriptive,2016,"National Center for Analysis of Longitudinal Data in Education Research. American Institutes for Research, 1000 Thomas Jefferson Street NW, Washington, DC 20007. Tel: 202-403-5796; Fax: 202-403-6783; e-mail: info@caldercenter.org; Web site: https://caldercenter.org",National Center for Analysis of Longitudinal Data in Education Research (CALDER),NA
R305C120008,ED618555,The Growing Segmentation of the Charter School Sector in North Carolina. Working Paper 133,"Ladd, Helen F.; Clotfelter, Charles T.; Holbein, John B.",Reports - Research,2015,"National Center for Analysis of Longitudinal Data in Education Research. American Institutes for Research, 1000 Thomas Jefferson Street NW, Washington, DC 20007. Tel: 202-403-5796; Fax: 202-403-6783; e-mail: info@caldercenter.org; Web site: https://caldercenter.org",National Center for Analysis of Longitudinal Data in Education Research (CALDER),NA
R305C120008,ED618564,Returns to Teacher Experience: Student Achievement and Motivation in Middle School. Working Paper 112. Update,"Ladd, Helen F.; Sorenson, Lucy C.",Reports - Research,2015,"National Center for Analysis of Longitudinal Data in Education Research. American Institutes for Research, 1000 Thomas Jefferson Street NW, Washington, DC 20007. Tel: 202-403-5796; Fax: 202-403-6783; e-mail: info@caldercenter.org; Web site: https://caldercenter.org",National Center for Analysis of Longitudinal Data in Education Research (CALDER),NA
R305C120008,ED618575,From Birth to School: Early Childhood Initiatives and Third-Grade Outcomes in North Carolina. Working Paper 134,"Ladd, Helen F.; Muschkin, Clara G.; Dodge, Kenneth A.",Reports - Research,2015,"National Center for Analysis of Longitudinal Data in Education Research. American Institutes for Research, 1000 Thomas Jefferson Street NW, Washington, DC 20007. Tel: 202-403-5796; Fax: 202-403-6783; e-mail: info@caldercenter.org; Web site: https://caldercenter.org",National Center for Analysis of Longitudinal Data in Education Research (CALDER),NA
R305C120008,ED618577,Identifying Promising Clinical Placements Using Administrative Data: Preliminary Results from ISTI Placement Initiative Pilot. Working Paper 189,"Ronfeldt, Matthew; Goldhaber, Dan; Cowan, James; Bardelli, Emanuele; Johnson, Joy; Tien, Christopher Daniel",Reports - Research,2018,"National Center for Analysis of Longitudinal Data in Education Research. American Institutes for Research, 1000 Thomas Jefferson Street NW, Washington, DC 20007. Tel: 202-403-5796; Fax: 202-403-6783; e-mail: info@caldercenter.org; Web site: https://caldercenter.org",National Center for Analysis of Longitudinal Data in Education Research (CALDER),NA
R305C120008,ED618579,Performance Screens for School Improvement: The Case of Teacher Tenure Reform in New York City. Working Paper 115,"Loeb, Susanna; Miller, Luke C.; Wyckoff, James",Reports - Research,2014,"National Center for Analysis of Longitudinal Data in Education Research. American Institutes for Research, 1000 Thomas Jefferson Street NW, Washington, DC 20007. Tel: 202-403-5796; Fax: 202-403-6783; e-mail: info@caldercenter.org; Web site: https://caldercenter.org",National Center for Analysis of Longitudinal Data in Education Research (CALDER),NA
R305C120008,ED620280,A Foot in the Door: Exploring the Role of Student Teaching Assignments in Teachers' Initial Job Placements,"Krieg, John M.; Theobald, Roddy; Goldhaber, Dan",Reports - Evaluative,2016,NA,Grantee Submission,NA
R305C120008,ED573246,Evaluating Prospective Teachers: Testing the Predictive Validity of the edTPA. Working Paper 157,Dan Goldhaber; James Cowan; Roddy Theobald,Reports - Research,2016,"National Center for Analysis of Longitudinal Data in Education Research. American Institutes for Research, 1000 Thomas Jefferson Street NW, Washington, DC 20007. Tel: 202-403-5000; Fax: 202-403-5454; e-mail: inquiry@caldercenter.org; Web site: http://www.caldercenter.org",National Center for Analysis of Longitudinal Data in Education Research (CALDER),NA
R305C120008,ED574284,Does the Match Matter? Exploring Whether Student Teaching Experiences Affect Teacher Effectiveness and Attrition. CEDR Working Paper. WP #2016-1,Dan Goldhaber; John Krieg; Roddy Theobald,"Reports - Research,Numerical/Quantitative Data",2016,"Center for Education Data & Research. 3876 Bridge Way North Suite 201, Seattle, WA 98103. Tel: 206-547-5585; Fax: 206-547-1641; e-mail: cedr@uw.edu; Web site: http://www.cedr.us",Center for Education Data & Research,http://www.cedr.us/papers/working/CEDR%20WP%202016-1.pdf
R305C120008,ED587182,"The Impact of Incentives to Recruit and Retain Teachers in ""Hard-to-Staff"" Subjects: An Analysis of the Florida Critical Teacher Shortage Program. Working Paper 141",Li Feng; Tim R. Sass,Reports - Research,2015,"National Center for Analysis of Longitudinal Data in Education Research. American Institutes for Research, 1000 Thomas Jefferson Street NW, Washington, DC 20007. Tel: 202-403-5796; Fax: 202-403-6783; e-mail: info@caldercenter.org; Web site: https://caldercenter.org",National Center for Analysis of Longitudinal Data in Education Research (CALDER),NA
R305C140007,EJ1322645,Faculty Attitudes toward Technology-Driven Instruction in Developmental Mathematics,"Kramer, Jenna W.; Cuevas, Stephany; Boatman, Angela","Journal Articles,Reports - Research,Tests/Questionnaires",2021,"Colleges of Education at Arizona State University and the University of South Florida. c/o Editor, USF EDU162, 4202 East Fowler Avenue, Tampa, FL 33620-5650. Tel: 813-974-3400; Fax: 813-974-3826; Web site: https://epaa.asu.edu/ojs/index.php/epaa",Education Policy Analysis Archives,NA
R305C140007,ED631328,Lessons from the Dana Center's Corequisite Research Design Collaborative Study. Research Brief,"Cerna, Oscar; Plancarte, Vivianna; Raufman, Julia; Mahecha-Rodriguez, Jorge",Reports - Research,2023,"Center for the Analysis of Postsecondary Readiness. Teachers College, Columbia University, 525 West 120th Street Box 174, New York, NY 10027. Tel: 212-678-3091; e-mail: capr@columbia.edu; Web site: https://postsecondaryreadiness.org",Center for the Analysis of Postsecondary Readiness,NA
R305C140007,ED631329,"Student Survey Data for the Fall 2021 and Spring 2022 Semesters. A Supplement to ""Lessons from the Dana Center's Corequisite Research Design Collaborative Study."" Research Brief Supplement","Cerna, Oscar; Plancarte, Vivianna; Raufman, Julia; Mahecha-Rodriguez, Jorge","Reports - Research,Numerical/Quantitative Data",2023,"Center for the Analysis of Postsecondary Readiness. Teachers College, Columbia University, 525 West 120th Street Box 174, New York, NY 10027. Tel: 212-678-3091; e-mail: capr@columbia.edu; Web site: https://postsecondaryreadiness.org",Center for the Analysis of Postsecondary Readiness,NA
R305C140007,ED578193,How and Why Higher Education Institutions Use Technology in Developmental Education Programming. A CAPR Working Paper,"Natow, Rebecca S.; Reddy, Vikash; Grant, Markeisha",Reports - Research,2017,"Community College Research Center. Available from: CCRC Publications. Teachers College, Columbia University, 525 West 120th Street Box 174, New York, NY 10027. Tel: 212-678-3091; Fax: 212-678-3699; e-mail: ccrc@columbia.edu; Web site: http://ccrc.tc.columbia.edu/","Community College Research Center, Teachers College, Columbia University",NA
R305C140007,ED588752,Multiple Measures Placement Using Data Analytics: An Implementation and Early Impacts Report,"Barnett, Elisabeth A.; Bergman, Peter; Kopko, Elizabeth; Reddy, Vikash; Belfield, Clive R.; Roy, Susha","Reports - Research,Numerical/Quantitative Data",2018,"Center for the Analysis of Postsecondary Readiness. Teachers College, Columbia University, 525 West 120th Street Box 174, New York, NY 10027. Tel: 212-678-3091; e-mail: capr@columbia.edu; Web site: https://postsecondaryreadiness.org",Center for the Analysis of Postsecondary Readiness,NA
R305C140007,ED582926,Developmental Education: An Introduction for Policymakers,"Mazzariello, Amy; Ganga, Elizabeth; Edgecombe, Nikki",Reports - Descriptive,2018,"Education Commission of the States. ECS Distribution Center, 700 Broadway Suite 1200, Denver, CO 80203-3460. Tel: 303-299-3692; Fax: 303-296-8332; e-mail: ecs@ecs.org; Web site: http://www.ecs.org",Education Commission of the States,NA
R305C140007,ED583509,College Placement Strategies: Evolving Considerations and Practices. A CAPR Working Paper,"Barnett, Elisabeth A.; Reddy, Vikash",Reports - Evaluative,2017,"Center for the Analysis of Postsecondary Readiness. Teachers College, Columbia University, 525 West 120th Street Box 174, New York, NY 10027. Tel: 212-678-3091; e-mail: capr@columbia.edu; Web site: https://postsecondaryreadiness.org",Center for the Analysis of Postsecondary Readiness,NA
R305C140007,ED583571,Math in the Real World: Early Findings from a Study of the Dana Center Mathematics Pathways. Research Brief,"Rutschow, Elizabeth Zachry; Diamond, John; Serna-Wallender, Elena",Reports - Research,2017,"Center for the Analysis of Postsecondary Readiness. Teachers College, Columbia University, 525 West 120th Street Box 174, New York, NY 10027. Tel: 212-678-3091; e-mail: capr@columbia.edu; Web site: https://postsecondaryreadiness.org",Center for the Analysis of Postsecondary Readiness,NA
R305C140007,ED583573,Early Findings from a National Survey of Developmental Education Practices. Research Brief,"Rutschow, Elizabeth Zachry; Mayer, Alexander K.",Reports - Research,2018,"Center for the Analysis of Postsecondary Readiness. Teachers College, Columbia University, 525 West 120th Street Box 174, New York, NY 10027. Tel: 212-678-3091; e-mail: capr@columbia.edu; Web site: https://postsecondaryreadiness.org",Center for the Analysis of Postsecondary Readiness,NA
R305C140007,ED586095,Making It Through: Interim Findings on Developmental Students' Progress to College Math with the Dana Center Mathematics Pathways. Research Brief,"Zachry Rutschow, Elizabeth",Reports - Research,2018,"Center for the Analysis of Postsecondary Readiness. Teachers College, Columbia University, 525 West 120th Street Box 174, New York, NY 10027. Tel: 212-678-3091; e-mail: capr@columbia.edu; Web site: https://postsecondaryreadiness.org",Center for the Analysis of Postsecondary Readiness,NA
R305C140007,ED590584,Math Pathways: Expanding Options for Success in College Math,"Ganga, Elizabeth; Mazzariello, Amy",Reports - Evaluative,2018,"Education Commission of the States. ECS Distribution Center, 700 Broadway Suite 1200, Denver, CO 80203-3460. Tel: 303-299-3692; Fax: 303-296-8332; e-mail: ecs@ecs.org; Web site: http://www.ecs.org",Education Commission of the States,NA
R305C140007,ED610605,Implementing and Scaling Multiple Measures Assessment in the Context of COVID-19. Research Brief,"Bickerstaff, Susan; Kopko, Elizabeth; Lewy, Erika B.; Raufman, Julia; Rutschow, Elizabeth Zachry",Reports - Research,2021,"Center for the Analysis of Postsecondary Readiness. Teachers College, Columbia University, 525 West 120th Street Box 174, New York, NY 10027. Tel: 212-678-3091; e-mail: capr@columbia.edu; Web site: https://postsecondaryreadiness.org",Center for the Analysis of Postsecondary Readiness,NA
R305C140007,ED617340,Lessons from Two Experimental Studies of Multiple Measures Assessment. Research Brief,"Cullinan, Dan; Kopko, Elizabeth",Reports - Research,2022,"Center for the Analysis of Postsecondary Readiness. Teachers College, Columbia University, 525 West 120th Street Box 174, New York, NY 10027. Tel: 212-678-3091; e-mail: capr@columbia.edu; Web site: https://postsecondaryreadiness.org",Center for the Analysis of Postsecondary Readiness,NA
R305C140007,ED615341,Using Predictive Analytics to Track Students: Evidence from a Seven-College Experiment. Working Paper 28948,"Bergman, Peter; Kopko, Elizabeth; Rodriguez, Julio E.",Reports - Research,2021,"National Bureau of Economic Research. 1050 Massachusetts Avenue, Cambridge, MA 02138-5398. Tel: 617-588-0343; Web site: http://www.nber.org",National Bureau of Economic Research,https://www.nber.org/papers/w28948
R305C140007,ED597974,Early Outcomes of Texas Community College Students Enrolled in Dana Center Mathematics Pathways Prerequisite Developmental Courses. Research Brief,"Schudde, Lauren; Meiselman, Akiva Yonah",Reports - Research,2019,"Center for the Analysis of Postsecondary Readiness. Teachers College, Columbia University, 525 West 120th Street Box 174, New York, NY 10027. Tel: 212-678-3091; e-mail: capr@columbia.edu; Web site: https://postsecondaryreadiness.org",Center for the Analysis of Postsecondary Readiness,NA
R305C140007,ED600433,The Changing Landscape of Developmental Education Practices: Findings from a National Survey and Interviews with Postsecondary Institutions,"Rutschow, Elizabeth Zachry; Cormier, Maria Scott; Dukes, Dominique; Zamora, Diana E. Cruz","Reports - Research,Tests/Questionnaires",2019,"Center for the Analysis of Postsecondary Readiness. Teachers College, Columbia University, 525 West 120th Street Box 174, New York, NY 10027. Tel: 212-678-3091; e-mail: capr@columbia.edu; Web site: https://postsecondaryreadiness.org",Center for the Analysis of Postsecondary Readiness,NA
R305C140007,ED600435,The Changing Landscape of Developmental Education Practices: Findings from a National Survey and Interviews with Postsecondary Institutions. Executive Summary,"Rutschow, Elizabeth Zachry; Cormier, Maria Scott; Dukes, Dominique; Zamora, Diana E. Cruz",Reports - Descriptive,2019,"Center for the Analysis of Postsecondary Readiness. Teachers College, Columbia University, 525 West 120th Street Box 174, New York, NY 10027. Tel: 212-678-3091; e-mail: capr@columbia.edu; Web site: https://postsecondaryreadiness.org",Center for the Analysis of Postsecondary Readiness,NA
R305C140007,ED600649,Gaining Ground: Findings from the Dana Center Mathematics Pathways Impact Study,"Rutschow, Elizabeth Zachry; Sepanik, Susan; Deitch, Victoria; Raufman, Julia; Dukes, Dominique; Moussa, Adnan",Reports - Research,2019,"Center for the Analysis of Postsecondary Readiness. Teachers College, Columbia University, 525 West 120th Street Box 174, New York, NY 10027. Tel: 212-678-3091; e-mail: capr@columbia.edu; Web site: https://postsecondaryreadiness.org",Center for the Analysis of Postsecondary Readiness,NA
R305C140007,ED600651,Gaining Ground: Findings from the Dana Center Mathematics Pathways Impact Study. Executive Summary,"Rutschow, Elizabeth Zachry; Sepanik, Susan; Deitch, Victoria; Raufman, Julia; Dukes, Dominique; Moussa, Adnan",Reports - Research,2019,"Center for the Analysis of Postsecondary Readiness. Teachers College, Columbia University, 525 West 120th Street Box 174, New York, NY 10027. Tel: 212-678-3091; e-mail: capr@columbia.edu; Web site: https://postsecondaryreadiness.org",Center for the Analysis of Postsecondary Readiness,NA
R305C140007,ED594092,Modernizing College Course Placement by Using Multiple Measures,"Ganga, Elizabeth; Mazzariello, Amy",Reports - Evaluative,2019,"Education Commission of the States. ECS Distribution Center, 700 Broadway Suite 1200, Denver, CO 80203-3460. Tel: 303-299-3692; Fax: 303-296-8332; e-mail: ecs@ecs.org; Web site: http://www.ecs.org",Education Commission of the States,NA
R305C140007,ED602852,Computer-Based Math Remediation: Evidence from Technology-Centered Instruction in Two-Year and Four-Year Colleges. A CAPR Working Paper,"Boatman, Angela",Reports - Research,2019,"Center for the Analysis of Postsecondary Readiness. Teachers College, Columbia University, 525 West 120th Street Box 174, New York, NY 10027. Tel: 212-678-3091; e-mail: capr@columbia.edu; Web site: https://postsecondaryreadiness.org",Center for the Analysis of Postsecondary Readiness,NA
R305C140007,ED602862,Content and Connections: Students' Responses to a Hybrid Emporium Instructional Model in Developmental Mathematics. A CAPR Working Paper,"Boatman, Angela; Kramer, Jenna W.","Reports - Research,Tests/Questionnaires",2019,"Center for the Analysis of Postsecondary Readiness. Teachers College, Columbia University, 525 West 120th Street Box 174, New York, NY 10027. Tel: 212-678-3091; e-mail: capr@columbia.edu; Web site: https://postsecondaryreadiness.org",Center for the Analysis of Postsecondary Readiness,NA
R305C140007,ED609173,Who Should Take College-Level Courses? Impact Findings from an Evaluation of a Multiple Measures Assessment Strategy,"Barnett, Elisabeth A.; Kopko, Elizabeth; Cullinan, Dan; Belfield, Clive R.",Reports - Research,2020,"Center for the Analysis of Postsecondary Readiness. Teachers College, Columbia University, 525 West 120th Street Box 174, New York, NY 10027. Tel: 212-678-3091; e-mail: capr@columbia.edu; Web site: https://postsecondaryreadiness.org",Center for the Analysis of Postsecondary Readiness,NA
R305C140007,ED621747,Informed Self-Placement Today: An Exploratory Study of Student Outcomes and Placement Practices. Research Brief,"Brathwaite, Jessica; Cullinan, Dan; Kopko, Elizabeth; Morton, Tiffany; Raufman, Julia; Rizik, Dorota","Reports - Research,Numerical/Quantitative Data",2022,"Center for the Analysis of Postsecondary Readiness. Teachers College, Columbia University, 525 West 120th Street Box 174, New York, NY 10027. Tel: 212-678-3091; e-mail: capr@columbia.edu; Web site: https://postsecondaryreadiness.org",Center for the Analysis of Postsecondary Readiness,NA
R305C140007,ED621781,"Reviewing the Research on Informed Self-Placement: Practices, Justifications, Outcomes, and Limitations","Morton, Tiffany",Information Analyses,2022,"Center for the Analysis of Postsecondary Readiness. Teachers College, Columbia University, 525 West 120th Street Box 174, New York, NY 10027. Tel: 212-678-3091; e-mail: capr@columbia.edu; Web site: https://postsecondaryreadiness.org",Center for the Analysis of Postsecondary Readiness,NA
R305C140007,ED624623,Five Principles for Reforming Developmental Education: A Review of the Evidence,"Bickerstaff, Susan; Beal, Katie; Raufman, Julia; Lewy, Erika B.; Slaughter, Austin",Information Analyses,2022,"Center for the Analysis of Postsecondary Readiness. Teachers College, Columbia University, 525 West 120th Street Box 174, New York, NY 10027. Tel: 212-678-3091; e-mail: capr@columbia.edu; Web site: https://postsecondaryreadiness.org",Center for the Analysis of Postsecondary Readiness,NA
R305C140007,ED620146,Interim Findings from the Dana Center Mathematics Pathways Long-Term Follow-Up Study. Research Brief,"Biedzio, Dorota; Sepanik, Susan",Reports - Research,2022,"Center for the Analysis of Postsecondary Readiness. Teachers College, Columbia University, 525 West 120th Street Box 174, New York, NY 10027. Tel: 212-678-3091; e-mail: capr@columbia.edu; Web site: https://postsecondaryreadiness.org",Center for the Analysis of Postsecondary Readiness,NA
R305C140007,ED625165,"Four Responses to CAPR's ""Five Principles for Reforming Developmental Education: A Review of the Evidence""","Bertrand Jones, Tamara; Lowe, Aisha; Lewis, Desmond; Roberts, Maxine",Reports - Evaluative,2022,"Center for the Analysis of Postsecondary Readiness. Teachers College, Columbia University, 525 West 120th Street Box 174, New York, NY 10027. Tel: 212-678-3091; e-mail: capr@columbia.edu; Web site: https://postsecondaryreadiness.org",Center for the Analysis of Postsecondary Readiness,NA
R305C140007,ED622178,"Reviewing the Research on Informed Self-Placement: Practices, Justifications, Outcomes, and Limitations. Research Brief","Morton, Tiffany","Information Analyses,Reports - Research",2022,"Center for the Analysis of Postsecondary Readiness. Teachers College, Columbia University, 525 West 120th Street Box 174, New York, NY 10027. Tel: 212-678-3091; e-mail: capr@columbia.edu; Web site: https://postsecondaryreadiness.org",Center for the Analysis of Postsecondary Readiness,NA
R305C140007,ED626145,The Next Phase of Placement Reform: Moving toward Equity-Centered Practice. Research Brief,"Kopko, Elizabeth; Brathwaite, Jessica; Raufman, Julia",Reports - Research,2022,"Center for the Analysis of Postsecondary Readiness. Teachers College, Columbia University, 525 West 120th Street Box 174, New York, NY 10027. Tel: 212-678-3091; e-mail: capr@columbia.edu; Web site: https://postsecondaryreadiness.org",Center for the Analysis of Postsecondary Readiness,NA
R305C140007,ED636732,Multiple Measures Assessment and Corequisite Courses: Alternate Ways to Place and Prepare New College Students. Research Brief,Sophie Litschwartz; Dan Cullinan; Vivianna Plancarte,Reports - Descriptive,2023,"Center for the Analysis of Postsecondary Readiness. Teachers College, Columbia University, 525 West 120th Street Box 174, New York, NY 10027. Tel: 212-678-3091; e-mail: capr@columbia.edu; Web site: https://postsecondaryreadiness.org",Center for the Analysis of Postsecondary Readiness,NA
R305C140007,ED632523,The Long-Term Effectiveness of Multiple Measures Assessment: Evidence from a Randomized Controlled Trial. A CAPR Working Paper,"Kopko, Elizabeth; Daniels, Hollie; Cullinan, Dan",Reports - Research,2023,"Center for the Analysis of Postsecondary Readiness. Teachers College, Columbia University, 525 West 120th Street Box 174, New York, NY 10027. Tel: 212-678-3091; e-mail: capr@columbia.edu; Web site: https://postsecondaryreadiness.org",Center for the Analysis of Postsecondary Readiness,NA
R305C140007,ED632528,The Long-Term Effects of Multiple Measures Assessment at SUNY Community Colleges. Research Brief,"Kopko, Elizabeth; Daniels, Hollie",Reports - Research,2023,"Center for the Analysis of Postsecondary Readiness. Teachers College, Columbia University, 525 West 120th Street Box 174, New York, NY 10027. Tel: 212-678-3091; e-mail: capr@columbia.edu; Web site: https://postsecondaryreadiness.org",Center for the Analysis of Postsecondary Readiness,NA
R305C140007,ED632553,Long-Term Effects of the Dana Center Math Pathways Model: Evidence from a Randomized Trial. A CAPR Working Paper,"Sepanik, Susan; Barman, Sukanya",Reports - Research,2023,"Center for the Analysis of Postsecondary Readiness. Teachers College, Columbia University, 525 West 120th Street Box 174, New York, NY 10027. Tel: 212-678-3091; e-mail: capr@columbia.edu; Web site: https://postsecondaryreadiness.org",Center for the Analysis of Postsecondary Readiness,NA
R305C140007,ED640582,Impact Findings from the Dana Center Mathematics Pathways Long-Term Follow-Up Study. Research Brief,Susan Sepanik,Reports - Research,2023,"Center for the Analysis of Postsecondary Readiness. Teachers College, Columbia University, 525 West 120th Street Box 174, New York, NY 10027. Tel: 212-678-3091; e-mail: capr@columbia.edu; Web site: https://postsecondaryreadiness.org",Center for the Analysis of Postsecondary Readiness,NA
R305C140007,ED640585,Supplement to Dana Center Mathematics Pathways Long-Term Follow-Up Cost Analysis. Research Brief Supplement,Dan Cullinan,"Reports - Evaluative,Numerical/Quantitative Data",2023,"Center for the Analysis of Postsecondary Readiness. Teachers College, Columbia University, 525 West 120th Street Box 174, New York, NY 10027. Tel: 212-678-3091; e-mail: capr@columbia.edu; Web site: https://postsecondaryreadiness.org",Center for the Analysis of Postsecondary Readiness,NA
R305C140007,ED662567,Lessons on Scaling Corequisites: The City University of New York's Transition from Prerequisite to Corequisite Academic Support,Maggie P. Fay; Julia Raufman; Andrea Lopez Salazar; Selena Cho; Farzana Matin; Elizabeth Kopko,Reports - Research,2024,"Community College Research Center. Available from: CCRC Publications. Teachers College, Columbia University, 525 West 120th Street Box 174, New York, NY 10027. Tel: 212-678-3091; Fax: 212-678-3699; e-mail: ccrc@columbia.edu; Web site: http://ccrc.tc.columbia.edu/","Community College Research Center, Teachers College, Columbia University",NA
R305C140007,ED664878,College Course Placement Based on Multiple Measures Assessment: A Synthesis of Two Experimental Evaluations. Report,Sophie Litschwartz; Dan Cullinan; Colin Hill,Reports - Evaluative,2024,"Center for the Analysis of Postsecondary Readiness. Teachers College, Columbia University, 525 West 120th Street Box 174, New York, NY 10027. Tel: 212-678-3091; e-mail: capr@columbia.edu; Web site: https://postsecondaryreadiness.org",Center for the Analysis of Postsecondary Readiness,NA
R305C140007,ED644071,Access to Success: Insights for Implementing a Multiple Measures Assessment System,Elizabeth M. Kopko; Hollie Daniels Sarica; Dan Cullinan; Hanna Nichols; Ellen Wasserman; Sarahi Hernandez,Reports - Research,2024,"Center for the Analysis of Postsecondary Readiness. Teachers College, Columbia University, 525 West 120th Street Box 174, New York, NY 10027. Tel: 212-678-3091; e-mail: capr@columbia.edu; Web site: https://postsecondaryreadiness.org",Center for the Analysis of Postsecondary Readiness,NA
R305C140007,ED674470,Strategies for Scaling Multiple Measures Assessment: Lessons from Arkansas. Research Brief,Hollie Daniels Sarica,Reports - Descriptive,2025,"Center for the Analysis of Postsecondary Readiness. Teachers College, Columbia University, 525 West 120th Street Box 174, New York, NY 10027. Tel: 212-678-3091; e-mail: capr@columbia.edu; Web site: https://postsecondaryreadiness.org",Center for the Analysis of Postsecondary Readiness,NA
R305C140008,EJ1238524,Building a Knowledge Base on Research-Practice Partnerships: Introduction to the Special Topic Collection,"Penuel, William R.; Hill, Heather C.","Journal Articles,Reports - Descriptive",2019,"SAGE Publications. 2455 Teller Road, Thousand Oaks, CA 91320. Tel: 800-818-7243; Tel: 805-499-9774; Fax: 800-583-2665; e-mail: journals@sagepub.com; Web site: http://sagepub.com",AERA Open,NA
R305C140008,EJ1194150,"How School and District Leaders Access, Perceive, and Use Research","Penuel, William R.; Briggs, Derek C.; Davidson, Kristen L.; Herlihy, Corinne; Sherer, David; Hill, Heather C.; Farrell, Caitlin; Allen, Anna-Ruth","Journal Articles,Reports - Research",2017,"SAGE Publications. 2455 Teller Road, Thousand Oaks, CA 91320. Tel: 800-818-7243; Tel: 805-499-9774; Fax: 800-583-2665; e-mail: journals@sagepub.com; Web site: http://sagepub.com",AERA Open,NA
R305C140008,EJ1360443,"""What Counts"" as Research? Comparing Policy Guidelines to the Evidence Education Leaders Report as Useful","Farrell, Caitlin C.; Penuel, William R.; Davidson, Kristen","Journal Articles,Reports - Research",2022,"SAGE Publications. 2455 Teller Road, Thousand Oaks, CA 91320. Tel: 800-818-7243; Tel: 805-499-9774; Fax: 800-583-2665; e-mail: journals@sagepub.com; Web site: http://sagepub.com",AERA Open,NA
R305C140008,ED613292,Mutual Learning at the Boundaries of Research and Practice: A Framework for Understanding Research-Practice Partnerships,"Farrell, Caitlin C.; Penuel, William R.; Allen, Anna-Ruth; Anderson, Eleanor; Bohannon, Angel X.; Coburn, Cynthia E.; Brown, Stephanie L.","Reports - Research,Speeches/Meeting Papers",2020,NA,Grantee Submission,https://repository.isls.org/bitstream/1/6614/1/2515-2522.pdf
R305C140008,ED612257,The Role of Organizational Routines in Research Use in Four Large Urban School Districts. Technical Report No. 5,"Coburn, Cynthia E.; Spillane, James P.; Bohannon, Angel X.; Allen, Anna-Ruth; Ceperich, Riley; Beneke, Abigail; Wong, Lok-Sze",Reports - Research,2020,National Center for Research in Policy and Practice. Web site: http://ncrpp.org/,National Center for Research in Policy and Practice,NA
R305C140008,ED599937,Findings from a Survey of State Science Leaders,"Hopkins, Megan","Reports - Research,Numerical/Quantitative Data",2016,National Center for Research in Policy and Practice. Web site: http://ncrpp.org/,National Center for Research in Policy and Practice,NA
R305C140008,ED599942,Findings from a Survey of State Science Leaders: Year 2,"Hopkins, Megan; Gates, Zaynab","Reports - Research,Numerical/Quantitative Data,Tests/Questionnaires",2019,National Center for Research in Policy and Practice. Web site: http://ncrpp.org/,National Center for Research in Policy and Practice,NA
R305C140008,ED599955,A Descriptive Study of the IES Researcher-Practitioner Partnerships in Education Research Program: Interim Report. Technical Report No. 2,"Farrell, Caitlin C.; Davidson, Kristen L.; Repko-Erwin, Melia; Penuel, William R.; Herlihy, Corinne; Potvin, Ashley Seidel; Hill, Heather C.",Reports - Research,2017,National Center for Research in Policy and Practice. Web site: http://ncrpp.org/,National Center for Research in Policy and Practice,NA
R305C140008,ED599966,Findings from a National Study on Research Use among School and District Leaders. Technical Report No. 1,"Penuel, William R.; Briggs, Derek C.; Davidson, Kristen L.; Herlihy, Corinne; Sherer, David; Hill, Heather C.; Farrell, Caitlin C.; Allen, Anna-Ruth",Reports - Research,2016,National Center for Research in Policy and Practice. Web site: http://ncrpp.org/,National Center for Research in Policy and Practice,NA
R305C140008,ED599980,A Descriptive Study of the IES Researcher-Practitioner Partnerships in Education Research Program: Final Report. Technical Report No. 3,"Farrell, Caitlin C.; Davidson, Kristen L.; Repko-Erwin, Melia; Penuel, William R.; Quantz, Mary; Wong, Hayla; Riedy, Robbin; Brink, Zane",Reports - Research,2018,National Center for Research in Policy and Practice. Web site: http://ncrpp.org/,National Center for Research in Policy and Practice,NA
R305C140008,ED608964,"A Comparative, Descriptive Study of Three Research-Practice Partnerships: Goals, Activities, and Influence on District Policy, Practice, and Decision Making. Technical Report No. 4","Penuel, William R.; Farrell, Caitlin C.; Anderson, Eleanor R.; Coburn, Cynthia E.; Allen, Anna-Ruth; Bohannon, Angel X.; Hopkins, Megan; Brown, Stephanie",Reports - Research,2020,National Center for Research in Policy and Practice. Web site: http://ncrpp.org/,National Center for Research in Policy and Practice,NA
R305C140018,ED599187,Gifted Education Structures in Elementary Schools and Their Connections to Program Focus,"Siegle, Del; Puryear, Jeb S.; Estepar-Garcia, William; Callahan, Carolyn M.; Gubbins, E. Jean; McCoach, D. Betsy; Mun, Rachel U.; Amspaugh, Christina M.","Speeches/Meeting Papers,Reports - Research",2017,"AERA Online Paper Repository. Available from: American Educational Research Association. 1430 K Street NW Suite 1200, Washington, DC 20005. Tel: 202-238-3200; Fax: 202-238-3250; e-mail: subscriptions@aera.net; Web site: http://www.aera.net",AERA Online Paper Repository,http://www.aera.net/Publications/Online-Paper-Repository/AERA-Online-Paper-Repository
R305C140018,ED602387,Effective Practices for Identifying and Serving English Learners in Gifted Education: A Systematic Review of Literature,"Mun, Rachel U.; Langley, Susan Dulong; Ware, Sharon; Gubbins, E. Jean; Siegle, Del; Callahan, Carolyn M.; McCoach, D. Betsy; Hamilton, Rashea",Information Analyses,2016,NA,Grantee Submission,NA
R305C140018,ED602388,Exploratory Study on the Identification of English Learners for Gifted and Talented Programs,"Gubbins, E. Jean; Siegle, Del; Hamilton, Rashea; Peters, Pamela; Carpenter, Ashley Y.; O'Rourke, Patricia; Puryear, Jeb; McCoach, D. Betsy; Long, Daniel; Bloomfield, Emma; Cross, Karen; Mun, Rachel U.; Amspaugh, Christina; Langley, Susan Dulong; Roberts, Anne; Estepar-Garcia, William","Reports - Research,Tests/Questionnaires",2018,NA,Grantee Submission,NA
R305C140018,ED602406,Tips for Identifying Gifted EL Students from the National Center for Research on Gifted Education,NA,Reports - Descriptive,2018,NA,Grantee Submission,NA
R305C140018,ED602428,15 Tips for Identifying Gifted EL Students from the National Center for Research on Gifted Education,NA,Reports - Descriptive,2018,NA,Grantee Submission,NA
R305C140018,ED620347,Results of Four Years' Research at the National Center for Research on Gifted Education: National Center for Research on Gifted Education (NCRGE) Brief on Gifted Education Curriculum and Gifted Achievement Growth of Gifted Students in Three States,"Siegle, Del; McCoach, D. Betsy; Gubbins, E. Jean; Callahan, Carolyn","Speeches/Meeting Papers,Reports - Research",2019,NA,Grantee Submission,https://ncrge.uconn.edu/conference-papers/
R305C150007,EJ1322296,"""Boots on the Ground"": The Authority-Power Dynamic of Regional Service Centers in the Standards Era","Pak, Katie; McLaughlin, Jillian; Saldívar García, Erica; Desimone, Laura M.","Journal Articles,Reports - Research,Tests/Questionnaires",2021,"Colleges of Education at Arizona State University and the University of South Florida. c/o Editor, USF EDU162, 4202 East Fowler Avenue, Tampa, FL 33620-5650. Tel: 813-974-3400; Fax: 813-974-3826; Web site: https://epaa.asu.edu/ojs/index.php/epaa",Education Policy Analysis Archives,NA
R305C150007,EJ1265332,An Integrative Approach to Professional Development to Support College- and Career- Readiness Standards,"Pak, Katie; Desimone, Laura M.; Parsons, Arianna","Journal Articles,Reports - Research",2020,"Colleges of Education at Arizona State University and the University of South Florida. c/o Editor, USF EDU162, 4202 East Fowler Avenue, Tampa, FL 33620-5650. Tel: 813-974-3400; Fax: 813-974-3826; Web site: http://epaa.asu.edu",Education Policy Analysis Archives,NA
R305C150007,EJ1258084,The Adaptive Challenges of Curriculum Implementation: Insights for Educational Leaders Driving Standards-Based Reform,"Pak, Katie; Polikoff, Morgan S.; Desimone, Laura M.; Saldívar García, Erica","Journal Articles,Reports - Research",2020,"SAGE Publications. 2455 Teller Road, Thousand Oaks, CA 91320. Tel: 800-818-7243; Tel: 805-499-9774; Fax: 800-583-2665; e-mail: journals@sagepub.com; Web site: http://sagepub.com",AERA Open,NA
R305C150007,EJ1210488,"Teacher Implementation of College- and Career-Readiness Standards: Links among Policy, Instruction, Challenges, and Resources","Edgerton, Adam K.; Desimone, Laura M.","Journal Articles,Reports - Research,Tests/Questionnaires",2018,"SAGE Publications. 2455 Teller Road, Thousand Oaks, CA 91320. Tel: 800-818-7243; Tel: 805-499-9774; Fax: 800-583-2665; e-mail: journals@sagepub.com; Web site: http://sagepub.com",AERA Open,NA
R305C150007,ED614537,Appropriate and Useful: Principal Attitudes toward K-12 Standards and Policies,"Edgerton, Adam Kirk; McLaughlin, Jill; Desimone, Laura M.","Reports - Research,Tests/Questionnaires",2020,NA,Grantee Submission,https://www.tcrecord.org/Content.asp?ContentId=23426
R305C150007,ED616795,From Buy-In to Specificity: The Evolution of Standards-Based Reform Implementation in Two States,"Comstock, Meghan; Edgerton, Adam K.; Desimone, Laura M.",Reports - Research,2021,NA,Grantee Submission,NA
R305C150007,ED594154,Year 1 State Report: California,"Edgerton, Adam K.; Desimone, Laura M.",Reports - Research,2018,"Center on Standards, Alignment, Instruction, and Learning. 3700 Walnut Street, Philadelphia, PA 19104. 3-mail: gse-csail@gse.upenn.edu; Web site: https://www.c-sail.org/","Center on Standards, Alignment, Instruction, and Learning",NA
R305C150007,ED594156,Year 1 State Report: Kentucky,"Pak, Katie",Reports - Research,2017,"Center on Standards, Alignment, Instruction, and Learning. 3700 Walnut Street, Philadelphia, PA 19104. 3-mail: gse-csail@gse.upenn.edu; Web site: https://www.c-sail.org/","Center on Standards, Alignment, Instruction, and Learning",NA
R305C150007,ED594158,Year 1 State Report: Massachusetts,"Nichols, T. Philip; Plummer, Emily",Reports - Research,2017,"Center on Standards, Alignment, Instruction, and Learning. 3700 Walnut Street, Philadelphia, PA 19104. 3-mail: gse-csail@gse.upenn.edu; Web site: https://www.c-sail.org/","Center on Standards, Alignment, Instruction, and Learning",NA
R305C150007,ED594160,Year 1 State Report: Ohio,"Stornaiuolo, Amy",Reports - Research,2017,"Center on Standards, Alignment, Instruction, and Learning. 3700 Walnut Street, Philadelphia, PA 19104. 3-mail: gse-csail@gse.upenn.edu; Web site: https://www.c-sail.org/","Center on Standards, Alignment, Instruction, and Learning",NA
R305C150007,ED594161,Year 1 State Report: Texas,"Flores, Nelson L.",Reports - Research,2017,"Center on Standards, Alignment, Instruction, and Learning. 3700 Walnut Street, Philadelphia, PA 19104. 3-mail: gse-csail@gse.upenn.edu; Web site: https://www.c-sail.org/","Center on Standards, Alignment, Instruction, and Learning",NA
R305C150007,ED594184,"Standards Implementation in Kentucky: Local Perspectives on Policy, Challenges, Resources, and Instruction","Edgerton, Adam K.; Desimone, Laura M.","Reports - Evaluative,Tests/Questionnaires",2017,"Center on Standards, Alignment, Instruction, and Learning. 3700 Walnut Street, Philadelphia, PA 19104. 3-mail: gse-csail@gse.upenn.edu; Web site: https://www.c-sail.org/","Center on Standards, Alignment, Instruction, and Learning",NA
R305C150007,ED594186,"Standards Implementation in Ohio: Local Perspectives on Policy, Challenges, Resources, and Instruction","Desimone, Laura M.; Edgerton, Adam K.; Yang, Rui","Reports - Evaluative,Tests/Questionnaires",2017,"Center on Standards, Alignment, Instruction, and Learning. 3700 Walnut Street, Philadelphia, PA 19104. 3-mail: gse-csail@gse.upenn.edu; Web site: https://www.c-sail.org/","Center on Standards, Alignment, Instruction, and Learning",NA
R305C150007,ED594187,"Standards Implementation in Texas: Local Perspectives on Policy, Challenges, Resources, and Instruction","Edgerton, Adam; Desimone, Laura M.; Yang, Rui","Reports - Evaluative,Tests/Questionnaires",2017,"Center on Standards, Alignment, Instruction, and Learning. 3700 Walnut Street, Philadelphia, PA 19104. 3-mail: gse-csail@gse.upenn.edu; Web site: https://www.c-sail.org/","Center on Standards, Alignment, Instruction, and Learning",NA
R305C150007,ED604562,New Standards and Old Divides: Policy Attitudes About College- and Career-Readiness Standards for Students with Disabilities,"Edgerton, Adam K.; Fuchs, Douglas; Fuchs, Lynn S.","Journal Articles,Reports - Research",2020,NA,Grantee Submission,https://www.tcrecord.org/
R305C150017,ED627978,"How Is Evidence Use Enacted in Schools? A Mixed Methods Multiple Case Study of ""Deep-Use"" Schools","Farley-Ripple, Elizabeth N.; Tilley, Katherine; Mead, Hilary; Van Horne, Sam; Agboh, Darren",Reports - Research,2022,"Center for Research Use in Education. Center for Research in Education and Social Policy, University of Delaware, 125 Academy Street Suite 107 Pearson Hall, Newark, DE 19716. Tel: 302-831-2928; e-mail: crue-info@udel.edu; Web site: https://crue.cehd.udel.edu/",Center for Research Use in Education,NA
R305C150017,ED627980,Knowledge Mobilization in the Production of Education Research: A Mixed Methods Study,"Farley-Ripple, Elizabeth; MacGregor, Stephen; Mazal, Mia","Reports - Research,Tests/Questionnaires",2023,"Center for Research Use in Education. Center for Research in Education and Social Policy, University of Delaware, 125 Academy Street Suite 107 Pearson Hall, Newark, DE 19716. Tel: 302-831-2928; e-mail: crue-info@udel.edu; Web site: https://crue.cehd.udel.edu/",Center for Research Use in Education,NA
R305C150017,ED627983,Research Brokerage: How Research Enters and Moves through Schools. A Research Brief from the Center for Research Use in Education,"Farley-Ripple, Elizabeth",Reports - Evaluative,2021,"Center for Research Use in Education. Center for Research in Education and Social Policy, University of Delaware, 125 Academy Street Suite 107 Pearson Hall, Newark, DE 19716. Tel: 302-831-2928; e-mail: crue-info@udel.edu; Web site: https://crue.cehd.udel.edu/",Center for Research Use in Education,NA
R305C150017,ED628007,Survey of Evidence in Education for Schools (SEE-S) Descriptive Report,"Farley-Ripple, Elizabeth; Van Horne, Sam; Tilley, Kati; Shewchuk, Samantha; May, Henry; Micklos, Deborah Amsden; Blackman, Horatio",Reports - Research,2022,"Center for Research Use in Education. Center for Research in Education and Social Policy, University of Delaware, 125 Academy Street Suite 107 Pearson Hall, Newark, DE 19716. Tel: 302-831-2928; e-mail: crue-info@udel.edu; Web site: https://crue.cehd.udel.edu/",Center for Research Use in Education,NA
R305C150017,ED628009,Survey of Evidence in Education for Schools (SEE-S) Descriptive Report. Executive Summary,"Farley-Ripple, Elizabeth; Van Horne, Sam; Tilley, Kati; Shewchuk, Samantha; May, Henry; Micklos, Deborah Amsden; Blackman, Horatio",Reports - Descriptive,2022,"Center for Research Use in Education. Center for Research in Education and Social Policy, University of Delaware, 125 Academy Street Suite 107 Pearson Hall, Newark, DE 19716. Tel: 302-831-2928; e-mail: crue-info@udel.edu; Web site: https://crue.cehd.udel.edu/",Center for Research Use in Education,NA
R305C150017,ED628010,Survey of Evidence in Education for Schools (SEE-S) Technical Report,"May, Henry; Blackman, Horatio; Van Horne, Sam; Tilley, Katherine; Farley-Ripple, Elizabeth N.; Shewchuk, Samantha; Agboh, Darren; Micklos, Deborah Amsden","Reports - Research,Numerical/Quantitative Data",2022,"Center for Research Use in Education. Center for Research in Education and Social Policy, University of Delaware, 125 Academy Street Suite 107 Pearson Hall, Newark, DE 19716. Tel: 302-831-2928; e-mail: crue-info@udel.edu; Web site: https://crue.cehd.udel.edu/",Center for Research Use in Education,NA
R305C150017,ED627969,Understanding Brokerage in Education: Backward Tracking from Practice to Research,Samantha Shewchuk; Elizabeth N. Farley-Ripple,Reports - Research,2022,"Center for Research Use in Education. Center for Research in Education and Social Policy, University of Delaware, 125 Academy Street Suite 107 Pearson Hall, Newark, DE 19716. Tel: 302-831-2928; e-mail: crue-info@udel.edu; Web site: https://crue.cehd.udel.edu/",Center for Research Use in Education,NA
R305C150017,ED641321,Understanding Brokerage in Education: Forward Tracking from Research to Practice,Samantha Shewchuk; Elizabeth N. Farley-Ripple,Reports - Research,2023,"Center for Research Use in Education. Center for Research in Education and Social Policy, University of Delaware, 125 Academy Street Suite 107 Pearson Hall, Newark, DE 19716. Tel: 302-831-2928; e-mail: crue-info@udel.edu; Web site: https://crue.cehd.udel.edu/",Center for Research Use in Education,NA
R305C150017,ED641467,Avenues of Influence: An Exploration of School-Based Practitioners' as Knowledge Brokers and Mobilizers,Elizabeth Farley-Ripple; Sara Grajeda,Reports - Research,2020,NA,Grantee Submission,NA
R305C150017,ED641472,An Ego-Network Approach to Understanding Educator and School Ties to Research: From Basic Statistics to Profiles of Capacity,Elizabeth Farley-Ripple; Ji-Young Yun,"Reports - Evaluative,Tests/Questionnaires",2021,NA,Grantee Submission,NA
R305C150017,ED628318,What's the Problem (and Does It Matter)? Exploring the Relationship between Educators' Problem-Framing and External Research Use,Katherine Tilley,Dissertations/Theses - Doctoral Dissertations,2022,NA,Grantee Submission,NA
R305C160004,ED615676,The Effects of a Personalized Recommendation System on Students' High-Stakes Achievement Scores: A Field Experiment,"Chakraborty, Nilanjana; Roy, Samrat; Leite, Walter L.; Faradonbeh, Mohamad Kazem Shirani; Michailidis, George","Speeches/Meeting Papers,Reports - Research",2021,International Educational Data Mining Society. e-mail: admin@educationaldatamining.org; Web site: https://educationaldatamining.org/conferences/,International Educational Data Mining Society,NA
R305C160004,ED614340,Semi-Supervised Learning Method for Adjusting Biased Item Difficulty Estimates Caused by Nonignorable Missingness under 2PL-IRT Model,"Xue, Kang; Huggins-Manley, Anne Corinne; Leite, Walter","Speeches/Meeting Papers,Reports - Research",2020,NA,Grantee Submission,NA
R305C160004,ED595455,Generalizability of Sensor-Free Affect Detection Models in a Longitudinal Dataset of Tens of Thousands of Students,"Jensen, Emily; Hutt, Stephen; D'Mello, Sidney K.","Speeches/Meeting Papers,Reports - Research",2019,NA,Grantee Submission,NA
R305C160004,ED593885,Time to Scale: Generalizable Affect Detection for Tens of Thousands of Students across an Entire School Year,"Hutt, Stephen; Grafsgaard, Joseph F.; D'Mello, Sidney K.",Reports - Research,2019,NA,Grantee Submission,NA
R305C160004,ED599213,Generalizability of Sensor-Free Affect Detection Models in a Longitudinal Dataset of Tens of Thousands of Students,"Jensen, Emily; Hutt, Stephen; D'Mello, Sidney K.","Speeches/Meeting Papers,Reports - Research",2019,International Educational Data Mining Society. e-mail: admin@educationaldatamining.org; Web site: http://www.educationaldatamining.org,International Educational Data Mining Society,NA
R305C160004,ED624108,Modeling One-on-One Online Tutoring Discourse Using an Accountable Talk Framework,"Balyan, Renu; Arner, Tracy; Taylor, Karen; Shin, Jinnie; Banawan, Michelle; Leite, Walter L.; McNamara, Danielle S.","Speeches/Meeting Papers,Reports - Research",2022,International Educational Data Mining Society. e-mail: admin@educationaldatamining.org; Web site: https://educationaldatamining.org/conferences/,International Educational Data Mining Society,NA
R305C160004,ED628193,Heterogeneity of Treatment Effects of a Video Recommendation System for Algebra,"Leite, Walter L.; Kuang, Huan; Shen, Zuchao; Chakraborty, Nilanjana; Michailidis, George; D'Mello, Sidney; Xing, Wanli","Speeches/Meeting Papers,Reports - Research",2022,NA,Grantee Submission,NA
R305C180025,ED629490,A Year That Forced Change: Examining How Schools and School Systems Adapted to the Challenges of the COVID-19 Pandemic and Calls for Racial Justice in 2020. Policy Brief,"Jabbar, Huriya; Enoch-Stevens, Taylor; Winchell Lenhoff, Sarah; Marsh, Julie; Daramola, Eupha Jeanne; Alonso, Jacob; Singer, Jeremy; Watson, Chanteliese; Mulfinger, Laura; Ogden, Kait; Bradley, Dwuana; Hemphill, Annie; Williams, Sheneka",Reports - Research,2023,"National Center for Research on Education Access and Choice. 1555 Poydras Street Suite 700, New Orleans, LA 70112. Tel: 870-540-6576; e-mail: info@reachcentered.org; Web site: https://reachcentered.org/",National Center for Research on Education Access and Choice,NA
R305C180025,ED629590,Choice in a Time of COVID: Immediate Enrollment Decisions in New York City and Detroit. Policy Brief,"Cordes, Sarah A.; Lenhoff, Sarah Winchell; Schwartz, Amy Ellen; Singer, Jeremy; Trajkovski, Samantha",Reports - Descriptive,2023,"National Center for Research on Education Access and Choice. 1555 Poydras Street Suite 700, New Orleans, LA 70112. Tel: 870-540-6576; e-mail: info@reachcentered.org; Web site: https://reachcentered.org/",National Center for Research on Education Access and Choice,NA
R305C180025,ED630053,Virtual Charter Students Have Worse Labor Market Outcomes as Young Adults. Technical Report,"Yoo, Paul Y.; Domina, Thurston; McEachin, Andrew; Clark, Leah; Hertenstein, Hannah; Penner, Andrew M.",Reports - Research,2023,"National Center for Research on Education Access and Choice. 1555 Poydras Street Suite 700, New Orleans, LA 70112. Tel: 870-540-6576; e-mail: info@reachcentered.org; Web site: https://reachcentered.org/",National Center for Research on Education Access and Choice,NA
R305C180025,ED610202,When the Walls Come Down: Evidence on Charter Schools' Ability to Keep Their Best Teachers without Unions and Certification Rules,"Barrett, Nathan; Carlson, Deven; Harris, Douglas N.; Lincove, Jane Arnold","Reports - Research,Numerical/Quantitative Data",2020,NA,Grantee Submission,https://www.reachcentered.org/publications/do-charter-schools-keep-their-best-teachers-and-improve-quality-retention-and-rewards-for-teachers-in-new-orleans
R305C180025,ED621823,What Happens When Families Whose Schools Close Receive EdNavigator Support and OneApp Priority?,"Valant, Jon",Reports - Research,2022,"National Center for Research on Education Access and Choice. 1555 Poydras Street Suite 700, New Orleans, LA 70112. Tel: 870-540-6576; e-mail: info@reachcentered.org; Web site: https://reachcentered.org/",National Center for Research on Education Access and Choice,NA
R305C180025,ED621826,Another One Rides the Bus: The Impact of School Transportation on Student Outcomes in Michigan. Technical Report,"Edwards, Danielle Sanderson",Reports - Research,2022,"National Center for Research on Education Access and Choice. 1555 Poydras Street Suite 700, New Orleans, LA 70112. Tel: 870-540-6576; e-mail: info@reachcentered.org; Web site: https://reachcentered.org/",National Center for Research on Education Access and Choice,NA
R305C180025,ED621827,Schools and School Choice during a Year of Disruption: Views of Parents in Five States. Policy Brief,"Haderlein, Shira; Marsh, Julie; Tong, Tong; Bulkley, Katrina; Jabbar, Huriya; Germain, Emily; Quinn, David; Bradley, Dwuana; Alonso, Jacob; Mulfinger, Laura",Reports - Research,2021,"National Center for Research on Education Access and Choice. 1555 Poydras Street Suite 700, New Orleans, LA 70112. Tel: 870-540-6576; e-mail: info@reachcentered.org; Web site: https://reachcentered.org/",National Center for Research on Education Access and Choice,NA
R305C180025,ED622010,"Extreme Measures: A National Descriptive Analysis of Closure and Restructuring of Traditional Public, Charter, and Private Schools. Technical Report. Updated","Harris, Douglas N.; Martinez-Pabon, Valentina","Reports - Research,Numerical/Quantitative Data",2022,"National Center for Research on Education Access and Choice. 1555 Poydras Street Suite 700, New Orleans, LA 70112. Tel: 870-540-6576; e-mail: info@reachcentered.org; Web site: https://reachcentered.org/",National Center for Research on Education Access and Choice,NA
R305C180025,ED622022,The Effects of School Reopenings on COVID-19 Hospitalizations. Technical Report,"Harris, Douglas N.; Ziedan, Engy; Hassig, Susan","Reports - Research,Numerical/Quantitative Data",2021,"National Center for Research on Education Access and Choice. 1555 Poydras Street Suite 700, New Orleans, LA 70112. Tel: 870-540-6576; e-mail: info@reachcentered.org; Web site: https://reachcentered.org/",National Center for Research on Education Access and Choice,NA
R305C180025,ED622023,The Combined Effects of Charter Schools on Student Outcomes: A National Analysis of School Districts. Technical Report,"Chen, Feng; Harris, Douglas N.","Reports - Research,Numerical/Quantitative Data",2021,"National Center for Research on Education Access and Choice. 1555 Poydras Street Suite 700, New Orleans, LA 70112. Tel: 870-540-6576; e-mail: info@reachcentered.org; Web site: https://reachcentered.org/",National Center for Research on Education Access and Choice,NA
R305C180025,ED622038,How America's Schools Responded to the COVID Crisis. Technical Report,"Harris, Douglas N.; Liu, Lihan; Oliver, Daniel; Balfe, Cathy; Slaughter, Sara; Mattei, Nicholas",Reports - Research,2020,"National Center for Research on Education Access and Choice. 1555 Poydras Street Suite 700, New Orleans, LA 70112. Tel: 870-540-6576; e-mail: info@reachcentered.org; Web site: https://reachcentered.org/",National Center for Research on Education Access and Choice,NA
R305C180025,ED622041,How America's Schools Responded to the COVID Crisis. Policy Brief,"Harris, Douglas N.; Oliver, Daniel; Liu, Lihan; Balfe, Cathy; Slaughter, Sara; Mattei, Nicholas",Reports - Evaluative,2020,"National Center for Research on Education Access and Choice. 1555 Poydras Street Suite 700, New Orleans, LA 70112. Tel: 870-540-6576; e-mail: info@reachcentered.org; Web site: https://reachcentered.org/",National Center for Research on Education Access and Choice,NA
R305C180025,ED622045,Why Did so Many Public Schools Stay Remote during the COVID Crisis? Policy Brief,"Harris, Douglas N.; Oliver, Daniel M.",Reports - Research,2021,"National Center for Research on Education Access and Choice. 1555 Poydras Street Suite 700, New Orleans, LA 70112. Tel: 870-540-6576; e-mail: info@reachcentered.org; Web site: https://reachcentered.org/",National Center for Research on Education Access and Choice,NA
R305C180025,ED622058,"Extreme Measures: A National Descriptive Analysis of Closure and Restructuring of Traditional Public, Charter, and Private Schools. Policy Brief","Harris, Douglas N.; Martinez-Pabon, Valentina",Reports - Research,2022,"National Center for Research on Education Access and Choice. 1555 Poydras Street Suite 700, New Orleans, LA 70112. Tel: 870-540-6576; e-mail: info@reachcentered.org; Web site: https://reachcentered.org/",National Center for Research on Education Access and Choice,NA
R305C180025,ED624269,"The Farther You Go, the Closer You Get: Understanding the Roles of Residential Mobility and Distance in Participation in Public School Choice. Technical Report","Edwards, Danielle Sanderson; Cowen, Joshua","Reports - Research,Numerical/Quantitative Data",2021,"National Center for Research on Education Access and Choice. 1555 Poydras Street Suite 700, New Orleans, LA 70112. Tel: 870-540-6576; e-mail: info@reachcentered.org; Web site: https://reachcentered.org/",National Center for Research on Education Access and Choice,NA
R305C180025,ED624270,The Roles of Residential Mobility and Distance in Participation in Public School Choice. Policy Brief,"Edwards, Danielle Sanderson; Cowen, Joshua",Reports - Research,2022,"National Center for Research on Education Access and Choice. 1555 Poydras Street Suite 700, New Orleans, LA 70112. Tel: 870-540-6576; e-mail: info@reachcentered.org; Web site: https://reachcentered.org/",National Center for Research on Education Access and Choice,NA
R305C180025,ED624454,How Do Charter Schools Affect the Supply of Teachers from University-Based Education Programs? Policy Brief,"Harris, Douglas N.; Penn, Mary",Reports - Research,2022,"National Center for Research on Education Access and Choice. 1555 Poydras Street Suite 700, New Orleans, LA 70112. Tel: 870-540-6576; e-mail: info@reachcentered.org; Web site: https://reachcentered.org/",National Center for Research on Education Access and Choice,NA
R305C180025,ED625862,"Charter Authorizing, Applications, and the Needs of Historically Marginalized Students: A Cross State Analysis. Technical Report","Bulkley, Katrina E.; Lu, Amanda; Meza Fernandez, Kate; Gerry, Alica",Reports - Research,2023,"National Center for Research on Education Access and Choice. 1555 Poydras Street Suite 700, New Orleans, LA 70112. Tel: 870-540-6576; e-mail: info@reachcentered.org; Web site: https://reachcentered.org/",National Center for Research on Education Access and Choice,NA
R305C180025,ED625865,How Charter Authorizers Shape Equity: A Cross-State Analysis of Charter Applications. Policy Brief,"Bulkley, Katrina; Lu, Amanda; Meza Fernandez, Kate; Gerry, Alica",Reports - Descriptive,2023,"National Center for Research on Education Access and Choice. 1555 Poydras Street Suite 700, New Orleans, LA 70112. Tel: 870-540-6576; e-mail: info@reachcentered.org; Web site: https://reachcentered.org/",National Center for Research on Education Access and Choice,NA
R305C180025,ED622113,When the Walls Come Down: Evidence on Charter Schools' Ability to Keep Their Best Teachers without Unions and Certification Rules. Technical Report,"Barrett, Nathan; Carlson, Deven; Harris, Douglas N.; Lincove, Jane Arnold","Reports - Research,Numerical/Quantitative Data",2020,"National Center for Research on Education Access and Choice. 1555 Poydras Street Suite 700, New Orleans, LA 70112. Tel: 870-540-6576; e-mail: info@reachcentered.org; Web site: https://reachcentered.org/",National Center for Research on Education Access and Choice,NA
R305C180025,ED622132,How Does School Bus Transportation Affect Student Attendance and Achievement? Policy Brief,"Edwards, Danielle Sanderson",Reports - Research,2022,"National Center for Research on Education Access and Choice. 1555 Poydras Street Suite 700, New Orleans, LA 70112. Tel: 870-540-6576; e-mail: info@reachcentered.org; Web site: https://reachcentered.org/",National Center for Research on Education Access and Choice,NA
R305C180025,ED622133,States Can Play a Stronger Role in Promoting Equity and Access in School Choice. Policy Brief,"Bulkley, Katrina E.; Marsh, Julie A.; Mulfinger, Laura S.",Reports - Research,2021,"National Center for Research on Education Access and Choice. 1555 Poydras Street Suite 700, New Orleans, LA 70112. Tel: 870-540-6576; e-mail: info@reachcentered.org; Web site: https://reachcentered.org/",National Center for Research on Education Access and Choice,NA
R305C180025,ED622890,Do Charter Schools Keep Their Best Teachers and Improve Quality? Retention and Rewards for Teachers in New Orleans. Policy Brief,"Barrett, Nathan; Carlson, Deven; Harris, Douglas N.; Lincove, Jane Arnold",Reports - Research,2020,"National Center for Research on Education Access and Choice. 1555 Poydras Street Suite 700, New Orleans, LA 70112. Tel: 870-540-6576; e-mail: info@reachcentered.org; Web site: https://reachcentered.org/",National Center for Research on Education Access and Choice,NA
R305C180025,ED626573,School Choice and Competition for Teachers: Evidence from Michigan. Technical Report,"Anderson, Kaitlin P.",Reports - Research,2022,"National Center for Research on Education Access and Choice. 1555 Poydras Street Suite 700, New Orleans, LA 70112. Tel: 870-540-6576; e-mail: info@reachcentered.org; Web site: https://reachcentered.org/",National Center for Research on Education Access and Choice,NA
R305C180025,ED626626,How Do Charter Schools Affect System-Level Test Scores and Graduation Rates? A National Analysis. Policy Brief,"Chen, Feng; Harris, Douglas N.",Reports - Research,2022,"National Center for Research on Education Access and Choice. 1555 Poydras Street Suite 700, New Orleans, LA 70112. Tel: 870-540-6576; e-mail: info@reachcentered.org; Web site: https://reachcentered.org/",National Center for Research on Education Access and Choice,NA
R305C180025,ED642566,How Should the Government Regulate Charter Schools? State Policy Patterns and Causal Effects. Policy Brief,Douglas N. Harris; Roy McKenzie,Reports - Descriptive,2023,"National Center for Research on Education Access and Choice. 1555 Poydras Street Suite 700, New Orleans, LA 70112. Tel: 870-540-6576; e-mail: info@reachcentered.org; Web site: https://reachcentered.org/",National Center for Research on Education Access and Choice,NA
R305C180025,ED642768,National Longitudinal School Database (NLSD): Data Description,Jamie M. Carroll; Douglas N. Harris; Anjana Nair; Emilia Nordgren,Reports - Descriptive,2023,"National Center for Research on Education Access and Choice. 1555 Poydras Street Suite 700, New Orleans, LA 70112. Tel: 870-540-6576; e-mail: info@reachcentered.org; Web site: https://reachcentered.org/",National Center for Research on Education Access and Choice,NA
R305C180025,ED636555,Setting Priorities in School Choice Enrollment Systems: Who Benefits from Placement Algorithm Preferences? Policy Brief,Jon Valant; Brigham Walker,Reports - Descriptive,2023,"National Center for Research on Education Access and Choice. 1555 Poydras Street Suite 700, New Orleans, LA 70112. Tel: 870-540-6576; e-mail: info@reachcentered.org; Web site: https://reachcentered.org/",National Center for Research on Education Access and Choice,NA
R305C180025,ED636559,Setting Priorities in School Choice Enrollment Systems: Who Benefits from Placement Algorithm Preferences? Technical Report,Jon Valant; Brigham Walker,Reports - Research,2023,"National Center for Research on Education Access and Choice. 1555 Poydras Street Suite 700, New Orleans, LA 70112. Tel: 870-540-6576; e-mail: info@reachcentered.org; Web site: https://reachcentered.org/",National Center for Research on Education Access and Choice,NA
R305C180025,ED636786,"The Effects of Unified School Enrollment Systems on New Orleans Schools: Enrollment, Demographics, and Outcomes after the Transition to OneApp. Technical Report",Jane Arnold Lincove; Jon Valant,Reports - Research,2023,"National Center for Research on Education Access and Choice. 1555 Poydras Street Suite 700, New Orleans, LA 70112. Tel: 870-540-6576; e-mail: info@reachcentered.org; Web site: https://reachcentered.org/",National Center for Research on Education Access and Choice,NA
R305C180025,ED660935,The Role of School-Based Transportation in School Choice: Evidence from Detroit. Technical Report,Jeremy Singer; Sarah Winchell Lenhoff,Reports - Research,2024,"National Center for Research on Education Access and Choice. 1555 Poydras Street Suite 700, New Orleans, LA 70112. Tel: 870-540-6576; e-mail: info@reachcentered.org; Web site: https://reachcentered.org/",National Center for Research on Education Access and Choice,NA
R305C180025,ED661838,Is a Picture Worth 51 Million Words? A Text Analysis of Public User Reviews of Schools. Technical Report,Douglas Harris; Jamie Carroll; Debbie Kim; Nicholas Mattei; Olivia Carr,Reports - Research,2024,"National Center for Research on Education Access and Choice. 1555 Poydras Street Suite 700, New Orleans, LA 70112. Tel: 870-540-6576; e-mail: info@reachcentered.org; Web site: https://reachcentered.org/",National Center for Research on Education Access and Choice,NA
R305C180025,ED663913,"What's Old Is New? School Openings, Closings, and Student Achievement. Technical Report",Danielle Sanderson Edwards; Joshua Cowen,Reports - Research,2024,"National Center for Research on Education Access and Choice. 1555 Poydras Street Suite 700, New Orleans, LA 70112. Tel: 870-540-6576; e-mail: info@reachcentered.org; Web site: https://reachcentered.org/",National Center for Research on Education Access and Choice,NA
R305C180025,ED671928,The Segregation Paradox in School Choice. Policy Brief,Danielle Sanderson Edwards; Kaitlin P. Anderson,Reports - Research,2025,"National Center for Research on Education Access and Choice. 1555 Poydras Street Suite 700, New Orleans, LA 70112. Tel: 870-540-6576; e-mail: info@reachcentered.org; Web site: https://reachcentered.org/",National Center for Research on Education Access and Choice,NA
R305C180025,ED671981,How Do Charter Schools Affect System-Level Test Scores and Graduation Rates? A National Analysis. EdWorkingPaper No. 22-525,Douglas N. Harris; Feng Chen,Reports - Research,2022,"Annenberg Institute for School Reform at Brown University. Brown University Box 1985, Providence, RI 02912. Tel: 401-863-7990; Fax: 401-863-1290; e-mail: annenberg@brown.edu; Web site: https://annenberg.brown.edu/",Annenberg Institute for School Reform at Brown University,NA
R305C180025,ED672084,The Politics of School Reopening during COVID-19: A Multiple Case Study of Five Urban Districts in the 2020-21 School Year. EdWorkingPaper No. 22-605,Jeremy Singer; Julie A. Marsh; David Menefee-Libey; Jacob Alonso; Dwuana Bradley; Hanora Tracy,Reports - Research,2023,"Annenberg Institute for School Reform at Brown University. Brown University Box 1985, Providence, RI 02912. Tel: 401-863-7990; Fax: 401-863-1290; e-mail: annenberg@brown.edu; Web site: https://annenberg.brown.edu/",Annenberg Institute for School Reform at Brown University,NA
R305C180025,ED672270,Virtual Charter Students Have Worse Labor Market Outcomes as Young Adults. EdWorkingPaper No. 23-773,Paul Y. Yoo; Thurston Domina; Andrew McEachin; Leah Clark; Hannah Hertenstein; Andrew M. Penner,Reports - Research,2023,"Annenberg Institute for School Reform at Brown University. Brown University Box 1985, Providence, RI 02912. Tel: 401-863-7990; Fax: 401-863-1290; e-mail: annenberg@brown.edu; Web site: https://annenberg.brown.edu/",Annenberg Institute for School Reform at Brown University,NA
R305C180025,ED672425,The Double Burden of School Choice. Technical Report,Huriya Jabbar; Hanora Tracy; Emily Germain; Sarah Winchell Lenhoff; Jacob Alonso; Shira Haderlein,"Reports - Research,Tests/Questionnaires",2025,"National Center for Research on Education Access and Choice. 1555 Poydras Street Suite 700, New Orleans, LA 70112. Tel: 870-540-6576; e-mail: info@reachcentered.org; Web site: https://reachcentered.org/",National Center for Research on Education Access and Choice,NA
R305C180025,ED624453,The Effects of Charter School Entry on the Supply of Teachers from University-Based Education Programs. Technical Report,Douglas N. Harris; Mary Penn,"Reports - Research,Numerical/Quantitative Data",2022,"National Center for Research on Education Access and Choice. 1555 Poydras Street Suite 700, New Orleans, LA 70112. Tel: 870-540-6576; e-mail: info@reachcentered.org; Web site: https://reachcentered.org/",National Center for Research on Education Access and Choice,NA
R305C180025,EJ1394028,Durability and Debate: How State-Level Policy Actors Frame School Choice,Eupha Jeanne Daramola; Taylor N. Allbright; Julie A. Marsh; Huriya Jabbar; Kate E. Kennedy,"Journal Articles,Reports - Research",2023,"Colleges of Education at Arizona State University and the University of South Florida. c/o Editor, USF EDU162, 4202 East Fowler Avenue, Tampa, FL 33620-5650. Tel: 813-974-3400; Fax: 813-974-3826; Web site: https://epaa.asu.edu/ojs/index.php/epaa",Education Policy Analysis Archives,NA
R305C180025,ED661882,Can User Reviews Like Those on GreatSchools Improve Information for Schooling Choices? Policy Brief,Douglas N. Harris; Jamie M. Carroll; Debbie Kim; Nicholas Mattei; Olivia G. Carr,Reports - Evaluative,2024,"National Center for Research on Education Access and Choice. 1555 Poydras Street Suite 700, New Orleans, LA 70112. Tel: 870-540-6576; e-mail: info@reachcentered.org; Web site: https://reachcentered.org/",National Center for Research on Education Access and Choice,NA
R305C180025,ED673285,"Michigan Teacher Licensure, Retention, and Effectiveness during the COVID-19 Pandemic. Working Paper No. 316-0425",Matthew Guzman; Tara Kilbride; Salem Rogers; Katharine O. Strunk,Reports - Research,2025,"National Center for Analysis of Longitudinal Data in Education Research. American Institutes for Research, 1000 Thomas Jefferson Street NW, Washington, DC 20007. Tel: 202-403-5796; Fax: 202-403-6783; e-mail: info@caldercenter.org; Web site: https://caldercenter.org",National Center for Analysis of Longitudinal Data in Education Research (CALDER),NA
R305C180025,ED660597,Responding to Crisis: Virtual Schooling in Oregon during the COVID-19 Pandemic. Policy Brief,Julie A. Marsh; James Bridgeforth; Laura Mulfinger; Desiree O’Neal; Tong Tong,Reports - Research,2024,"National Center for Research on Education Access and Choice. 1555 Poydras Street Suite 700, New Orleans, LA 70112. Tel: 870-540-6576; e-mail: info@reachcentered.org; Web site: https://reachcentered.org/",National Center for Research on Education Access and Choice,NA
R305C180025,ED674791,"Michigan Teacher Licensure, Retention, and Effectiveness during the COVID-19 Pandemic. Technical Report",Matthew Guzman; Tara Kilbride; Salem Rogers; Katharine O. Strunk,Reports - Research,2025,"National Center for Research on Education Access and Choice. 1555 Poydras Street Suite 700, New Orleans, LA 70112. Tel: 870-540-6576; e-mail: info@reachcentered.org; Web site: https://reachcentered.org/",National Center for Research on Education Access and Choice,NA
R305C180025,ED674801,Do Public School Choice Policies Segregate Schools? Dynamic Effects in Michigan. Technical Report,Danielle Sanderson Edwards; Kaitlin P. Anderson,Reports - Research,2025,"National Center for Research on Education Access and Choice. 1555 Poydras Street Suite 700, New Orleans, LA 70112. Tel: 870-540-6576; e-mail: info@reachcentered.org; Web site: https://reachcentered.org/",National Center for Research on Education Access and Choice,NA
R305C180025,ED674805,How Transportation Shapes School Choice: Evidence from Baltimore City Public Schools. Policy Brief,Julia Burdick-Will; Marc L. Stein,Reports - Research,2025,"National Center for Research on Education Access and Choice. 1555 Poydras Street Suite 700, New Orleans, LA 70112. Tel: 870-540-6576; e-mail: info@reachcentered.org; Web site: https://reachcentered.org/",National Center for Research on Education Access and Choice,NA
R305C180025,EJ1494748,Do Public School Choice Policies Segregate Schools? Dynamic Effects in Michigan,Danielle Sanderson Edwards; Kaitlin P. Anderson,"Journal Articles,Reports - Research",2025,"SAGE Publications. 2455 Teller Road, Thousand Oaks, CA 91320. Tel: 800-818-7243; Tel: 805-499-9774; Fax: 800-583-2665; e-mail: journals@sagepub.com; Web site: http://sagepub.com",AERA Open,NA
R305C180025,EJ1494820,The Double Burden of School Choice,Huriya Jabbar; Hanora Tracy; Emily Germain; Sarah Winchell Lenhoff; Jacob Alonso; Shira Haderlein,"Journal Articles,Reports - Research",2025,"SAGE Publications. 2455 Teller Road, Thousand Oaks, CA 91320. Tel: 800-818-7243; Tel: 805-499-9774; Fax: 800-583-2665; e-mail: journals@sagepub.com; Web site: http://sagepub.com",AERA Open,NA
R305C180025,ED678954,"The Effect of Charter Schools on Identification, Service Provision, and Achievement of Students with Disabilities. Technical Report",Scott A. Imberman; Andrew Johnson,Reports - Research,2025,"National Center for Research on Education Access and Choice. 1555 Poydras Street Suite 700, New Orleans, LA 70112. Tel: 870-540-6576; e-mail: info@reachcentered.org; Web site: https://reachcentered.org/",National Center for Research on Education Access and Choice,NA
R305C180025,ED678955,How Do Charter Schools Serve Students with Disabilities? Lessons from Michigan. Policy Brief,Scott A. Imberman; Andrew Johnson,Reports - Descriptive,2026,"National Center for Research on Education Access and Choice. 1555 Poydras Street Suite 700, New Orleans, LA 70112. Tel: 870-540-6576; e-mail: info@reachcentered.org; Web site: https://reachcentered.org/",National Center for Research on Education Access and Choice,NA
R305C180025,ED678958,Do Middle Schoolers Undermatch in High School Choice? Evidence from a Merit-Based School Choice Admission System. Policy Brief,Jane Arnold Lincove,Reports - Research,2025,"National Center for Research on Education Access and Choice. 1555 Poydras Street Suite 700, New Orleans, LA 70112. Tel: 870-540-6576; e-mail: info@reachcentered.org; Web site: https://reachcentered.org/",National Center for Research on Education Access and Choice,NA
R305C180025,ED652693,Viral Change: Trends in Michigan Teacher Attrition and Mobility before and during the COVID-19 Pandemic. Policy Brief,Bryant G. Hopkins; Katherine O. Strunk; Salem Rogers,Reports - Research,2023,"National Center for Research on Education Access and Choice. 1555 Poydras Street Suite 700, New Orleans, LA 70112. Tel: 870-540-6576; e-mail: info@reachcentered.org; Web site: https://reachcentered.org/",National Center for Research on Education Access and Choice,NA
R305C180025,ED656012,Viral Change: Trends in Michigan Teacher Attrition and Mobility before and during the COVID-19 Pandemic,Bryant G. Hopkins; Katherine O. Strunk; Salem Rogers,Reports - Research,2023,NA,Grantee Submission,https://reachcentered.org/uploads/technicalreport/Viral-Change-Hopkins-et-al.-2023.pdf
R305C180025,ED678932,Distance and Disengagement in Middle School: Does Transportation Make a Difference? Technical Report,Samantha Trajkovski; Amy Ellen Schwartz; Sarah A. Cordes,Reports - Research,2025,"National Center for Research on Education Access and Choice. 1555 Poydras Street Suite 700, New Orleans, LA 70112. Tel: 870-540-6576; e-mail: info@reachcentered.org; Web site: https://reachcentered.org/",National Center for Research on Education Access and Choice,NA
R305C180025,ED678935,School Choice Enrollment Systems in Large U.S. Cities: Implications for Integration and Equitable Access. Technical Report,Jon Valant; Jane Arnold Lincove; Nicolas Zerbino,Reports - Research,2025,"National Center for Research on Education Access and Choice. 1555 Poydras Street Suite 700, New Orleans, LA 70112. Tel: 870-540-6576; e-mail: info@reachcentered.org; Web site: https://reachcentered.org/",National Center for Research on Education Access and Choice,NA
R305C180025,ED679663,"The Effect of Charter Schools on Identification, Service Provision, and Achievement of Students with Disabilities. Working Paper 34778",Scott A. Imberman; Andrew S. Johnson,Reports - Research,2026,"National Bureau of Economic Research. 1050 Massachusetts Avenue, Cambridge, MA 02138-5398. Tel: 617-588-0343; Web site: http://www.nber.org",National Bureau of Economic Research,https://www.nber.org/papers/w34778
R305C190004,ED665936,An Introduction to NCRERN's Continuous Improvement Model,Hayley Didriksen,Reports - Descriptive,2022,NA,Grantee Submission,https://ncrern.provingground.cepr.harvard.edu/sites/g/files/omnuum3601/files/ncrern/files/ncrern_process_brief.pdf
R305C190004,ED665937,An Introduction to NCRERN's New York & Ohio Rural Research Network,Katherine Kieninger; Jennifer Ash; Kellie Solowski,Reports - Descriptive,2022,NA,Grantee Submission,https://ncrern.provingground.cepr.harvard.edu/sites/g/files/omnuum3601/files/ncrern/files/ncrern_ny_oh_rural_research_network_introduction_3.pdf
R305C190004,ED665938,The Response of Rural Districts to the COVID-19 Pandemic,Tara Nicola; Alexis Gable; Jennifer Ash,Reports - Research,2020,NA,Grantee Submission,https://cepr.harvard.edu/files/cepr/files/ncrern_report.pdf
R305C190004,ED665939,An Introduction to the NCRERN Replication Network,Jennifer Ash,Reports - Descriptive,2024,NA,Grantee Submission,https://ncrern.provingground.cepr.harvard.edu/sites/g/files/omnuum3601/files/ncrern/files/ncrern_replication_network_9.10_v5_to_post.pdf
R305C190004,ED665950,Improve Attendance with Personalized Messages: A Step-by-Step Guide for Educators. Updated,Jennifer Ash,Guides - Non-Classroom,2024,NA,Grantee Submission,https://ncrern.provingground.cepr.harvard.edu/sites/g/files/omnuum3601/files/2025-01/Personalized%20Messaging%20How%20To%20Guide_updated.pdf
R305C190004,ED666116,An Introduction to NCRERN,Jennifer Ash,Reports - Descriptive,2022,NA,Grantee Submission,https://ncrern.provingground.cepr.harvard.edu/sites/g/files/omnuum3601/files/ncrern/files/ncrern_introduction.pdf
R305C190004,ED666125,Improving Rural Attendance: Trends in Student Absenteeism in NCRERN's New York and Ohio Rural Research Network,Katherine Kieninger; Jennifer Ash; Kellie Solowski; Elise Swanson,Reports - Evaluative,2022,NA,Grantee Submission,https://ncrern.provingground.cepr.harvard.edu/sites/g/files/omnuum3601/files/2025-01/ncrern_historical_attendance_updated%20Jan%202024.pdf
R305C190004,ED666129,Improving Rural Attendance: Results from Six Pilots in NCRERN's New York & Ohio Rural Research Network. Updated,Elise Swanson,Reports - Evaluative,2023,NA,Grantee Submission,https://ncrern.provingground.cepr.harvard.edu/sites/g/files/omnuum3601/files/ncrern/files/ncrern_attendance_results_updated.pdf
R305C190004,ED666145,Supporting Postsecondary Readiness in Rural Districts: Experimental Evidence from a Rural Research Network,Elise Swanson; Jennifer Ash; Sativa Thompson; Lisa Sanbonmatsu; Christopher Avery; Douglas O. Staiger; Thomas J. Kane,Reports - Research,2024,NA,Grantee Submission,https://ncrern.provingground.cepr.harvard.edu/sites/g/files/omnuum3601/files/2024-12/Supporting%20Postsecondary%20Readiness%20in%20Rural%20Districts_Final%20WP.pdf
R305C190004,ED666149,Using Continuous Improvement Cycles to Improve Attendance: Lessons from New York and Ohio's Rural Research Networks,Hayley Didriksen; Kellie Solowski; Jennifer Ash; Katherine Kieninger,Reports - Evaluative,2022,NA,Grantee Submission,https://ncrern.provingground.cepr.harvard.edu/sites/g/files/omnuum3601/files/2025-01/ncrern_attendance_case_study_updated%20Jan%202024.pdf
R305C190004,ED666151,Lifting up Attendance in Rural Districts: A Multi-Site Trial of a Personalized Messaging Campaign,Elise Swanson; Sativa Thompson; Jennifer Ash; Hayley Didriksen; Thomas J. Kane; Douglas O. Staiger; Lisa Sanbonmatsu,Reports - Research,2024,NA,Grantee Submission,https://ncrern.provingground.cepr.harvard.edu/sites/g/files/omnuum3601/files/2025-01/Lifting%20Up%20Attendance%20in%20Rural%20Districts_December%202024.pdf
R305C190004,ED666152,Improving Postsecondary Readiness in Rural Districts: Experimental Evidence from Two Pilots in a Rural Research Network,Elise Swanson; Sativa Thompson,Reports - Evaluative,2024,NA,Grantee Submission,https://ncrern.provingground.cepr.harvard.edu/sites/g/files/omnuum3601/files/2025-01/NCRERN_PSR1%20Results%20Brief_December%202024%20.pdf
R305C190004,ED666153,Come Back…Be Here: Evaluating Strategies to Improve Student Attendance through a Rural Research Network,Elise Swanson; Jennifer Ash; Kristen Cummings; Thomas J. Kane; Douglas O. Staiger; Lisa Sanbonmatsu,Reports - Research,2024,NA,Grantee Submission,https://ncrern.provingground.cepr.harvard.edu/sites/g/files/omnuum3601/files/2025-01/Come%20Back_Be%20Here_December%202024.pdf
R305C190004,ED665438,Pathways to Opportunity: Insights into Military Service from a Rural Research Network,Elise Swanson,Reports - Evaluative,2024,NA,Grantee Submission,https://ncrern.provingground.cepr.harvard.edu/sites/g/files/omnuum3601/files/2024-12/NCRERN_Military_Pathways_December%202024.pdf
R305C190004,ED665439,Pathways to Opportunity: Insights into Workforce Entry from a Rural Research Network,Elise Swanson,Reports - Evaluative,2024,NA,Grantee Submission,https://ncrern.provingground.cepr.harvard.edu/sites/g/files/omnuum3601/files/2024-12/NCRERN_Workforce_Pathways_December%202024.pdf
R305C190004,ED665475,Pathways to Opportunity: Insights into College Access from a Rural Research Network,Elise Swanson,Reports - Research,2024,NA,Grantee Submission,https://ncrern.provingground.cepr.harvard.edu/sites/g/files/omnuum3601/files/2025-03/College%20Pathways_12.17.24.pdf
R305C190004,ED673996,Lifting up Attendance in Rural Districts: A Multi-Site Trial of a Personalized Messaging Campaign. EdWorkingPaper No. 25-1189,Elise Swanson; Sativa Thompson; Jennifer Ash; Hayley Didriksen; Thomas J. Kane; Douglas O. Staiger; Lisa Sanbonmatsu,Reports - Research,2025,"Annenberg Institute for School Reform at Brown University. Brown University Box 1985, Providence, RI 02912. Tel: 401-863-7990; Fax: 401-863-1290; e-mail: annenberg@brown.edu; Web site: https://annenberg.brown.edu/",Annenberg Institute for School Reform at Brown University,NA
R305C190007,ED627474,A Tale of Two Closely Related Skills: Word Reading and Spelling Development and Instruction,Young-Suk Kim,Reports - Research,2022,NA,Grantee Submission,NA
R305C190007,ED676685,The Science of Reading-Writing Connections,Young-Suk Grace Kim,Reports - Evaluative,2025,NA,Grantee Submission,NA
R305C200008,ED621364,"How State, District, and School Levers Can Improve the Course Access of Students Classified as English Learners in Secondary Schools","Vazquez Cano, Manuel; Umansky, Ilana M.; Thompson, Karen D.",Reports - Research,2021,"National Research and Development Center to Improve Education for Secondary English Learners at WestEd. 730 Harrison Street, San Francisco, CA 94107. e-mail: elrdcenter@wested.org; Web site: https://www.elrdcenter.wested.org/",National Research and Development Center to Improve Education for Secondary English Learners at WestEd,NA
R305C200008,ED621820,Teacher Collaboration to Support Multilingual Students Designated as English Learners: Ecological Perspectives and Critical Questions,"Kibler, Amanda K.; Castellón Palacios, Martha","Journal Articles,Reports - Evaluative",2022,NA,Grantee Submission,http://journal.nystesol.org/Vol9no2/NYSTJ_V9_2_Jun2022_Invited_Kibler_3-8.pdf
R305C200008,ED625747,Redefining Approaches for Engaging English Learners with Mathematical Ideas,"Chu, Haiwen; Tran, Tuyet; Hamburger, Leslie",Reports - Descriptive,2022,"National Research and Development Center to Improve Education for Secondary English Learners at WestEd. 730 Harrison Street, San Francisco, CA 94107. e-mail: elrdcenter@wested.org; Web site: https://www.elrdcenter.wested.org/",National Research and Development Center to Improve Education for Secondary English Learners at WestEd,NA
R305C200008,ED625797,Who Is in Charge of English Learner Services? Lessons Learned from a National Co-Teaching and Collaboration Study,"Palacios, Martha; Kibler, Amanda; Farren Burho, Jamey; Garrett Sandstead, Martha; Wiger, Sara; Woodruff, Karrie",Reports - Descriptive,2022,"National Research and Development Center to Improve Education for Secondary English Learners at WestEd. 730 Harrison Street, San Francisco, CA 94107. e-mail: elrdcenter@wested.org; Web site: https://www.elrdcenter.wested.org/",National Research and Development Center to Improve Education for Secondary English Learners at WestEd,NA
R305C200008,ED626107,A New Direction for Assessing English Learners in the Secondary Grades,"Heritage, Margaret; Faulkner-Bond, Molly; Walqui, Aida",Reports - Descriptive,2021,"National Research and Development Center to Improve Education for Secondary English Learners at WestEd. 730 Harrison Street, San Francisco, CA 94107. e-mail: elrdcenter@wested.org; Web site: https://www.elrdcenter.wested.org/",National Research and Development Center to Improve Education for Secondary English Learners at WestEd,NA
R305C200008,ED626108,A Vision for Using an Argument-Based Framework for Validity Applied to a Comprehensive System of Assessments for English Learners in Secondary Grades. Brief I: Perspective on Language Development,"Heritage, Margaret; Wylie, Caroline",Reports - Descriptive,2021,"National Research and Development Center to Improve Education for Secondary English Learners at WestEd. 730 Harrison Street, San Francisco, CA 94107. e-mail: elrdcenter@wested.org; Web site: https://www.elrdcenter.wested.org/",National Research and Development Center to Improve Education for Secondary English Learners at WestEd,NA
R305C200008,ED626109,A Vision for Using An Argument-Based Framework for Validity Applied to a Comprehensive System of Assessments for English Learners in Secondary Grades. Brief II: An Argument-Based Approach to Validity,"Heritage, Margaret; Wylie, Caroline",Reports - Descriptive,2021,"National Research and Development Center to Improve Education for Secondary English Learners at WestEd. 730 Harrison Street, San Francisco, CA 94107. e-mail: elrdcenter@wested.org; Web site: https://www.elrdcenter.wested.org/",National Research and Development Center to Improve Education for Secondary English Learners at WestEd,NA
R305C200008,ED626110,A Vision for Using an Argument-Based Framework for Validity Applied to a Comprehensive System of Assessments for English Learners in Secondary Grades. Brief III: Inverting the Assessment System,"Wylie, Caroline; Heritage, Margaret",Reports - Descriptive,2021,"National Research and Development Center to Improve Education for Secondary English Learners at WestEd. 730 Harrison Street, San Francisco, CA 94107. e-mail: elrdcenter@wested.org; Web site: https://www.elrdcenter.wested.org/",National Research and Development Center to Improve Education for Secondary English Learners at WestEd,NA
R305C200008,ED626111,A Vision for Using an Argument-Based Framework for Validity Applied to a Comprehensive System of Assessments for English Learners in Secondary Grades. Brief IV: Using a Community of Practice Approach to Evaluate the Validity Argument for Classroom-Based Assessment,"Wylie, Caroline; Heritage, Margaret",Reports - Descriptive,2021,"National Research and Development Center to Improve Education for Secondary English Learners at WestEd. 730 Harrison Street, San Francisco, CA 94107. e-mail: elrdcenter@wested.org; Web site: https://www.elrdcenter.wested.org/",National Research and Development Center to Improve Education for Secondary English Learners at WestEd,NA
R305C200008,ED626185,Supporting Adolescent English Learners in Distance Learning: What Can Teachers Do?,"Walqui, Aída",Reports - Descriptive,2020,"National Research and Development Center to Improve Education for Secondary English Learners at WestEd. 730 Harrison Street, San Francisco, CA 94107. e-mail: elrdcenter@wested.org; Web site: https://www.elrdcenter.wested.org/",National Research and Development Center to Improve Education for Secondary English Learners at WestEd,NA
R305C200008,ED626189,Supporting Adolescent English Learners in Distance Learning: What Can School and District Leaders Do?,"Chu, Haiwen",Reports - Descriptive,2020,"National Research and Development Center to Improve Education for Secondary English Learners at WestEd. 730 Harrison Street, San Francisco, CA 94107. e-mail: elrdcenter@wested.org; Web site: https://www.elrdcenter.wested.org/",National Research and Development Center to Improve Education for Secondary English Learners at WestEd,NA
R305C200008,ED642642,Bilingual Education: Examining Policy Levers for English Learner Course Access,Manuel Vazquez Cano; Janette Avelar; Ilana Umansky; Karen D. Thompson,Reports - Descriptive,2023,"National Research and Development Center to Improve Education for Secondary English Learners at WestEd. 730 Harrison Street, San Francisco, CA 94107. e-mail: elrdcenter@wested.org; Web site: https://www.elrdcenter.wested.org/",National Research and Development Center to Improve Education for Secondary English Learners at WestEd,NA
R305C200008,ED670951,English Learners' Access to Core Content: Academic Course Enrollment in High School,Ilana M. Umansky; Nami Shin; Karen D. Thompson; Janette Avelar; Jaclyn Bovee,Reports - Evaluative,2024,"National Research and Development Center to Improve Education for Secondary English Learners at WestEd. 730 Harrison Street, San Francisco, CA 94107. e-mail: elrdcenter@wested.org; Web site: https://www.elrdcenter.wested.org/",National Research and Development Center to Improve Education for Secondary English Learners at WestEd,NA
R305C200008,ED670954,Teacher Preparation: Examining Policy Levers for English Learner Course Access,Manuel Vazquez Cano; Janette Avelar; Ilana M. Umansky; Karen D. Thompson,Reports - Evaluative,2023,"National Research and Development Center to Improve Education for Secondary English Learners at WestEd. 730 Harrison Street, San Francisco, CA 94107. e-mail: elrdcenter@wested.org; Web site: https://www.elrdcenter.wested.org/",National Research and Development Center to Improve Education for Secondary English Learners at WestEd,NA
R305C200008,ED671702,Engaging English Learners with Equivalence as a Crosscutting Concept in Mathematics,Haiwen Chu; Brent Jackson,Reports - Descriptive,2024,"National Research and Development Center to Improve Education for Secondary English Learners at WestEd. 730 Harrison Street, San Francisco, CA 94107. e-mail: elrdcenter@wested.org; Web site: https://www.elrdcenter.wested.org/",National Research and Development Center to Improve Education for Secondary English Learners at WestEd,NA
R305C200008,ED673823,Counselor Availability: Examining Policy Levers for English Learner Course Access,Manuel Vazquez Cano; Janette Avelar; Ilana Umansky; Karen D. Thompson,Reports - Research,2023,"National Research and Development Center to Improve Education for Secondary English Learners at WestEd. 730 Harrison Street, San Francisco, CA 94107. e-mail: elrdcenter@wested.org; Web site: https://www.elrdcenter.wested.org/",National Research and Development Center to Improve Education for Secondary English Learners at WestEd,NA
R305C200008,ED673902,All Sorts of Quality Interactions with English Learners,Haiwen Chu; Guillermo Virgilio Lopez,Reports - Descriptive,2023,NA,Grantee Submission,NA
R305C200008,ED673742,English Learners Collaborating to Connect with Networks,Haiwen Chu; Jill Neumayer DePiper; Lyn Westergard,Reports - Descriptive,2025,NA,Grantee Submission,NA
R305C200008,ED674747,"Rethinking Language in Mathematics for English Learners: Connecting Theory, Research, and Practice",Haiwen Chu; Monique Evans,Reports - Evaluative,2025,"National Research and Development Center to Improve Education for Secondary English Learners at WestEd. 730 Harrison Street, San Francisco, CA 94107. e-mail: elrdcenter@wested.org; Web site: https://www.elrdcenter.wested.org/",National Research and Development Center to Improve Education for Secondary English Learners at WestEd,NA
R305C200016,ED663484,Effects of Social Studies-Embedded Literacy Instruction on the Informational Writing of Adolescent Emergent Bilinguals,Tim T. Andress,Dissertations/Theses - Doctoral Dissertations,2024,"ProQuest LLC. 789 East Eisenhower Parkway, P.O. Box 1346, Ann Arbor, MI 48106. Tel: 800-521-0600; Web site: http://www.proquest.com/en-US/products/dissertations/individuals.shtml",ProQuest LLC,https://gateway.proquest.com/openurl?url_ver=Z39.88-2004&rft_val_fmt=info:ofi/fmt:kev:mtx:dissertation&res_dat=xri:pqm&rft_dat=xri:pqdiss:31690627
R305C210003,ED648670,Teaching and Designing Online STEM Courses to Support Self-Directed Learning Skills,Louise Yarnall; Rebecca Griffiths; Hannah Cheever,Information Analyses,2023,NA,Grantee Submission,https://postseccollab.org/wp-content/uploads/2023/06/Teaching-and-Designing-Online-STEM-Courses-to-Support-Self-Directed-Learning-Skills_postsec-collaborative-whitepaper_05192023_Acc.pdf
R305C210003,ED650853,Supporting Learning Online: Perspectives of Faculty and Staff at Broad-Access Institutions during COVID-19,Amy E. Brown; Susan Bickerstaff; Nikki Edgecombe,Reports - Research,2024,"Community College Research Center. Available from: CCRC Publications. Teachers College, Columbia University, 525 West 120th Street Box 174, New York, NY 10027. Tel: 212-678-3091; Fax: 212-678-3699; e-mail: ccrc@columbia.edu; Web site: http://ccrc.tc.columbia.edu/","Community College Research Center, Teachers College, Columbia University",NA
R305C210003,ED650083,Self-Directed Learning Skills: Strategies to Support Student Learning in Online STEM Courses. Brief,Ellen Wasserman; Susan Bickerstaff; Nikki Edgecombe,Reports - Research,2024,"Community College Research Center. Available from: CCRC Publications. Teachers College, Columbia University, 525 West 120th Street Box 174, New York, NY 10027. Tel: 212-678-3091; Fax: 212-678-3699; e-mail: ccrc@columbia.edu; Web site: http://ccrc.tc.columbia.edu/","Community College Research Center, Teachers College, Columbia University",NA
R305C210003,ED671203,Beyond Engagement: Promoting Motivation and Learning in Online Courses,Susan Bickerstaff; Akilah H. Thompson; Keena P. Walters; Jenivee Gastelum,Reports - Research,2025,"Community College Research Center. Available from: CCRC Publications. Teachers College, Columbia University, 525 West 120th Street Box 174, New York, NY 10027. Tel: 212-678-3091; Fax: 212-678-3699; e-mail: ccrc@columbia.edu; Web site: http://ccrc.tc.columbia.edu/","Community College Research Center, Teachers College, Columbia University",NA
R305C210003,ED679877,Technical Report: Psychometric Properties of Self-Directed Learning Survey Measures in Broad Access Institution Contexts,Arif Rachmatullah; Jessica Mislevy; Krystal Thomas,"Reports - Research,Numerical/Quantitative Data",2026,"SRI International. 333 Ravenswood Avenue, Menlo Park, CA 94025. Tel: 650-859-2000; e-mail: customer.service@sri.com; Web site: https://www.sri.com/","SRI Education, a Division of SRI International",NA
R305E050052,ED501932,"Preferences, Information, and Parental Choice Behavior in Public School Choice. NBER Working Paper No. 12995","Hastings, Justine S.; Van Weelden, Richard; Weinstein, Jeffrey",Reports - Evaluative,2007,"National Bureau of Economic Research. 1050 Massachusetts Avenue, Cambridge, MA 02138-5398. Tel: 617-588-0343; Web site: http://www.nber.org/cgi-bin/get_bars.pl?bar=pub",National Bureau of Economic Research,http://www.nber.org/papers/w12995
R305E050135,EJ795674,Performance Evaluation and Compensation for Public School Principals: Results from a National Survey,"Kimball, Steven M.; Heneman, Herbert G., III; Milanowski, Anthony","Journal Articles,Reports - Research",2007,"Educational Research Service. 1001 North Fairfax Street Suite 500, Alexandria, VA 22314. Tel: 800-791-9308; Fax: 800-791-9309; e-mail: ers@ers.org; Web site: http://www.ers.org",ERS Spectrum,http://www.ers.org/periodicals.php
R305E090003,EJ1194589,"School Choice Decision Making among Suburban, High-Income Parents","Altenhofen, Shannon; Berends, Mark; White, Thomas G.","Journal Articles,Reports - Research",2016,"SAGE Publications. 2455 Teller Road, Thousand Oaks, CA 91320. Tel: 800-818-7243; Tel: 805-499-9774; Fax: 800-583-2665; e-mail: journals@sagepub.com; Web site: http://sagepub.com",AERA Open,NA
R305E090003,ED672259,A Kindergarten Lottery Evaluation of Core Knowledge Charter Schools: Should Building General Knowledge Have a Central Role in Educational and Social Science Research and Policy? EdWorkingPaper No. 23-755,David Grissmer; Thomas White; Richard Buddin; Mark Berends; Daniel Willingham; Jamie DeCoster; Chelsea Duran; Chris Hulleman; William Murrah; Tanya Evans,Reports - Research,2023,"Annenberg Institute for School Reform at Brown University. Brown University Box 1985, Providence, RI 02912. Tel: 401-863-7990; Fax: 401-863-1290; e-mail: annenberg@brown.edu; Web site: https://annenberg.brown.edu/",Annenberg Institute for School Reform at Brown University,NA
R305E090005,ED563059,Do Interim Assessments Influence Instructional Practice in Year One? Evidence from Indiana Elementary School Teachers,"Chojnacki, Gregory; Eno, Jared; Liu, Feng; Meyers, Coby; Konstantopoulos, Spyros; Miller, Shazia; van der Ploeg, Arie",Reports - Research,2013,"Society for Research on Educational Effectiveness. 2040 Sheridan Road, Evanston, IL 60208. Tel: 202-495-0920; Fax: 202-640-4401; e-mail: inquiries@sree.org; Web site: http://www.sree.org",Society for Research on Educational Effectiveness,NA
R305E090009,EJ1323710,"Impact of the Tennessee Voluntary Prekindergarten Program on Children's Literacy, Language, and Mathematics Skills: Results from a Regression-Discontinuity Design","Pion, Georgine M.; Lipsey, Mark W.","Journal Articles,Reports - Research",2021,"SAGE Publications. 2455 Teller Road, Thousand Oaks, CA 91320. Tel: 800-818-7243; Tel: 805-499-9774; Fax: 800-583-2665; e-mail: journals@sagepub.com; Web site: http://sagepub.com",AERA Open,NA
R305E090009,EJ1194652,Early Grade Teacher Effectiveness and Pre-K Effect Persistence: Evidence from Tennessee,"Swain, Walker A.; Springer, Matthew G.; Hofer, Kerry G.","Journal Articles,Reports - Research",2015,"SAGE Publications. 2455 Teller Road, Thousand Oaks, CA 91320. Tel: 800-818-7243; Tel: 805-499-9774; Fax: 800-583-2665; e-mail: journals@sagepub.com; Web site: http://sagepub.com",AERA Open,NA
R305E090009,ED566664,A Randomized Control Trial of a Statewide Voluntary Prekindergarten Program on Children's Skills and Behaviors through Third Grade. Research Report,"Lipsey, Mark W.; Farran, Dale C.; Hofer, Kerry G.",Reports - Research,2015,"Peabody Research Institute. 230 Appleton Place, PMB 0181, Nashville, TN 37203. Tel: 615-322-8540; Fax: 615-322-0293; Web site: http://peabody.vanderbilt.edu/research/pri",Peabody Research Institute,NA
R305E090009,ED566667,Evaluation of the Tennessee Voluntary Prekindergarten Program: Kindergarten and First Grade Follow-Up Results from the Randomized Control Design. Research Report,"Lipsey, Mark W.; Hofer, Kerry G.; Dong, Nianbo; Farran, Dale C.; Bilbrey, Carol",Reports - Research,2013,"Peabody Research Institute. 230 Appleton Place, PMB 0181, Nashville, TN 37203. Tel: 615-322-8540; Fax: 615-322-0293; Web site: http://peabody.vanderbilt.edu/research/pri",Peabody Research Institute,NA
R305E090009,ED574819,Effects of a State Prekindergarten Program on Children's Achievement and Behavior through Third Grade. Working Paper,"Lipsey, Mark W.; Farran, Dale C.; Hofer, Kerry G.",Reports - Research,2016,"Peabody Research Institute. 230 Appleton Place, PMB 0181, Nashville, TN 37203. Tel: 615-322-8540; Fax: 615-322-0293; Web site: http://peabody.vanderbilt.edu/research/pri",Peabody Research Institute,NA
R305E090009,ED670862,A Reanalysis of Impacts of the Tennessee Voluntary Prekindergarten Program. EdWorkingPaper No. 19-28,Tyler W. Watts; Greg J. Duncan; Mariela Rivas,Reports - Research,2019,"Annenberg Institute for School Reform at Brown University. Brown University Box 1985, Providence, RI 02912. Tel: 401-863-7990; Fax: 401-863-1290; e-mail: annenberg@brown.edu; Web site: https://annenberg.brown.edu/",Annenberg Institute for School Reform at Brown University,NA
R305E090019,ED545472,"Implementing Ninth Grade Academies in Broward County, Florida","Legters, Nettie; Parise, Leigh; Rappaport, Shelley",Reports - Research,2013,"MDRC. 16 East 34th Street 19th Floor, New York, NY 10016-4326. Tel: 212-532-3200; Fax: 212-684-0832; e-mail: publications@mdrc.org; Web site: http://www.mdrc.org",MDRC,NA
R305E090019,ED565716,A Community of Practice Approach to Support for Ninth-Graders in Urban High Schools. Policy Brief,"Legters, Nettie; Parise, Leigh",Reports - Research,2016,"MDRC. 16 East 34th Street 19th Floor, New York, NY 10016-4326. Tel: 212-532-3200; Fax: 212-684-0832; e-mail: publications@mdrc.org; Web site: http://www.mdrc.org",MDRC,NA
R305E090019,ED566404,Helping Students Make the Transition into High School: The Effect of Ninth Grade Academies on Students' Academic and Behavioral Outcomes,"Somers, Marie-Andrée; Garcia, Ivonne","Reports - Evaluative,Numerical/Quantitative Data",2016,"MDRC. 16 East 34th Street 19th Floor, New York, NY 10016-4326. Tel: 212-532-3200; Fax: 212-684-0832; e-mail: publications@mdrc.org; Web site: http://www.mdrc.org",MDRC,NA
R305E100008,EJ1194179,The Gap within the Gap: Using Longitudinal Data to Understand Income Differences in Educational Outcomes,"Michelmore, Katherine; Dynarski, Susan","Journal Articles,Reports - Research",2017,"SAGE Publications. 2455 Teller Road, Thousand Oaks, CA 91320. Tel: 800-818-7243; Tel: 805-499-9774; Fax: 800-583-2665; e-mail: journals@sagepub.com; Web site: http://sagepub.com",AERA Open,NA
R305E100008,ED670819,Can Light-Touch College-Going Interventions Make a Difference? Evidence from a Statewide Experiment in Michigan. EdWorkingPaper No. 19-36,Joshua Hyman,Reports - Research,2019,"Annenberg Institute for School Reform at Brown University. Brown University Box 1985, Providence, RI 02912. Tel: 401-863-7990; Fax: 401-863-1290; e-mail: annenberg@brown.edu; Web site: https://annenberg.brown.edu/",Annenberg Institute for School Reform at Brown University,NA
R305E100008,ED670863,Quasi-Experimental Evaluation of Alternative Sample Selection Corrections. EdWorkingPaper No. 19-37,Robert Garlick; Joshua Hyman,Reports - Research,2018,"Annenberg Institute for School Reform at Brown University. Brown University Box 1985, Providence, RI 02912. Tel: 401-863-7990; Fax: 401-863-1290; e-mail: annenberg@brown.edu; Web site: https://annenberg.brown.edu/",Annenberg Institute for School Reform at Brown University,NA
R305E100008,ED672339,College Counseling in the Classroom: Randomized Evaluation of a Teacher-Based Approach to College Advising. EdWorkingPaper No. 23-793,Joshua Hyman,Reports - Research,2023,"Annenberg Institute for School Reform at Brown University. Brown University Box 1985, Providence, RI 02912. Tel: 401-863-7990; Fax: 401-863-1290; e-mail: annenberg@brown.edu; Web site: https://annenberg.brown.edu/",Annenberg Institute for School Reform at Brown University,NA
R305E100013,ED521468,How Performance Information Affects Human-Capital Investment Decisions: The Impact of Test-Score Labels on Educational Outcomes. NBER Working Paper No. 17120,"Papay, John P.; Murnane, Richard J.; Willett, John B.",Reports - Evaluative,2011,"National Bureau of Economic Research. 1050 Massachusetts Avenue, Cambridge, MA 02138-5398. Tel: 617-588-0343; Web site: http://www.nber.org",National Bureau of Economic Research,http://papers.nber.org/papers/w17120#
R305E100013,ED527851,High-School Exit Examinations and the Schooling Decisions of Teenagers: A Multi-Dimensional Regression-Discontinuity Analysis. NBER Working Paper No. 17112,"Papay, John P.; Willett, John B.; Murnane, Richard J.",Reports - Evaluative,2011,"National Bureau of Economic Research. 1050 Massachusetts Avenue, Cambridge, MA 02138-5398. Tel: 617-588-0343; Web site: http://www.nber.org",National Bureau of Economic Research,http://www.nber.org/papers/w17112
R305E100030,ED578800,Building Student Ownership and Responsibility: Examining Student Outcomes from a Research-Practice Partnership,"Cannata, Marisa; Redding, Christopher; Nguyen, Tuan D.","Reports - Research,Tests/Questionnaires",2016,NA,Grantee Submission,NA
R305E100030,ED607243,How Do Schools Learn as Organizations? Understanding of Growth Mindset during a School Improvement Initiative,"Joshi, Ela; Patrick, Susan Kemper","Speeches/Meeting Papers,Reports - Research",2017,"AERA Online Paper Repository. Available from: American Educational Research Association. 1430 K Street NW Suite 1200, Washington, DC 20005. Tel: 202-238-3200; Fax: 202-238-3250; e-mail: subscriptions@aera.net; Web site: http://www.aera.net",AERA Online Paper Repository,http://www.aera.net/Publications/Online-Paper-Repository/AERA-Online-Paper-Repository
R305E100030,ED663513,Applications of Planned Missing Data Designs in Latent Change Score Models,Ayse Busra Ceviren,Dissertations/Theses - Doctoral Dissertations,2024,"ProQuest LLC. 789 East Eisenhower Parkway, P.O. Box 1346, Ann Arbor, MI 48106. Tel: 800-521-0600; Web site: http://www.proquest.com/en-US/products/dissertations/individuals.shtml",ProQuest LLC,https://gateway.proquest.com/openurl?url_ver=Z39.88-2004&rft_val_fmt=info:ofi/fmt:kev:mtx:dissertation&res_dat=xri:pqm&rft_dat=xri:pqdiss:31674384
R305E100043,EJ1275738,Researcher-Practitioner Partnerships: Lessons Learned from the First Year of the Middle School Intervention Project (MSIP),"Nelson, Nancy J.; Smith, Jean Louise M.; Fien, Hank; Crone, Deanne A.; Baker, Scott K.; Kame'enui, Edward J.","Journal Articles,Reports - Research",2016,"Council of Administrators of Special Education. 1675 East Seminole Street Suite L1, Springfield, MO 65804. Tel: 417-427-7720; Fax: 417-427-6520; e-mail: office@casecec.org; Web site: https://www.casecec.org/journal",Journal of Special Education Leadership,NA
R305E120006,ED588913,How Does Repeating a Grade Impact Students' High School Persistence and Behavior? The Case of New York City. Research Brief,NA,Reports - Research,2018,NA,Grantee Submission,http://www.rand.org/t/RB10025
R305E120010,ED555555,Assessment of the Florida College and Career Readiness Initiative: Year 1 Report,"Mokher, Christine; Jacobson, Louis; Rosenbaum, James; LaLonde, Robert",Reports - Research,2013,"CNA Corporation. 4825 Mark Center Drive, Alexandria, VA 22311. Tel: 703-824-2000; e-mail: inquiries@na.org; Web site: http://www.cna.org",CNA Corporation,NA
R305E120010,ED555556,"Assessment of the Florida College and Career Readiness Initiative: Year 2 Report, Executive Summary","Mokher, Christine; Jacobson, Lou",Reports - Research,2014,"CNA Corporation. 4825 Mark Center Drive, Alexandria, VA 22311. Tel: 703-824-2000; e-mail: inquiries@na.org; Web site: http://www.cna.org",CNA Corporation,NA
R305E120010,ED555558,Assessment of the Florida College and Career Readiness Initiative: Year 2 Report,"Mokher, Christine; Jacobson, Lou",Reports - Research,2014,"CNA Corporation. 4825 Mark Center Drive, Alexandria, VA 22311. Tel: 703-824-2000; e-mail: inquiries@na.org; Web site: http://www.cna.org",CNA Corporation,NA
R305E120010,ED612990,Lessons Learned from the 2015 Summer College Readiness Professional Development Forum Series. Florida College and Career Readiness Initiative,"Nana, Rikesh; Flory, Michael",Reports - Research,2015,"CNA Corporation. 4825 Mark Center Drive, Alexandria, VA 22311. Tel: 703-824-2000; e-mail: inquiries@na.org; Web site: http://www.cna.org",CNA Corporation,NA
R305E120010,ED582148,Improving College and Career Outcomes of Low-Performing High School Students. Policy Proposal 2017-07,"Jacobson, Louis S.",Reports - Descriptive,2017,"Hamilton Project. Available from: Brookings Institution. 1775 Massachusetts Avenue NW, Washington, DC 20036. Tel: 202-797-6484; Fax: 202-741-6575; e-mail: info@hamiltonproject.org; Web site: http://www.hamiltonproject.org",Hamilton Project,http://www.hamiltonproject.org/assets/files/improving_college_career_outcomes_low_performing_students_pp.pdf
R305E120010,ED592887,Assessment of the Florida College and Career Readiness Initiative: 2018 Final Technical Report,"Mokher, Christine; Leeds, Daniel; Harris, Julie",Reports - Research,2018,"CNA Corporation. 4825 Mark Center Drive, Alexandria, VA 22311. Tel: 703-824-2000; e-mail: inquiries@na.org; Web site: http://www.cna.org",CNA Corporation,NA
R305E120010,ED592888,Assessment of the Florida College and Career Readiness Initiative: 2018 Final Summary Report,"Mokher, Christine; Leeds, Daniel; Harris, Julie",Reports - Research,2018,"CNA Corporation. 4825 Mark Center Drive, Alexandria, VA 22311. Tel: 703-824-2000; e-mail: inquiries@na.org; Web site: http://www.cna.org",CNA Corporation,NA
R305E120010,ED592890,The Complexities of Recruiting Participants for a Statewide Education Survey,"Mokher, Christine; Pearson, Juliana Louise","Journal Articles,Reports - Research",2017,NA,Grantee Submission,NA
R305E150006,ED624034,"A Foot in the Door: Growth in Participation and Equity in Dual Enrollment in California. Research Brief. Volume 6, Number 7","Kurlaender, Michal; Reed, Sherrie; Grosz, Michel; Mathias, Joanna; Hughes, Katherine",Reports - Research,2021,NA,Grantee Submission,NA
R305E150006,ED624036,Improving College Readiness: A Research Summary and Implications for Practice,"Kurlaender, Michal; Reed, Sherrie; Hurtt, Alexandria",Reports - Research,2019,"Policy Analysis for California Education, PACE. 520 Galvez Mall, CERAS Room 401, Stanford, CA 94305-3001. Tel: 650-724-2832; Fax: 510-642-9148; e-mail: info@edpolicyinca.org; Web site: http://www.edpolicyinca.org","Policy Analysis for California Education, PACE",NA
R305E150006,ED624043,"A Leg Up on College: The Scale and Distribution of Community College Participation among California High School Students. Research Brief. Volume 5, Number 1","Friedmann, Elizabeth; Kurlaender, Michal; Li, Alice; Rumberger, Russell",Reports - Research,2020,NA,Grantee Submission,NA
R305E150006,ED591086,Predicting College Success: How Do Different High School Assessments Measure Up?,"Kurlaender, Michal; Kramer, K. A.; Jackson, Erika",Reports - Research,2018,"Policy Analysis for California Education, PACE. 3653 Tolman Hall, Berkeley, CA 94720-1670. Tel: 510-642-7223; Fax: 510-642-9148; e-mail: pace@berkeley.edu; Web site: http://www.edpolicyinca.org","Policy Analysis for California Education, PACE",NA
R305E150006,ED600439,12th Grade Course-Taking and the Distribution of Opportunity for College Readiness in Mathematics,"Asim, Minahil; Kurlaender, Michal; Reed, Sherrie",Reports - Evaluative,2019,"Policy Analysis for California Education, PACE. 520 Galvez Mall, CERAS Room 401, Stanford, CA 94305-3001. Tel: 650-724-2832; Fax: 510-642-9148; e-mail: info@edpolicyinca.org; Web site: http://www.edpolicyinca.org","Policy Analysis for California Education, PACE",NA
R305E150006,ED600442,Improving College Readiness: Leveraging Research to Inform Practice,"Kurlaender, Michal; Reed, Sherrie; Hurtt, Alexandria",Reports - Descriptive,2019,"Policy Analysis for California Education, PACE. 520 Galvez Mall, CERAS Room 401, Stanford, CA 94305-3001. Tel: 650-724-2832; Fax: 510-642-9148; e-mail: info@edpolicyinca.org; Web site: http://www.edpolicyinca.org","Policy Analysis for California Education, PACE",NA
R305E150006,ED594597,College Readiness in the Era of Common Core. Technical Report. Getting Down to Facts II,"Kurlaender, Michal; Reed, Sherrie; Cohen, Kramer; Ballis, Briana",Reports - Evaluative,2018,"Policy Analysis for California Education, PACE. 520 Galvez Mall, CERAS Room 401, Stanford, CA 94305-3001. Tel: 650-724-2832; Fax: 510-642-9148; e-mail: info@edpolicyinca.org; Web site: http://www.edpolicyinca.org","Policy Analysis for California Education, PACE",NA
R305E150006,ED594616,A Portrait of California Career Technical Education Pathway Completers. Technical Report. Getting Down to Facts II,"Reed, Sherrie; Dougherty, Shaun M.; Kurlaender, Michal; Mathias, Joanna",Reports - Research,2018,"Policy Analysis for California Education, PACE. 520 Galvez Mall, CERAS Room 401, Stanford, CA 94305-3001. Tel: 650-724-2832; Fax: 510-642-9148; e-mail: info@edpolicyinca.org; Web site: http://www.edpolicyinca.org","Policy Analysis for California Education, PACE",NA
R305E150006,ED594712,Predicting College Success: How Do Different High School Assessments Measure Up?,"Kurlaender, Michal; Cohen, Kramer",Reports - Research,2019,"Policy Analysis for California Education, PACE. 520 Galvez Mall, CERAS Room 401, Stanford, CA 94305-3001. Tel: 650-724-2832; Fax: 510-642-9148; e-mail: info@edpolicyinca.org; Web site: http://www.edpolicyinca.org","Policy Analysis for California Education, PACE",NA
R305E150006,ED605105,Strengthening the Road to College: California's College Readiness Standards and Lessons from District Leaders,"Reed, Sherrie; Kurlaender, Michal; Carrell, Scott",Reports - Research,2019,"Policy Analysis for California Education, PACE. 520 Galvez Mall, CERAS Room 401, Stanford, CA 94305-3001. Tel: 650-724-2832; Fax: 510-642-9148; e-mail: info@edpolicyinca.org; Web site: http://www.edpolicyinca.org","Policy Analysis for California Education, PACE",NA
R305E150006,ED624116,Where California High School Students Attend College,"Kurlaender, Michal; Reed, Sherrie; Cohen, Kramer; Naven, Matt; Martorell, Paco; Carrell, Scott",Reports - Research,2018,"Policy Analysis for California Education, PACE. 520 Galvez Mall, CERAS Room 401, Stanford, CA 94305-3001. Tel: 650-724-2832; Fax: 510-642-9148; e-mail: info@edpolicyinca.org; Web site: http://www.edpolicyinca.org","Policy Analysis for California Education, PACE",NA
R305E150006,ED628238,Innovating High School Math through K-12 and Higher Education Partnerships,"Reed, Sherrie; Bracco, Kathy; Kurlaender, Michal; Merritt, Cassandra",Reports - Descriptive,2023,"Policy Analysis for California Education, PACE. 520 Galvez Mall, CERAS Room 401, Stanford, CA 94305-3001. Tel: 650-724-2832; Fax: 510-642-9148; e-mail: info@edpolicyinca.org; Web site: http://www.edpolicyinca.org","Policy Analysis for California Education, PACE",NA
R305E150006,ED633125,Inequality in Academic Preparation for College,"Reed, Sherrie; Hurtt, Alexandria; Kurlaender, Michal; Luu, Justin; Merritt, Cassandra",Reports - Research,2023,"Policy Analysis for California Education, PACE. 520 Galvez Mall, CERAS Room 401, Stanford, CA 94305-3001. Tel: 650-724-2832; Fax: 510-642-9148; e-mail: info@edpolicyinca.org; Web site: http://www.edpolicyinca.org","Policy Analysis for California Education, PACE",NA
R305E150006,ED634892,Working as Designed: A Causal Analysis of AB 705 Shows Increased Rates of Transfer-Level Course Taking and Passage. Research Brief,Alice Li,Reports - Research,2023,NA,Grantee Submission,NA
R305E150006,ED652120,Pandemic-Period Enrollment and Persistence in California Community Colleges,Robert Linden; Michal Kurlaender; Paco Martorell; Scott E. Carrell,"Reports - Research,Numerical/Quantitative Data",2022,NA,Grantee Submission,NA
R305E150006,ED672273,Within-School Heterogeneity in Quality: Do Schools Provide Equal Value Added to All Students? EdWorkingPaper No. 23-778,Matthew Naven,Reports - Research,2023,"Annenberg Institute for School Reform at Brown University. Brown University Box 1985, Providence, RI 02912. Tel: 401-863-7990; Fax: 401-863-1290; e-mail: annenberg@brown.edu; Web site: https://annenberg.brown.edu/",Annenberg Institute for School Reform at Brown University,NA
R305F050117,ED504279,"The Challenge of Improving Children's Writing Ability: A Randomized Evaluation of ""Writing Wings""","Puma, Michael; Tarkow, Allison; Puma, Anna","Reports - Research,Tests/Questionnaires",2007,NA,Grantee Submission,NA
R305F050223,ED588795,"Evaluation of the Computer and Team Assisted Mathematical Acceleration (CATAMA) Lab for Urban, High-Poverty, High Minority Middle Grade Students. Final Report to the Institute of Education Sciences","Balfanz, Robert; Ruby, Allen; Mac Iver, Doug",Reports - Research,2008,NA,Grantee Submission,NA
R305F050284,ED571811,Influence of Risk and Community Setting on Kindergarten Children's Development. R2Ed Working Paper 2015-2,"Holmes, Shannon R.; Sheridan, Susan M.; Witte, Amanda L.; Bhatia, Sonya A.; Coutts, Michael J.",Reports - Research,2015,"National Center for Research on Rural Education. University of Nebraska-Lincoln, 216 Mabel Lee Hall, Lincoln, NE 68588. Tel: 402-472-2448; Web site: http://r2ed.unl.edu/",National Center for Research on Rural Education,NA
R305F100002,EJ1342801,Predicting Language Performance from Narrative Language Samples,"Murphy, Kimberly A.; Springle, Alisha P.; Sultani, Mollee J.; McIlraith, Autumn","Journal Articles,Reports - Research",2022,"American Speech-Language-Hearing Association. 2200 Research Blvd #250, Rockville, MD 20850. Tel: 301-296-5700; Fax: 301-296-8580; e-mail: slhr@asha.org; Web site: http://jslhr.pubs.asha.org","Journal of Speech, Language, and Hearing Research",NA
R305F100002,EJ1067954,The Dimensionality of Spanish in Young Spanish-English Dual-Language Learners,NA,"Journal Articles,Reports - Research",2015,"American Speech-Language-Hearing Association (ASHA). 10801 Rockville Pike, Rockville, MD 20852. Tel: 800-638-8255; Fax: 301-571-0457; e-mail: subscribe@asha.org; Web site: http://jslhr.asha.org","Journal of Speech, Language, and Hearing Research",http://jslhr.pubs.asha.org/article.aspx?articleid=2209891
R305F100002,ED588184,Home Literacy Environment of Spanish-Speaking Latino Families,"Yeomans-Maldonado, Gloria",Dissertations/Theses - Doctoral Dissertations,2017,"ProQuest LLC. 789 East Eisenhower Parkway, P.O. Box 1346, Ann Arbor, MI 48106. Tel: 800-521-0600; Web site: http://www.proquest.com/en-US/products/dissertations/individuals.shtml",ProQuest LLC,http://gateway.proquest.com/openurl?url_ver=Z39.88-2004&rft_val_fmt=info:ofi/fmt:kev:mtx:dissertation&res_dat=xri:pqm&rft_dat=xri:pqdiss:10901889
R305F100002,ED604028,The Role of Prek Spanish in Predicting First Grade English Word Reading among Dual Language Learners,"Mesa, Carol; Yeomans-Maldonado, Gloria",Reports - Research,2019,NA,Grantee Submission,NA
R305F100005,EJ1109291,"SARA Reading Components Tests, RISE Forms: Technical Adequacy and Test Design, 2nd Edition. Research Report. ETS RR-15-32","Sabatini, John; Bruce, Kelly; Steinberg, Jonathan; Weeks, Jonathan","Journal Articles,Reports - Research",2015,"Educational Testing Service. Rosedale Road, MS19-R Princeton, NJ 08541. Tel: 609-921-9000; Fax: 609-734-5410; e-mail: RDweb@ets.org; Web site: https://www.ets.org/research/policy_research_reports/ets",ETS Research Report Series,NA
R305F100005,EJ1109935,"SARA Reading Components Tests, RISE Forms: Technical Adequacy and Test Design, 2nd Edition. Research Report. ETS RR-15-32","Sabatini, John; Bruce, Kelly; Steinberg, Jonathan; Weeks, Jonathan","Journal Articles,Reports - Research",2015,"Educational Testing Service. Rosedale Road, MS19-R Princeton, NJ 08541. Tel: 609-921-9000; Fax: 609-734-5410; e-mail: RDweb@ets.org; Web site: https://www.ets.org/research/policy_research_reports/ets",ETS Research Report Series,NA
R305F100005,EJ1109942,Preliminary Reading Literacy Assessment Framework: Foundation and Rationale for Assessment and System Design. Research Report. ETS RR-13-30,"Sabatini, John; O'Reilly, Tenaha; Deane, Paul","Journal Articles,Reports - Research",2013,"Educational Testing Service. Rosedale Road, MS19-R Princeton, NJ 08541. Tel: 609-921-9000; Fax: 609-734-5410; e-mail: RDweb@ets.org; Web site: https://www.ets.org/research/policy_research_reports/ets",ETS Research Report Series,NA
R305F100005,EJ1201081,Peer Effects on Vocabulary Knowledge: A Linear Quantile Mixed-Modeling Approach,"Quinn, Jamie M.; Folsom, Jessica Sidler; Petscher, Yaacov","Journal Articles,Reports - Research",2018,"MDPI AG. Klybeckstrasse 64, 4057 Basel, Switzerland. Tel: e-mail: indexing@mdpi.com; Web site: http://www.mdpi.com",Education Sciences,NA
R305F100005,ED580133,Florida Center for Reading Research (FCRR) Reading Assessment (FRA): Grades 3 through 12. Technical Manual,"Foorman, Barbara R.; Petscher, Yaacov; Schatschneider, Chris","Numerical/Quantitative Data,Guides - Non-Classroom,Reports - Research",2015,"Florida Center for Reading Research. Florida State University City Centre Building, 227 North Bronough Street Suite 7250, Tallahassee, FL 32301. Tel: 850-644-9352; Fax: 850-644-9085; e-mail: fcrr@fcrr.org; Web site: http://www.fcrr.org/",Florida Center for Reading Research,NA
R305F100005,ED580134,Florida Center for Reading Research (FCRR) Reading Assessment (FRA): Kindergarten to Grade 2. Technical Manual,"Foorman, Barbara R.; Petscher, Yaacov; Schatschneider, Chris","Guides - Non-Classroom,Numerical/Quantitative Data,Reports - Evaluative",2015,"Florida Center for Reading Research. Florida State University City Centre Building, 227 North Bronough Street Suite 7250, Tallahassee, FL 32301. Tel: 850-644-9352; Fax: 850-644-9085; e-mail: fcrr@fcrr.org; Web site: http://www.fcrr.org/",Florida Center for Reading Research,NA
R305F100005,ED587186,Retooling Literacy Education for the 21st Century: Key Findings of the Reading for Understanding Initiative and Their Implications,"Sabatini, John; O'Reilly, Tenaha; Doorey, Nancy A.",Reports - Research,2018,"Educational Testing Service. Rosedale Road Mailstop 19R, Princeton, NJ 08541-0001. Tel: 609-921-9000; Fax: 609-734-5410; Web site: http://www.ets.org",Educational Testing Service,NA
R305F100005,ED586109,Decoding and Reading Comprehension: A Test of the Decoding Threshold Hypothesis,"Wang, Zuowei; Sabatini, John; O'Reilly, Tenaha; Weeks, Jonathan",Reports - Research,2018,NA,Grantee Submission,https://psycnet.apa.org/doiLanding?doi=10.1037%2Fedu0000302
R305F100005,ED565887,"Florida Assessments for Instruction in Reading, Aligned to the Language Arts Florida Standards, FAIR-FS, Grades 3 through 12. Technical Manual","Foorman, Barbara R.; Petscher, Yaacov; Schatschneider, Chris","Guides - General,Numerical/Quantitative Data",2015,"Florida Center for Reading Research. Florida State University City Centre Building, 227 North Bronough Street Suite 7250, Tallahassee, FL 32301. Tel: 850-644-9352; Fax: 850-644-9085; e-mail: fcrr@fcrr.org; Web site: http://www.fcrr.org/",Florida Center for Reading Research,NA
R305F100005,ED596235,Assessing Comprehension in Kindergarten through Third Grade,"Sabatini, John P.; Halderman, Laura K.; O'Reilly, Tenaha; Weeks, Jonathan P.",Reports - Research,2016,NA,Grantee Submission,NA
R305F100005,ED603863,Scenario-Based Assessment of Multiple Source Use,"Sabatini, John; O'Reilly, Tenaha; Wang, Zuowei; Dreier, Kelsey",Reports - Evaluative,2018,NA,Grantee Submission,NA
R305F100005,ED603864,Measuring 21st Century Reading Comprehension through Scenario-Based Assessments,"Shore, Jane R.; Wolf, Mikyung Kim; O'Reilly, Tenaha; Sabatini, John P.","Reports - Evaluative,Tests/Questionnaires",2017,NA,Grantee Submission,NA
R305F100005,ED603865,Using Advances in Cognitive Science to Improve Students Study Skills and Reading Comprehension,"O'Reilly, Tenaha; Sabatini, John",Reports - Evaluative,2016,NA,Grantee Submission,NA
R305F100005,ED603872,Improving Comprehension Assessment for Middle and High School Students: Challenges and Opportunities,"Sabatini, John; Petscher, Yaacov; O'Reilly, Tenaha; Truckenmiller, Adrea",Reports - Descriptive,2015,NA,Grantee Submission,NA
R305F100005,ED603875,Measurement: Facilitating the Goal of Literacy,"Gorin, Joanna S.; O'Reilly, Tenaha; Sabatini, John; Song, Yi; Deane, Paul",Reports - Evaluative,2014,NA,Grantee Submission,NA
R305F100005,ED603888,Using Scenario-Based Assessments to Measure Deep Learning,"O'Reilly, Tenaha; Sabatini, John; Wang, Zuowei",Reports - Evaluative,2018,NA,Grantee Submission,NA
R305F100005,ED603889,Rationale for a New Generation of Reading Comprehension Assessments,"Sabatini, John; O'Reilly, Tenaha",Reports - Descriptive,2013,NA,Grantee Submission,NA
R305F100005,ED603895,Broadening the Scope of Reading Comprehension Using Scenario-Based Assessments: Preliminary Findings and Challenges,"Sabatini, J.; O'Reilly, T.; Halderman, L.; Bruce, K.",Reports - Research,2014,NA,Grantee Submission,NA
R305F100005,ED603960,Automated Scoring of Summary-Writing Tasks Designed to Measure Reading Comprehension,"Madnani, Nitin; Burstein, Jill; Sabatini, John; O'Reilly, Tenaha","Speeches/Meeting Papers,Reports - Research",2013,NA,Grantee Submission,NA
R305F100007,EJ1090907,Perspectives on Learning: Methodologies for Exploring Learning Processes and Outcomes,"Goldman, Susan R.","Journal Articles,Reports - Evaluative",2014,"European Association for Research on Learning and Instruction. Peterseliegang 1, Box 1, 3000 Leuven, Belgium. e-mail: info@frontlinelearningresearch.org; Web site: http://journals.sfu.ca/flr/index.php/journal/index",Frontline Learning Research,NA
R305F100007,EJ1068602,The Role of CLEAR Thinking in Learning Science from Multiple-Document Inquiry Tasks,"Griffin, Thomas D.; Wiley, Jennifer; Britt, M. Anne; Salas, Carlos R.","Journal Articles,Reports - Research",2012,"International Electronic Journal of Elementary Education. T&K Akademic Rosendalsvein 45, Oslo 1166, Norway. e-mail: iejee@iejee.com; Web site: http://www.iejee.com",International Electronic Journal of Elementary Education,NA
R305F100007,ED565384,Disciplinary Literacies and Learning to Read for Understanding: A Conceptual Framework of Core Processes and Constructs,"Goldman, Susan R.; Britt, M. Anne; Brown, Willard; Cribb, Gayle; George, MariAnne; Greenleaf, Cynthia; Lee, Carol D.; Shanahan, Cynthia","Reports - Research,Information Analyses",2016,NA,Grantee Submission,NA
R305F100007,ED565428,Deepening What It Means to Read (and Write) Like a Historian: Progressions of Instruction across a School Year in an 11th Grade U.S. History Class,"Shanahan, Cynthia; Bolz, Michael J.; Cribb, Gayle; Goldman, Susan R.; Heppeler, Johanna; Manderino, Michael","Journal Articles,Reports - Descriptive",2016,NA,Grantee Submission,NA
R305F100007,ED603617,Revealing the Comprehension Processes of Underprepared College Students: An Evaluation of the Reading Strategies Assessment Tool,"Magliano, Joseph P.; Lampi, Jodi P.; Ray, Melissa; Chan, Greta",Reports - Research,2020,NA,Grantee Submission,NA
R305F100007,ED628577,"Engaging Students in Disciplinary Literacy, K-6: Reading, Writing, and Teaching Tools for the Classroom. Common Core State Standards in Literacy Series","Brock, Cynthia H.; Goatley, Virginia J.; Raphael, Taffy E.; Trost, Elisabeth; Weber, Catherine M.","Books,Guides - Classroom - Teacher",2014,"Teachers College Press. 1234 Amsterdam Avenue, New York, NY 10027. Tel: 800-575-6566; Fax: 802-864-7626; e-mail: tcp.orders@aidcvt.com; Web site: http://www.tcpress.com",Teachers College Press,https://www.tcpress.com/engaging-students-in-disciplinary-literacy-k-6-9780807755273
R305F100007,EJ1418060,Collaborative Argumentation: Tenth Graders Read Modern Iranian History,Gayle Cribb; Crystal Maglio; Cynthia Greenleaf,"Journal Articles,Reports - Descriptive",2018,"Society for History Education. California State University, Long Beach, 1250 Bellflower Boulevard, Long Beach, CA 90840-1601. Tel: 562-985-2573; Fax: 562-985-5431; Web site: http://www.societyforhistoryeducation.org/",History Teacher,https://www.societyforhistoryeducation.org/pdfs/M18_Cribb_Maglio_and_Greenleaf.pdf
R305F100007,EJ996190,Adolescent Literacy: Learning and Understanding Content,"Goldman, Susan R.","Journal Articles,Reports - Descriptive",2012,"Woodrow Wilson School of Public and International Affairs at Princeton University and The Brookings Institution. 267 Wallace Hall, Princeton University, Princeton, NJ 08544. Tel: 609-258-6979; e-mail: FOC@princeton.edu; Web site: http://futureofchildren.org/futureofchildren/publications/journals",Future of Children,NA
R305F100007,ED668343,Composing Historical Essays: Case Studies of Students' Reasoning,Michael John Bolz,Dissertations/Theses - Doctoral Dissertations,2021,"ProQuest LLC. 789 East Eisenhower Parkway, P.O. Box 1346, Ann Arbor, MI 48106. Tel: 800-521-0600; Web site: http://www.proquest.com/en-US/products/dissertations/individuals.shtml",ProQuest LLC,http://gateway.proquest.com/openurl?url_ver=Z39.88-2004&rft_val_fmt=info:ofi/fmt:kev:mtx:dissertation&res_dat=xri:pqm&rft_dat=xri:pqdiss:28722759
R305F100013,EJ1155679,The Effects of Blended Text-Processing and Linguistic Comprehension Interventions among Struggling Middle-School Readers,"Barth, Amy E.; Vaughn, Sharon; McCulley, Elisabeth V.","Journal Articles,Speeches/Meeting Papers,Reports - Research",2015,International Academy for Research in Learning Disabilities. e-mail: ijrld@bc.edu; Web site: http://www.iarld.com/home/the-journal-thalamus,International Journal for Research in Learning Disabilities,NA
R305F100013,EJ1004798,Special Education Teachers' Perceptions and Instructional Practices in Response to Intervention Implementation,"Swanson, Elizabeth; Solis, Michael; Ciullo, Stephen; McKenna, John W.","Journal Articles,Reports - Research",2012,"SAGE Publications and Hammill Institute on Disabilities. 2455 Teller Road, Thousand Oaks, CA 91320. Tel: 800-818-7243; Tel: 805-499-9774; Fax: 800-583-2665; e-mail: journals@sagepub.com; Web site: http://sagepub.com",Learning Disability Quarterly,http://ldq.sagepub.com/content/35/2/115.abstract
R305F100026,EJ1083508,"Teen Culture, Technology and Literacy Instruction: Urban Adolescent Students' Perspectives","Li, Jia; Snow, Catherine; White, Claire","Journal Articles,Reports - Research",2015,"Canadian Network for Innovation in Education. 260 Dalhousie Street Suite 204, Ottawa, ON K1N 7E4, Canada. Tel: 613-241-0018; Fax: 613-241-0019; e-mail: cnie-rcie@cnie-rcie.ca; Web site: http://www.cjlt.ca",Canadian Journal of Learning and Technology,NA
R305F100026,EJ1178372,Classroom Debates in Middle School Social Studies: Moving from Personal Attacks to Evidence and Reasoning,"Duhaylongsod, Leslie","Journal Articles,Reports - Research",2017,"IAP - Information Age Publishing, Inc. P.O. Box 79049, Charlotte, NC 28271-7047. Tel: 704-752-9125; Fax: 704-752-9113; e-mail: infoage@infoagepub.com; Web site: http://www.infoagepub.com/middle-grades-research-journal.html",Middle Grades Research Journal,http://www.infoagepub.com/mgrj-issue.html?i=p5aa3fc032d9fa
R305F100026,EJ1248429,Exploring the Cross-Linguistic Contribution of Spanish and English Academic Language Skills to English Text Comprehension for Middle-Grade Dual Language Learners,"Phillips Galloway, Emily; Uccelli, Paola; Aguilar, Gladys; Barr, Christopher D.","Journal Articles,Reports - Research",2020,"SAGE Publications. 2455 Teller Road, Thousand Oaks, CA 91320. Tel: 800-818-7243; Tel: 805-499-9774; Fax: 800-583-2665; e-mail: journals@sagepub.com; Web site: http://sagepub.com",AERA Open,NA
R305F100026,ED571513,Extended Discourse in First and Second Language Acquisition: A Challenge and an Opportunity,"Snow, Catherine E.","Journal Articles,Speeches/Meeting Papers,Reports - Research",2014,NA,Grantee Submission,NA
R305F100026,ED605060,Teacher Implementation of an Adolescent Reading Intervention,"Troyer, Margaret","Speeches/Meeting Papers,Reports - Research,Tests/Questionnaires",2017,"AERA Online Paper Repository. Available from: American Educational Research Association. 1430 K Street NW Suite 1200, Washington, DC 20005. Tel: 202-238-3200; Fax: 202-238-3250; e-mail: subscriptions@aera.net; Web site: http://www.aera.net",AERA Online Paper Repository,http://www.aera.net/Publications/Online-Paper-Repository/AERA-Online-Paper-Repository
R305F100027,ED598473,Comprehension Tools for Teachers: Reading for Understanding from Prekindergarten through Fourth Grade,"Connor, Carol McDonald; Phillips, Beth M.; Kaschak, Michael; Apel, Kenn; Kim, Young-Suk; Al Otaiba, Stephanie; Crowe, Elizabeth C.; Thomas-Tate, Shurita; Johnson, Lakeisha Cooper; Lonigan, Christopher J.",Reports - Research,2014,NA,Grantee Submission,NA
R305F100027,ED602774,What Is Listening Comprehension and What Does It Take to Improve Listening Comprehension?,"Kim, Young-Suk Grace; Pilcher, Heather",Reports - Research,2016,NA,Grantee Submission,NA
R305G030140,ED489492,Reading Research at Work: Foundations of Effective Practice,"Stahl, Katherine A. Dougherty, Ed.; McKenna, Michael C., Ed.","Books,Collected Works - General,Information Analyses",2006,"Guilford Press, 72 Spring Street, New York, NY 10012. Tel: 800-365-7006, ext. 3 (Toll Free); Tel: 212-431-9800, ext. 3; Fax: 212-966-6708; e-mail: info@guilford.com.",Guilford Publications,http://www.guilford.com
R305G040089,EJ1054074,Adapting a Multiple-Baseline Design Rationale for Evaluating Instructional Interventions: Implications for the Adoption of Direct Instruction Reading Curricula for Evidence-Based Reform,"Vitale, Michael R.; Kaniuka, Theodore S.","Journal Articles,Reports - Research",2012,"Association for Direct Instruction. P.O. Box 10252, Eugene, OR 97440. Tel: 800-995-2464; Tel: 541-485-1293; Fax: 541-683-7543; Web site: http://www.adihome.org",Journal of Direct Instruction,http://www.nifdi.org/research/journal-of-di/cat_view/92-journal-of-direct-instruction-jodi/418-volume-12-summer-2012
R305G040104,EJ817531,"Peer-Assisted Learning Strategies: A ""Tier 1"" Approach to Promoting English Learners' Response to Intervention","McMaster, Kristen L.; Kung, Shu-Hsuan; Han, Insoon; Cao, Marisa","Journal Articles,Reports - Research",2008,"Council for Exceptional Children. 1110 North Glebe Road Suite 300, Arlington, VA 22201. Tel: 888-232-7733; Fax: 703-264-9494; e-mail: cecpubs@cec.sped.org; Web site: http://www.cec.sped.org/AM/Template.cfm?Section=Publications1",Exceptional Children,http://www.cec.sped.org/AM/Template.cfm?Section=Home&TPLID=23&TPPID=1515&CONTENTID=4526&TEMPLATE=/TaggedPage/TaggedPageDisplay.cfm
R305G040145,ED563378,Linking Implementation Fidelity to Impacts in an RCT,"Unlu, Fatih; Bozzi, Laurie; Layzer, Carolyn; Smith, Arthur; Price, Cristofer; Hurtig, Richard",Reports - Research,2013,"Society for Research on Educational Effectiveness. 2040 Sheridan Road, Evanston, IL 60208. Tel: 202-495-0920; Fax: 202-640-4401; e-mail: inquiries@sree.org; Web site: http://www.sree.org",Society for Research on Educational Effectiveness,NA
R305G050005,EJ885272,How Often and How Much?: Intensity of Print Referencing Intervention,"Breit-Smith, Allison; Justice, Laura M.; McGinty, Anita S.; Kaderavek, Joan","Journal Articles,Reports - Evaluative",2009,"Lippincott Williams & Wilkins. 351 West Camden Street, Baltimore, MD 21201. Tel: 800-638-3030; e-mail: customerservice@lww.com; Web site: http://www.lww.com",Topics in Language Disorders,http://journals.lww.com/topicsinlanguagedisorders/Abstract/2009/10000/How_Often_and_How_Much___Intensity_of_Print.7.aspx
R305G050216,EJ936460,Enhancing Teacher Read Alouds with Small-Group Vocabulary Instruction for Students with Low Vocabulary in First-Grade Classrooms,"Fien, Hank; Santoro, Lana; Baker, Scott K.; Park, Yonghan; Chard, David J.; Williams, Susanna; Haria, Priti","Journal Articles,Reports - Research",2011,"National Association of School Psychologists. 4340 East West Highway Suite 402, Bethesda, MD 20814. Tel: 301-657-0270; Fax: 301-657-0275; e-mail: publications@naspweb.org; Web site: http://www.nasponline.org/publications/",School Psychology Review,http://www.nasponline.org/publications/spr/spr402index.aspx
R305H030031,EJ794104,"Enhancing Early Numeracy by Promoting the Abstract Thought Involved in the Oddity Principle, Seriation, and Conservation","Kidd, Julie K.; Pasnak, Robert; Gadzichowski, Marinka; Ferral-Like, Melissa; Gallington, Debbie","Journal Articles,Reports - Research",2008,"Prufrock Press Inc. P.O. Box 8813, Waco, TX 76714-8813. Tel: 800-998-2208; Tel: 254-756-3337; e-mail: info@prufrock.com; Web site: http://www.prufrock.com",Journal of Advanced Academics,http://journals.prufrock.com/IJP/c.abs/journal-of-advanced-academics/volume19/issue2/article780
R305H030031,EJ751970,Effects of Teaching Patterning to 1st-Graders,"Hendricks, Charlene; Trueblood, Linda; Pasnak, Robert","Journal Articles,Reports - Research",2006,"Association for Childhood Education International. 17904 Georgia Avenue Suite 215, Olney, MD 20832. Tel: 800-423-3563; Tel: 301-570-2111; Fax: 301-570-2212; e-mail: headquarters@acei.org; Web site: http://www.acei.org",Journal of Research in Childhood Education,http://www.acei.org
R305H050036,EJ1055443,Teacher Use of Computer-Assisted Instruction for Young Inattentive Students: Implications for Implementation and Teacher Preparation,"Murray, Desiree W.; Rabiner, David L.","Journal Articles,Reports - Research",2014,"Redfame Publishing Inc. 9450 SW Gemini Drive #99416, Beaverton, OR 97008. Tel: 503-828-0536 ext. 503; Fax: 503-828-0537; e-mail: jets@redfame.com; Web site: http://jets.redfame.com",Journal of Education and Training Studies,NA
R305H060042,ED623836,The Writing Side,"Costa, Lara-Jeane; Ahmad, Unber; Edwards, Crystal; Vanselous, Sarah; Yerby, Donna Carlson; Hooper, Stephen R.",Reports - Descriptive,2013,NA,Grantee Submission,NA
R305H060080,EJ768633,"Expanding Retrieval Practice Promotes Short-Term Retention, but Equally Spaced Retrieval Enhances Long-Term Retention","Karpicke, Jeffrey D.; Roediger, Henry L., III","Journal Articles,Reports - Research",2007,"American Psychological Association. Journals Department, 750 First Street NE, Washington, DC 20002-4242. Tel: 800-374-2721; Tel: 202-336-5510; Fax: 202-336-5502; e-mail: order@apa.org; Web site: http://www.apa.org/publications","Journal of Experimental Psychology: Learning, Memory, and Cognition",http://content2.apa.org/journals/xlm/33/4/704
R305H060080,EJ783077,The Effect of Type and Timing of Feedback on Learning from Multiple-Choice Tests,"Butler, Andrew C.; Karpicke, Jeffrey D.; Roediger, Henry L., III","Journal Articles,Reports - Research",2007,"American Psychological Association. Journals Department, 750 First Street NE, Washington, DC 20002-4242. Tel: 800-374-2721; Tel: 202-336-5510; Fax: 202-336-5502; e-mail: order@apa.org; Web site: http://www.apa.org/publications",Journal of Experimental Psychology: Applied,http://content.apa.org/journals/xap/13/4/273
R305H140028,ED670873,Dual-Credit Courses and the Road to College: Experimental Evidence from Tennessee. EdWorkingPaper No. 19-108,Steven W. Hemelt; Nathaniel L. Schwartz; Susan M. Dynarski,Reports - Research,2019,"Annenberg Institute for School Reform at Brown University. Brown University Box 1985, Providence, RI 02912. Tel: 401-863-7990; Fax: 401-863-1290; e-mail: annenberg@brown.edu; Web site: https://annenberg.brown.edu/",Annenberg Institute for School Reform at Brown University,NA
R305H140065,ED586380,Becoming College-Ready: Early Findings from a CUNY Start Evaluation,"Scrivener, Susan; Gupta, Himani; Weiss, Michael J.; Cohen, Benjamin; Cormier, Maria Scott; Brathwaite, Jessica",Reports - Evaluative,2018,"MDRC. 16 East 34th Street 19th Floor, New York, NY 10016-4326. Tel: 212-532-3200; Fax: 212-684-0832; e-mail: publications@mdrc.org; Web site: http://www.mdrc.org",MDRC,NA
R305H140065,ED565735,Building College Readiness before Matriculation: A Preview of a CUNY Start Evaluation. Research Brief,"Scrivener, Susan; Logue, Alexandra W.",Reports - Evaluative,2016,"MDRC. 16 East 34th Street 19th Floor, New York, NY 10016-4326. Tel: 212-532-3200; Fax: 212-684-0832; e-mail: publications@mdrc.org; Web site: http://www.mdrc.org",MDRC,NA
R305H140065,ED595232,Teaching Matters and so Does Curriculum: How CUNY Start Reshaped Instruction for Students Referred to Developmental Mathematics. CCRC Working Paper No. 110,"Bickerstaff, Susan; Edgecombe, Nikki","Reports - Research,Tests/Questionnaires",2019,"Community College Research Center. Available from: CCRC Publications. Teachers College, Columbia University, 525 West 120th Street Box 174, New York, NY 10027. Tel: 212-678-3091; Fax: 212-678-3699; e-mail: ccrc@columbia.edu; Web site: http://ccrc.tc.columbia.edu/","Community College Research Center, Teachers College, Columbia University",NA
R305H140065,ED607814,A Resource Guide for Reforming Developmental Education in the College Transition Space,"Kim, Jeanette; Simon, Mia; Horenstein, Aaron; Webber, Althea J.",Guides - Non-Classroom,2020,NA,Grantee Submission,NA
R305H140065,ED605539,How Can We Improve Teaching in Higher Education? Learning from CUNY Start. CCRC Working Paper No. 120,"Cormier, Maria S.; Bickerstaff, Susan",Reports - Descriptive,2020,"Community College Research Center. Available from: CCRC Publications. Teachers College, Columbia University, 525 West 120th Street Box 174, New York, NY 10027. Tel: 212-678-3091; Fax: 212-678-3699; e-mail: ccrc@columbia.edu; Web site: http://ccrc.tc.columbia.edu/","Community College Research Center, Teachers College, Columbia University",NA
R305H140065,ED611772,An On-Ramp to Student Success: A Randomized Controlled Trial Evaluation of a Developmental Education Reform at the City University of New York,"Weiss, Michael J.; Scrivener, Susan; Slaughter, Austin; Cohen, Benjamin",Reports - Research,2021,"MDRC. 16 East 34th Street 19th Floor, New York, NY 10016-4326. Tel: 212-532-3200; Fax: 212-684-0832; e-mail: publications@mdrc.org; Web site: http://www.mdrc.org",MDRC,NA
R305H150027,EJ1315485,Leveraging Findings on the Cost of Positive Behavioral Interventions and Supports to Inform Decision Making by Leaders in Special Education Programming,"Bradshaw, Catherine P.; Johnson, Sarah Lindstrom; Goodman, Steve","Journal Articles,Reports - Research",2021,"Council of Administrators of Special Education. 1675 East Seminole Street Suite L1, Springfield, MO 65804. Tel: 417-427-7720; Fax: 417-427-6520; e-mail: office@casecec.org; Web site: https://www.casecec.org/journal",Journal of Special Education Leadership,NA
R305H150027,EJ1156208,Multilevel Examination of Burnout among High School Staff: Importance of Staff and School Factors,"O'Brennan, Lindsey; Pas, Elise; Bradshaw, Catherine","Journal Articles,Reports - Research",2017,"National Association of School Psychologists. 4340 East West Highway Suite 402, Bethesda, MD 20814. Tel: 301-657-0270; Fax: 301-657-0275; e-mail: publications@naspweb.org; Web site: http://www.nasponline.org/publications/",School Psychology Review,NA
R305H150027,ED598345,A Multilevel Analysis of Racial Discipline Disproportionality: A Focus on Student Perceptions of Academic Engagement and Disciplinary Environment,"Larson, Kristine E.; Bottiani, Jessika H.; Pas, Elise T.; Kush, Joseph M.; Bradshaw, Catherine P.",Reports - Research,2019,NA,Grantee Submission,NA
R305H150027,ED604342,"Tracking Time and Resources Associated with Systems Change and the Adoption of Evidence-Based Programs: The ""Hidden Costs"" of School-Based Coaching","Pas, Elise T.; Lindstrom Johnson, Sarah; Alfonso, Yira Natalia; Bradshaw, Catherine P.",Reports - Research,2020,NA,Grantee Submission,NA
R305H150027,ED627323,Can Policy Promote Adoption or Outcomes of Evidence-Based Prevention Programming?: A Case Illustration of Positive Behavioral Interventions and Supports,"Bradshaw, Catherine P.; Pas, Elise T.; Musci, Rashelle J.; Kush, Joseph; Ryoo, Ji Hoon",Reports - Research,2021,NA,Grantee Submission,NA
R305H150027,ED622050,Covariate Balance for Observational Effectiveness Studies: A Comparison of Matching and Weighting,Joseph M. Kush; Elise T. Pas; Rashelle J. Musci; Catherine P. Bradshaw,Reports - Research,2022,NA,Grantee Submission,https://www.tandfonline.com/loi/uree20
R305H170006,ED661930,Progress Implementing the Texas Foundation High School Program,Lynn Mellor; Ginger Stoker; Shaylyn Quinn,"Reports - Research,Tests/Questionnaires",2021,"American Institutes for Research. 1400 Crystal Drive 10th Floor, Arlington, VA 22202. Tel: 202-403-5000; Fax: 202-403-5001; e-mail: inquiry@air.org; Web site: https://www.air.org/",American Institutes for Research,NA
R305H170006,ED661934,Texas Students' Progress under the Foundation High School Program,Lynn Mellor; Molly Cain,Reports - Research,2024,"American Institutes for Research. 1400 Crystal Drive 10th Floor, Arlington, VA 22202. Tel: 202-403-5000; Fax: 202-403-5001; e-mail: inquiry@air.org; Web site: https://www.air.org/",American Institutes for Research,NA
R305H170042,EJ1455225,Lottery-Based Evaluations of Early Education Programs: Opportunities and Challenges for Building the Next Generation of Evidence,Christina Weiland; Rebecca Unterman; Susan Dynarski; Rachel Abenavoli; Howard Bloom; Breno Braga; Anne-Marie Faria; Erica Greenberg; Brian A. Jacob; Jane Arnold Lincove; Karen Manship; Meghan McCormick; Luke Miratrix; Tomás E. Monarrez; Pamela Morris-Perez; Anna Shapiro; Jon Valant; Lindsay Weixler,"Journal Articles,Reports - Descriptive",2024,"SAGE Publications. 2455 Teller Road, Thousand Oaks, CA 91320. Tel: 800-818-7243; Tel: 805-499-9774; Fax: 800-583-2665; e-mail: journals@sagepub.com; Web site: http://sagepub.com",AERA Open,NA
R305H170085,ED613756,Student Experiences in English Corequisite Remediation versus a Standalone Developmental Education Course: Findings from an Experimental Study in Texas Community Colleges,"Daugherty, Lindsay; Mendoza-Graf, Alexandra; Gehlhaus, Diana; Miller, Trey; Gerber, Russell",Reports - Research,2021,"RAND Corporation. P.O. Box 2138, Santa Monica, CA 90407-2138. Tel: 877-584-8642; Tel: 310-451-7002; Fax: 412-802-4981; e-mail: order@rand.org; Web site: http://www.rand.org",Grantee Submission,http://www.rand.org/t/RRA810-1
R305H170085,ED613781,Tools for Improving Corequisite Models: A Guide for College Practitioners,"Daugherty, Lindsay; Karam, Rita; Basco, Daniel; Kaufman, Julia H.","Guides - Non-Classroom,Tests/Questionnaires",2019,"RAND Corporation. P.O. Box 2138, Santa Monica, CA 90407-2138. Tel: 877-584-8642; Tel: 310-451-7002; Fax: 412-802-4981; e-mail: order@rand.org; Web site: http://www.rand.org",Grantee Submission,http://www.rand.org/t/TL319
R305H170085,ED625965,The Impacts and Experiences of Corequisite Remediation for Latinx Students. EdWorkingPaper No. 22-696,"Coca, Vanessa; Daugherty, Lindsay; Miller, Trey",Reports - Research,2023,"Annenberg Institute for School Reform at Brown University. Brown University Box 1985, Providence, RI 02912. Tel: 401-863-7990; Fax: 401-863-1290; e-mail: AISR_Info@brown.edu; Web site: http://www.annenberginstitute.org",Annenberg Institute for School Reform at Brown University,NA
R305H170085,ED626468,Five Lessons to Consider When Supporting Returning Students,"Coca, Vanessa; Feygin, Amy; Poole, Jenny; Choi, Linda; Hatcher, Mark; Goldrick-Rab, Sara",Reports - Research,2022,"College Completion Network. Available from: American Institutes for Research. 1400 Crystal Drive 10th Floor, Arlington, VA 22202; Tel: 202-403-5000; e-mail: CNN@air.org; web site: https://collegecompletionnetwork.org/",College Completion Network,NA
R305H170085,ED626507,College Completion Network: Research Project Findings,NA,Reports - Descriptive,2022,"College Completion Network. Available from: American Institutes for Research. 1400 Crystal Drive 10th Floor, Arlington, VA 22202; Tel: 202-403-5000; e-mail: CNN@air.org; web site: https://collegecompletionnetwork.org/",College Completion Network,NA
R305H170085,ED626635,"Advising for College Success: Policies, Practices, and Programs That Support Students on the Path to College Completion","Feygin, Amy; Miller, Trey; Poole, Jenny; Hatcher, Mark; Choi, Linda",Reports - Research,2022,"College Completion Network. Available from: American Institutes for Research. 1400 Crystal Drive 10th Floor, Arlington, VA 22202; Tel: 202-403-5000; e-mail: CNN@air.org; web site: https://collegecompletionnetwork.org/",College Completion Network,NA
R305H170085,ED626636,"Advising for College Success: Next Steps for Policymakers, Practitioners, and Researchers","Feygin, Amy; Miller, Trey; Bettinger, Eric",Reports - Evaluative,2022,"College Completion Network. Available from: American Institutes for Research. 1400 Crystal Drive 10th Floor, Arlington, VA 22202; Tel: 202-403-5000; e-mail: CNN@air.org; web site: https://collegecompletionnetwork.org/",College Completion Network,NA
R305H170085,ED626639,Advising for College Success: A Systematic Review of the Evidence. Appendix C,"Feygin, Amy; Miller, Trey; Bettinger, Eric; Dell, Madison","Reports - Descriptive,Information Analyses",2022,"College Completion Network. Available from: American Institutes for Research. 1400 Crystal Drive 10th Floor, Arlington, VA 22202; Tel: 202-403-5000; e-mail: CNN@air.org; web site: https://collegecompletionnetwork.org/",College Completion Network,NA
R305H170085,ED626933,Advising for College Success: A Systematic Review of the Evidence,Amy Feygin; Trey Miller; Eric Bettinger; Madison Dell,"Reports - Research,Information Analyses",2022,"College Completion Network. Available from: American Institutes for Research. 1400 Crystal Drive 10th Floor, Arlington, VA 22202; Tel: 202-403-5000; e-mail: CNN@air.org; web site: https://collegecompletionnetwork.org/",College Completion Network,NA
R305H170085,ED672252,A Cost-Benefit Analysis of Corequisite English Developmental Education: Evidence from a Randomized Controlled Trial in Texas Community Colleges. EdWorkingPaper No. 23-764,Jesse Cunha; Trey Miller; Megan Austin; Lindsay Daugherty; Paco Martorell,Reports - Research,2023,"Annenberg Institute for School Reform at Brown University. Brown University Box 1985, Providence, RI 02912. Tel: 401-863-7990; Fax: 401-863-1290; e-mail: annenberg@brown.edu; Web site: https://annenberg.brown.edu/",Annenberg Institute for School Reform at Brown University,NA
R305H170085,ED672388,The Benefits of Math Corequisite Support for Academic Outcomes for Students in Texas. EdWorkingPaper No. 24-903,Megan Austin; Paco Martorell; Trey Miller; Lindsay Daugherty,Reports - Research,2024,"Annenberg Institute for School Reform at Brown University. Brown University Box 1985, Providence, RI 02912. Tel: 401-863-7990; Fax: 401-863-1290; e-mail: annenberg@brown.edu; Web site: https://annenberg.brown.edu/",Annenberg Institute for School Reform at Brown University,NA
R305H190004,ED659100,Elementary English Language Arts Curriculum Resources in Michigan: Trends from 2019-2023. Research Report,Amy Cummings; Tanya S. Wright,Reports - Evaluative,2024,"Education Policy Innovation Collaborative. 620 Farm Lane, Suite 236, East Lansing, MI 48824. Tel: 517-884-0377; e-mail: epicedpolicy@msu.edu; Web site: https://epicedpolicy.org/",Education Policy Innovation Collaborative,NA
R305H190004,ED672715,Challenges in Implementing Teacher-Student Assignment Policies: Evidence from Michigan's Read by Grade Three Law,John Westall; Katharine O. Strunk; Andrew Utter,Reports - Research,2023,"Education Policy Innovation Collaborative. 620 Farm Lane, Suite 236, East Lansing, MI 48824. Tel: 517-884-0377; e-mail: epicedpolicy@msu.edu; Web site: https://epicedpolicy.org/",Education Policy Innovation Collaborative,NA
R305H190004,ED674057,The Impacts of Grade Retention Policy with Minimal Retention. EdWorkingPaper No. 25-1188,Jordan S. Berne; Brian A. Jacob; Christina Weiland; Katharine O. Strunk,Reports - Research,2025,"Annenberg Institute for School Reform at Brown University. Brown University Box 1985, Providence, RI 02912. Tel: 401-863-7990; Fax: 401-863-1290; e-mail: annenberg@brown.edu; Web site: https://annenberg.brown.edu/",Annenberg Institute for School Reform at Brown University,NA
R305H190004,ED676512,The Impacts of Grade Retention Policy with Minimal Retention. Working Paper 33764,Jordan S. Berne; Brian A. Jacob; Christina Weiland; Katharine O. Strunk,Reports - Research,2025,"National Bureau of Economic Research. 1050 Massachusetts Avenue, Cambridge, MA 02138-5398. Tel: 617-588-0343; Web site: http://www.nber.org",National Bureau of Economic Research,https://www.nber.org/papers/w33764
R305H190004,ED680344,The Impact of Coaching on K-3 Literacy Instruction in Michigan. Policy Brief,Lori Bruner; Tanya S. Wright,Reports - Research,2026,"Education Policy Innovation Collaborative. 620 Farm Lane, Suite 236, East Lansing, MI 48824. Tel: 517-884-0377; e-mail: epicedpolicy@msu.edu; Web site: https://epicedpolicy.org/",Education Policy Innovation Collaborative,NA
R305H190035,EJ1455472,Are Community-College Students Increasingly Choosing High-Paying Fields of Study? Evidence from Massachusetts,Richard J. Murnane; John B. Willett; Aubrey McDonough; John P. Papay; Ann Mantil,"Journal Articles,Reports - Research",2024,"SAGE Publications. 2455 Teller Road, Thousand Oaks, CA 91320. Tel: 800-818-7243; Tel: 805-499-9774; Fax: 800-583-2665; e-mail: journals@sagepub.com; Web site: http://sagepub.com",AERA Open,NA
R305H190035,ED672122,On the Threshold: Impacts of Barely Passing High-School Exit Exams on Post-Secondary Enrollment and Completion. EdWorkingPaper No. 22-627,John P. Papay; Ann Mantil; Richard J. Murnane,Reports - Research,2022,"Annenberg Institute for School Reform at Brown University. Brown University Box 1985, Providence, RI 02912. Tel: 401-863-7990; Fax: 401-863-1290; e-mail: annenberg@brown.edu; Web site: https://annenberg.brown.edu/",Annenberg Institute for School Reform at Brown University,NA
R305H190035,ED672351,Are Community College Students Increasingly Choosing High-Paying Fields of Study? Evidence from Massachusetts. EdWorkingPaper No. 24-1062,Richard J. Murnane; John B. Willett; Aubrey McDonough; John P. Papay; Ann Mantil,Reports - Research,2024,"Annenberg Institute for School Reform at Brown University. Brown University Box 1985, Providence, RI 02912. Tel: 401-863-7990; Fax: 401-863-1290; e-mail: annenberg@brown.edu; Web site: https://annenberg.brown.edu/",Annenberg Institute for School Reform at Brown University,NA
R305H190035,ED657279,Building Stronger Community College Transfer Pathways: Evidence from Massachusetts,Richard J. Murnane; John B. Willett; John P. Papay; Ann Mantil; Preeya P. Mbekeani; Aubrey McDonough,Reports - Research,2022,NA,Grantee Submission,NA
R305H190035,ED657281,Lifting All Boats? Accomplishments and Challenges from 20 Years of Education Reform in Massachusetts,John P. Papay; Ann Mantil; Richard J. Murnane; Lily An; Kate Donohue; Aubrey McDonough,Reports - Research,2020,NA,Grantee Submission,NA
R305H190035,ED657325,The Impact of COVID on College-Going: Equity Implications for the Classes of 2020 and 2021,John Papay; Ann Mantil; Richard Murnane; Alan Perez,Reports - Research,2021,NA,Grantee Submission,NA
R305H190035,ED657274,"Rising Numbers, Unmet Needs: Immigrant Newcomers in Massachusetts High Schools",Ann Mantil; John P. Papay; Ian M. Ferguson; Preeya P. Mbekeani; Richard J. Murnane,Reports - Research,2023,NA,Grantee Submission,NA
R305H190035,ED674095,The MCAS as a Graduation Requirement: Findings from a Research-Practice Partnership,John P. Papay; Ann Mantil; Richard J. Murnane; Ian M. Ferguson; James Lopresti; Preeya P. Mbekeani; Aubrey McDonough; Emma Zorfass,Reports - Research,2024,"Annenberg Institute for School Reform at Brown University. Brown University Box 1985, Providence, RI 02912. Tel: 401-863-7990; Fax: 401-863-1290; e-mail: annenberg@brown.edu; Web site: https://annenberg.brown.edu/",Annenberg Institute for School Reform at Brown University,NA
R305H190035,ED676559,Introducing a High-School Exit Exam in Science: Consequences in Massachusetts. Working Paper 34023,Ann Mantil; John Papay; Preeya P. Mbekeani; Richard J. Murnane,Reports - Research,2025,"National Bureau of Economic Research. 1050 Massachusetts Avenue, Cambridge, MA 02138-5398. Tel: 617-588-0343; Web site: http://www.nber.org",National Bureau of Economic Research,https://www.nber.org/papers/w34023
R305H190035,ED672237,Understanding High Schools' Effects on Longer-Term Outcomes. EdWorkingPaper No. 23-729,Preeya P. Mbekeani; John P. Papay; Ann Mantil; Richard J. Murnane,Reports - Research,2023,"Annenberg Institute for School Reform at Brown University. Brown University Box 1985, Providence, RI 02912. Tel: 401-863-7990; Fax: 401-863-1290; e-mail: annenberg@brown.edu; Web site: https://annenberg.brown.edu/",Annenberg Institute for School Reform at Brown University,NA
R305H190035,ED679696,Understanding High Schools' Effects on Longer-Term Outcomes. Working Paper 34913,Preeya P. Mbekeani; John P. Papay; Ann Mantil; Richard J. Murnane,Reports - Research,2026,"National Bureau of Economic Research. 1050 Massachusetts Avenue, Cambridge, MA 02138-5398. Tel: 617-588-0343; Web site: http://www.nber.org",National Bureau of Economic Research,https://www.nber.org/papers/w34913
R305H190036,EJ1390132,Merging High School and College: The Early College High School Model,"Edmunds, Julie A.","Journal Articles,Reports - Research",2023,"National Association of State Boards of Education. 2121 Crystal Drive Suite 350, Arlington, VA 22202. Tel: 800-368-5023; Tel: 703-684-4000; Fax: 703-836-2313; e-mail: boards@nasbe.org; Web site: https://www.nasbe.org/category/the-standard/",State Education Standard,NA
R305H190036,ED611926,What Happens When You Combine High School and College? The Impact of Early Colleges on Postsecondary Performance and Completion,"Edmunds, Julie",Reports - Descriptive,2020,"SERVE Center at University of North Carolina at Greensboro. 5900 Summit Avenue Suite 201, Browns Summit, NC 27214. Tel: 800-755-3277; Tel: 336-315-7400; Fax: 336-315-7457; Web site: http://www.serve.org",SERVE Center at University of North Carolina at Greensboro,NA
R305H190036,ED662015,High School Advising: Exploring NYC Students' Perceptions of School-Based Support for College and Career Transitions. Research Report,John Sludden; James J. Kemple,"Reports - Research-practitioner Partnerships,Reports - Research",2024,"Research Alliance for New York City Schools. 285 Mercer Street 3rd Floor, New York, NY 10003. Tel: 212-992-7697; Fax: 212-992-4910; e-mail: research.alliance@nyu.edu; Web site: http://www.ranycs.org",Research Alliance for New York City Schools,https://steinhardt.nyu.edu/sites/default/files/2024-09/Advising_Report_Final%20PDF%20Secured.pdf
R305H190036,ED660109,Spillover Effects of Specialized High Schools. EdWorkingPaper No. 24-1013,Christine Mulhern; Shelby McNeill; Fatih Unlu; Brian Phillips; Julie A. Edmunds; Eric Grebing,Reports - Research,2024,"Annenberg Institute for School Reform at Brown University. Brown University Box 1985, Providence, RI 02912. Tel: 401-863-7990; Fax: 401-863-1290; e-mail: AISR_Info@brown.edu; Web site: http://www.annenberginstitute.org",Annenberg Institute for School Reform at Brown University,NA
R305H190036,ED654723,Evaluating the Longer Term Impact of Early College High Schools on Workforce Outcomes,Mengli Song; Kristina Zeiser; Kyle Neering; Robert Schwarzhaupt; Sara Mitchell,Reports - Research,2024,"American Institutes for Research. 1400 Crystal Drive 10th Floor, Arlington, VA 22202. Tel: 202-403-5000; Fax: 202-403-5001; e-mail: inquiry@air.org; Web site: https://www.air.org/",American Institutes for Research,NA
R305H190036,EJ1455117,The Impact of Early Colleges on Postsecondary Performance and Completion,Julie A. Edmunds; Fatih Unlu; Brian Phillips; Elizabeth J. Glennie; Christine Mulhern,"Journal Articles,Reports - Research",2024,"SAGE Publications. 2455 Teller Road, Thousand Oaks, CA 91320. Tel: 800-818-7243; Tel: 805-499-9774; Fax: 800-583-2665; e-mail: journals@sagepub.com; Web site: http://sagepub.com",AERA Open,NA
R305H190036,ED671103,The Costs and Benefits of North Carolina's Early College High School Model. EdWorkingPaper No. 25-1136,Brian Phillips; Julie A. Edmunds; Fatih Unlu; Elizabeth Glennie; Christine Mulhern,Reports - Research,2025,"Annenberg Institute for School Reform at Brown University. Brown University Box 1985, Providence, RI 02912. Tel: 401-863-7990; Fax: 401-863-1290; e-mail: annenberg@brown.edu; Web site: https://annenberg.brown.edu/",Annenberg Institute for School Reform at Brown University,NA
R305H190036,ED672387,Implementation and Impacts of Career-Focused Advising. EdWorkingPaper No. 24-1011,Brian Phillips; Christine Mulhern; Bryan C. Hutchins; Julie A. Edmunds,Reports - Research,2024,"Annenberg Institute for School Reform at Brown University. Brown University Box 1985, Providence, RI 02912. Tel: 401-863-7990; Fax: 401-863-1290; e-mail: annenberg@brown.edu; Web site: https://annenberg.brown.edu/",Annenberg Institute for School Reform at Brown University,NA
R305H190036,ED661559,Exploring the Role and Effects of High School Advising on CTE Students' Transition to Postsecondary Education and the Workforce,Julie A. Edmunds; Christine Mulhern; Brian Phillips; Rachel Rosen; John Sludden; James Kemple; Bryan C. Hutchins; Emma Alterman; Cassie Wuest,Reports - Research,2024,NA,Grantee Submission,NA
R305H190036,ED661593,The Role of High School Career-Focused Advising in Students' Postsecondary Planning: A Qualitative Study,Bryan C. Hutchins; Emma Alterman; Cassie Wuest; John Sludden; Julie A. Edmunds,Reports - Research,2024,NA,Grantee Submission,NA
R305H190036,ED658175,The Impact of Early Colleges. Interactive Research Report,Kristina Zeiser; Robert Schwarzhaupt; Mengli Song; Kyle Neering; Sara Mitchell; Joanne Blank,"Reports - Research,Numerical/Quantitative Data",2024,"American Institutes for Research. 1400 Crystal Drive 10th Floor, Arlington, VA 22202. Tel: 202-403-5000; Fax: 202-403-5001; e-mail: inquiry@air.org; Web site: https://www.air.org/",Grantee Submission,https://indd.adobe.com/view/be261913-7364-4f51-854d-861b1a539188
R305H190036,ED625873,CTE-Focused Dual Enrollment: Participation and Outcomes. EdWorkingPaper No. 22-692,Julie Edmunds; Fatih Unlu; Brian Phillips; Bryan Hutchins; Christine Mulhern,Reports - Research,2022,"Annenberg Institute for School Reform at Brown University. Brown University Box 1985, Providence, RI 02912. Tel: 401-863-7990; Fax: 401-863-1290; e-mail: AISR_Info@brown.edu; Web site: http://www.annenberginstitute.org",Annenberg Institute for School Reform at Brown University,NA
R305J020039,ED502153,Effects of Preschool Curriculum Programs on School Readiness. Report from the Preschool Curriculum Evaluation Research Initiative. NCER 2008-2009,NA,"Numerical/Quantitative Data,Reports - Evaluative",2008,"National Center for Education Research.  Available from: ED Pubs. P.O. Box 1398, Jessup, MD 20794. Tel: 877-433-7826; Fax: 301-470-1244; Web site: http://www.edpubs.org/webstore/Content/search.asp",National Center for Education Research,NA
R305J020040,ED502153,Effects of Preschool Curriculum Programs on School Readiness. Report from the Preschool Curriculum Evaluation Research Initiative. NCER 2008-2009,NA,"Numerical/Quantitative Data,Reports - Evaluative",2008,"National Center for Education Research.  Available from: ED Pubs. P.O. Box 1398, Jessup, MD 20794. Tel: 877-433-7826; Fax: 301-470-1244; Web site: http://www.edpubs.org/webstore/Content/search.asp",National Center for Education Research,NA
R305J020051,ED502153,Effects of Preschool Curriculum Programs on School Readiness. Report from the Preschool Curriculum Evaluation Research Initiative. NCER 2008-2009,NA,"Numerical/Quantitative Data,Reports - Evaluative",2008,"National Center for Education Research.  Available from: ED Pubs. P.O. Box 1398, Jessup, MD 20794. Tel: 877-433-7826; Fax: 301-470-1244; Web site: http://www.edpubs.org/webstore/Content/search.asp",National Center for Education Research,NA
R305J030084,EJ982563,Analysis of Letter Name Knowledge Using Rasch Measurement,"Bowles, Ryan P.; Skibbe, Lori E.; Justice, Laura M.","Journal Articles,Reports - Research",2011,"JAM Press. P.O. Box 1283, Maple Grove, MN 55311. e-mail: info@jampress.org; Web site: http://www.jampress.org",Journal of Applied Measurement,http://www.jampress.org/abst2011.htm
R305J030093,ED502153,Effects of Preschool Curriculum Programs on School Readiness. Report from the Preschool Curriculum Evaluation Research Initiative. NCER 2008-2009,NA,"Numerical/Quantitative Data,Reports - Evaluative",2008,"National Center for Education Research.  Available from: ED Pubs. P.O. Box 1398, Jessup, MD 20794. Tel: 877-433-7826; Fax: 301-470-1244; Web site: http://www.edpubs.org/webstore/Content/search.asp",National Center for Education Research,NA
R305J030103,ED502153,Effects of Preschool Curriculum Programs on School Readiness. Report from the Preschool Curriculum Evaluation Research Initiative. NCER 2008-2009,NA,"Numerical/Quantitative Data,Reports - Evaluative",2008,"National Center for Education Research.  Available from: ED Pubs. P.O. Box 1398, Jessup, MD 20794. Tel: 877-433-7826; Fax: 301-470-1244; Web site: http://www.edpubs.org/webstore/Content/search.asp",National Center for Education Research,NA
R305K040001,ED521700,"Mathematics Education for Young Children: What It Is and How to Promote It. Social Policy Report. Volume 22, Number 1","Ginsburg, Herbert P.; Lee, Joon Sun; Boyd, Judi Stevenson","Collected Works - Serial,Reports - Evaluative",2008,"Society for Research in Child Development. 2950 South State Street Suite 401, Ann Arbor, MI 48104. Tel: 734-926-0600; Fax: 734-926-0601; e-mail: info@srcd.org; Web site: http://www.srcd.org",Society for Research in Child Development,NA
R305K050004,ED622610,Scaling up the Implementation of a Pre-Kindergarten Mathematics Intervention in Public Preschool Programs,Prentice Starkey; Alice Klein,"Reports - Research,Numerical/Quantitative Data",2012,NA,Grantee Submission,NA
R305K050004,ED672054,Design and Analytic Features for Reducing Biases in Skill-Building Intervention Impact Forecasts. EdWorkingPaper No. 22-583,Daniela Alvarez-Vargas; Sirui Wan; Lynn S. Fuchs; Alice Klein; Drew H. Bailey,Reports - Research,2022,"Annenberg Institute for School Reform at Brown University. Brown University Box 1985, Providence, RI 02912. Tel: 401-863-7990; Fax: 401-863-1290; e-mail: annenberg@brown.edu; Web site: https://annenberg.brown.edu/",Annenberg Institute for School Reform at Brown University,NA
R305K050045,EJ1095322,Classroom Connectivity and Algebra 1 Achievement: A Three-Year Longitudinal Study,"Irving, Karen E.; Pape, Stephen J.; Owens, Douglas T.; Abrahamson, Louis; Silver, David; Sanalan, Vehbi A.","Journal Articles,Reports - Research",2016,"Association for the Advancement of Computing in Education. P.O. Box 1545, Chesapeake, VA 23327. Tel: 757-366-5606; Fax: 703-997-8760; e-mail: info@aace.org; Web site: http://www.aace.org",Journal of Computers in Mathematics and Science Teaching,NA
R305K050045,EJ858178,Physical Science Connected Classrooms: Case Studies,"Irving, Karen; Sanalan, Vehbi; Shirley, Melissa","Journal Articles,Reports - Research",2009,"Association for the Advancement of Computing in Education. P.O. Box 1545, Chesapeake, VA 23327-1545. Tel: 757-366-5606; Fax: 703-997-8760; e-mail: info@aace.org; Web site: http://www.aace.org",Journal of Computers in Mathematics and Science Teaching,http://www.editlib.org/p/27079
R305K050157,EJ1118544,"Math, Science, and Technology in the Early Grades","Clements, Douglas H.; Sarama, Julie","Journal Articles,Reports - Research",2016,"Woodrow Wilson School of Public and International Affairs at Princeton University and The Brookings Institution. 267 Wallace Hall, Princeton University, Princeton, NJ 08544. Tel: 609-258-6979; e-mail: FOC@princeton.edu; Web site: http://futureofchildren.org/futureofchildren/publications/journals",Future of Children,NA
R305K050157,EJ1161168,Valid Issues but Limited Scope: A Response to Kitchen and Berk's Research Commentary on Educational Technology,"Clements, Douglas H.; Sarama, Julie","Journal Articles,Opinion Papers,Reports - Evaluative",2017,"National Council of Teachers of Mathematics. 1906 Association Drive, Reston, VA 20191. Tel: 800-235-7566; Tel: 703-620-9840; Fax: 703-476-2570; e-mail: NCTM@nctm.org; Web site: http://www.nctm.org/publications/journal-for-research-in-mathematics-education",Journal for Research in Mathematics Education,http://www.nctm.org/Publications/Journal-for-Research-in-Mathematics-Education/2017/Vol48/Issue5/Valid-Issues-but-Limited-Scope_-A-Response-to-Kitchen-and-Berk_s-Research-Commentary-on-Educational-Technology/
R305K050157,ED623690,Results of the Early Math Project -- Scale-Up Cross-Site Results. Working Paper,"Hofer, Kerry G.; Lipsey, Mark W.; Dong, Nianbo; Farran, Dale C.","Reports - Research,Numerical/Quantitative Data",2013,"Peabody Research Institute. 230 Appleton Place, PMB 0181, Nashville, TN 37203. Tel: 615-322-8540; Fax: 615-322-0293; Web site: http://peabody.vanderbilt.edu/research/pri",Peabody Research Institute,NA
R305K050157,EJ1351720,Challenging but Achievable Math for Young Children,"Clements, Douglas H.; Guss, Shannon S.; Sarama, Julie","Journal Articles,Reports - Descriptive",2022,"National Council of Teachers of Mathematics. 1906 Association Drive, Reston, VA 20191. Tel: 800-235-7566; Tel: 703-620-9840; Fax: 703-476-2570; e-mail: publicationsdept@nctm.org; Web site: https://pubs.nctm.org/",Mathematics Teacher: Learning and Teaching PK-12,https://pubs.nctm.org/view/journals/mtlt/115/7/article-p468.xml
R305K050157,ED566266,Early Math Trajectories: Low-Income Children's Mathematics Knowledge from Age 4 to 11,"Rittle-Johnson, Bethany; Fyfe, Emily R.; Hofer, Kerry G.; Farran, Dale C.","Reports - Research,Journal Articles",2016,NA,Grantee Submission,NA
R305K050157,ED606570,Perspectives on the Nature of Mathematics and Research,"Sarama, Julie","Speeches/Meeting Papers,Reports - Descriptive",2018,North American Chapter of the International Group for the Psychology of Mathematics Education. e-mail: pmena.steeringcommittee@gmail.com; Web site: http://www.pmena.org/,North American Chapter of the International Group for the Psychology of Mathematics Education,NA
R305K050157,EJ765491,"Curriculum Research: Toward a Framework for ""Research-based Curricula""","Clements, Douglas H.","Journal Articles,Reports - Evaluative",2007,"National Council of Teachers of Mathematics. 1906 Association Drive, Reston, VA 20191-1502. Tel: 800-235-7566; Tel: 703-620-3702; Fax: 703-476-2970; e-mail: orders@nctm.org; Web site: http://www.nctm.org/publications/",Journal for Research in Mathematics Education,http://my.nctm.org/eresources/article_summary.asp?URI=JRME2007-01-35a&from=B
R305K050157,EJ757034,"Effects of a Preschool Mathematics Curriculum: Summative Research on the ""Building Blocks"" Project","Clements, Douglas H.; Sarama, Julie","Journal Articles,Reports - Evaluative",2007,"National Council of Teachers of Mathematics. 1906 Association Drive, Reston, VA 20191-1502. Tel: 800-235-7566; Tel: 703-620-3702; Fax: 703-476-2970; e-mail: orders@nctm.org; Web site: http://www.nctm.org/publications/",Journal for Research in Mathematics Education,http://my.nctm.org/eresources/article_summary.asp?URI=JRME2007-03-136a&from=B
R305K050157,EJ918252,Mathematics Learned by Young Children in An Intervention Based on Learning Trajectories: A Large-Scale Cluster Randomized Trial,"Clements, Douglas H.; Sarama, Julie; Spitler, Mary Elaine; Lange, Alissa A.; Wolfe, Christopher B.","Journal Articles,Reports - Research",2011,"National Council of Teachers of Mathematics. 1906 Association Drive, Reston, VA 20191-1502. Tel: 800-235-7566; Tel: 703-620-3702; Fax: 703-476-2970; e-mail: orders@nctm.org; Web site: http://www.nctm.org/publications/",Journal for Research in Mathematics Education,http://www.nctm.org/eresources/article_summary.asp?URI=JRME2011-03-127a&from=B
R305K050157,EJ836649,Teaching Math in the Primary Grades: The Learning Trajectories Approach,"Sarama, Julie; Clements, Douglas","Journal Articles,Reports - Descriptive",2009,"National Association for the Education of Young Children. 1313 L Street NW Suite 500, Washington, DC 22205-4101. Tel: 800-424-2460; Tel: 202-232-8777; Fax: 202-328-2649; e-mail: editorial@naeyc.org; Web site: http://journal.naeyc.org",Young Children,http://journal.naeyc.org/search/item-detail.asp?page=1&docID=3538&sesID=1240302412714
R305K050157,EJ781036,Thinking about Learning Trajectories in Preschool,"Brown, Carmen S.; Sarama, Julie; Clements, Douglas H.","Journal Articles,Reports - Descriptive",2007,"National Council of Teachers of Mathematics. 1906 Association Drive, Reston, VA 20191-1502. Tel: 800-235-7566; Tel: 703-620-3702; Fax: 703-476-2970; e-mail: orders@nctm.org; Web site: http://www.nctm.org/publications/",Teaching Children Mathematics,http://my.nctm.org/eresources/article_summary.asp?URI=TCM2007-10-178a&from=B
R305K050157,ED580343,"Learning and Teaching Early Math: The Learning Trajectories Approach, 2nd Edition. Studies in Mathematical Thinking and Learning Series",Douglas H. Clements; Julie Sarama,"Guides - Non-Classroom,Books,Reports - Descriptive",2014,"Routledge, Taylor & Francis Group. 7625 Empire Drive, Florence, KY 41042. Tel: 800-634-7064; Fax: 800-248-4724; e-mail: cserve@routledge-ny.com; Web site: http://www.routledge.com","Routledge, Taylor & Francis Group",https://www.routledge.com/Learning-and-Teaching-Early-Math-The-Learning-Trajectories-Approach/Clements-Sarama/p/book/9780415828505
R305K050157,EJ1159767,What Is Developmentally Appropriate Teaching?,Douglas H. Clements; Karen C. Fuson; Julie Sarama,"Journal Articles,Reports - Evaluative",2017,"National Council of Teachers of Mathematics. 1906 Association Drive, Reston, VA 20191. Tel: 800-235-7566; Tel: 703-620-9840; Fax: 703-476-2570; e-mail: NCTM@nctm.org; Web site: http://www.nctm.org/publications/teaching-children-mathematics/",Teaching Children Mathematics,http://www.nctm.org/Publications/Teaching-Children-Mathematics/2017/Vol24/Issue3/What-Is-Developmentally-Appropriate-Teaching_/
R305K050157,EJ1238415,Preschool Mathematics Intervention Can Significantly Improve Student Learning Trajectories through Elementary School,Denis Dumas; Daniel McNeish; Julie Sarama; Douglas Clements,"Journal Articles,Reports - Research",2019,"SAGE Publications. 2455 Teller Road, Thousand Oaks, CA 91320. Tel: 800-818-7243; Tel: 805-499-9774; Fax: 800-583-2665; e-mail: journals@sagepub.com; Web site: http://sagepub.com",AERA Open,NA
R305K050157,EJ1354792,Predictors of Middle School Students' Growth in Symbolic Number Comparison Performance,Courtney Pollack; Eric D. Wilkey; Gavin R. Price,"Journal Articles,Reports - Research",2022,"Leibniz Institute for Psychology. Universitatsring 15, Trier, 54296, Germany. e-mail: support@psychopen.eu; Web site: https://jnc.psychopen.eu",Journal of Numerical Cognition,NA
R305K050157,ED678327,Predicting Persistence and Fadeout across Multi-Site RCTs of an Early Childhood Mathematics Curriculum Intervention. EdWorkingPaper No. 26-1365,Tyler W. Watts; Caroline M. Botvin; Drew H. Bailey; Emma R. Hart; Shira Mattera; Douglas H. Clements; Julie Sarama; Dale C. Farran; Mark W. Lipsey,Reports - Research,2026,"Annenberg Institute for School Reform at Brown University. Brown University Box 1985, Providence, RI 02912. Tel: 401-863-7990; Fax: 401-863-1290; e-mail: annenberg@brown.edu; Web site: https://annenberg.brown.edu/",Annenberg Institute for School Reform at Brown University,NA
R305L030004,EJ1144878,Social-Emotional and Character Development Scale: Development and Initial Validation with Urban Elementary School Students,Peter Ji; David L. DuBois; Brian R. Flay,"Journal Articles,Reports - Research,Speeches/Meeting Papers",2013,"IAP - Information Age Publishing, Inc. P.O. Box 79049, Charlotte, NC 28271-7047. Tel: 704-752-9125; Fax: 704-752-9113; e-mail: infoage@infoagepub.com; Web site: http://www.infoagepub.com/research-in-character-education.html",Journal of Research in Character Education,http://www.infoagepub.com/jrce-issue.html?i=p5499ef181e5ad
R305L030004,ED562840,"Replication of Effects of the ""Positive Action"" Program in Randomized Trials in Hawai'i and Chicago Schools",Brian R. Flay,Reports - Research,2014,"Society for Research on Educational Effectiveness. 2040 Sheridan Road, Evanston, IL 60208. Tel: 202-495-0920; Fax: 202-640-4401; e-mail: inquiries@sree.org; Web site: http://www.sree.org",Society for Research on Educational Effectiveness,NA
R305L030162,ED602405,Propensity Score Analysis Statistical Methods and Applications. Second Edition. Advanced Quantitative Techniques in the Social Sciences. Volume 11,"Guo, Shenyang; Fraser, Mark W.","Books,Reports - Descriptive",2014,"SAGE Publications. Customer Care, 2455 Teller Road, Thousand Oaks, CA 91320. Tel: 800-818-7243; Tel: 805-499-9774; Fax: 800-583-2665; e-mail: order@sagepub.com; Web site: http://www.uk.sagepub.com",SAGE Publications Ltd (CA),https://us.sagepub.com/en-us/nam/propensity-score-analysis/book238151#description
R305L030162,ED628691,Intervention Research: Developing Social Programs. Pocket Guide to Social Work Research Methods,"Fraser, Mark W.; Richman, Jack M.; Galinsky, Maeda J.; Day, Steven H.","Books,Guides - Non-Classroom",2009,"Oxford University Press. 198 Madison Avenue, New York, NY 10016. Tel: 800-445-9714; Fax: 919-677-1303; e-mail: custserv.us@oup.com; Web site: http://www.oup.com/us",Oxford University Press,https://global.oup.com/academic/product/intervention-research-9780195325492?prevNumResPerPage=20&prevSortField=1&start=20&lang=en&cc=us#
R305M030052,ED507547,Learning How to Improve Vocabulary Instruction through Teacher Study Groups,"Dimino, Joseph; Taylor, Mary Jo","Books,Guides - Classroom - Teacher",2009,"Brookes Publishing Company. P.O. Box 10624, Baltimore, MD 21285. Tel: 800-638-3775; Fax: 410-337-8539; e-mail: custserv@brookespublishing.com; Web site: http://www.brookespublishing.com",Brookes Publishing Company,http://www.brookespublishing.com/store/books/dimino-70540/index.htm
R305M030052,ED612843,An Investigation of the Impact of the Teacher Study Group as a Means to Enhance the Quality of Reading Comprehension and Vocabulary Instruction for First Graders in Reading First Schools: Technical Report,"Gersten, Russell; Dimino, Joe; Jayanthi, Madhavi; Kim, Jimmy; Santoro, Lana","Reports - Research,Tests/Questionnaires",2009,"Instructional Research Group. 4281 Katella Avenue Ste 205,  Los Alamitos, CA 90720. Web site: https://www.inresg.org/",Instructional Research Group,NA
R305M030052,EJ780371,RTI (Response to Intervention): Rethinking Special Education for Students with Reading Difficulties (Yet Again),"Gersten, Russell; Dimino, Joseph A.","Journal Articles,Reports - Research",2006,"International Reading Association. 800 Barksdale Road, P.O. Box 8139, Newark, DE 19714-8139. Tel: 800-336-7323; Fax: 302-731-1057; e-mail: customerservice@reading.org; Web site: http://www.reading.org/publications/index.html",Reading Research Quarterly,http://www.reading.org/publications/journals/rrq/v41/i1/
R305M050031,ED602401,Leading for Literacy: A Reading Apprenticeship Approach,"Schoenbach, Ruth; Greenleaf, Cynthia; Murphy, Lynn","Books,Guides - Classroom - Teacher",2016,"Jossey-Bass, An Imprint of Wiley. 10475 Crosspoint Boulevard, Indianapolis, IN 46256. Tel: 877-762-2974; Fax: 800-597-3299; e-mail: consumers@wiley.com; Web site: http://www.josseybass.com","Jossey-Bass, An Imprint of Wiley",https://www.wiley.com/en-us/Leading+for+Literacy%3A+A+Reading+Apprenticeship+Approach-p-9781118437261
R305M050031,ED625931,A Study of the Efficacy of Reading Apprenticeship Professional Development for High School History and Science Teaching and Learning,"Greenleaf, Cynthia; Hanson, Thomas; Herman, Joan; Litman, Cindy; Rosen, Rachel; Schneider, Steve; Silver, David","Reports - Research,Tests/Questionnaires",2011,"WestEd. 730 Harrison Street, San Francisco, CA 94107-1242. Tel: 877-493-7833; Tel: 415-565-3000; Fax: 415-565-3012; Web site: http://www.wested.org",WestEd,NA
R305R060022,EJ1390132,Merging High School and College: The Early College High School Model,"Edmunds, Julie A.","Journal Articles,Reports - Research",2023,"National Association of State Boards of Education. 2121 Crystal Drive Suite 350, Arlington, VA 22202. Tel: 800-368-5023; Tel: 703-684-4000; Fax: 703-836-2313; e-mail: boards@nasbe.org; Web site: https://www.nasbe.org/category/the-standard/",State Education Standard,NA
R305R060022,ED513870,A Better 9th Grade: Early Results from an Experimental Study of the Early College High School Model,NA,Reports - Descriptive,2010,"SERVE Center at University of North Carolina at Greensboro. 5900 Summit Avenue Suite 201, Browns Summit, NC 27214. Tel: 800-755-3277; Tel: 336-315-7400; Fax: 336-315-7457; Web site: http://www.serve.org",SERVE Center at University of North Carolina at Greensboro,NA
R305R060022,ED602451,"Early College, Continued Success: Longer-Term Impact of Early College High Schools","Song, Mengli; Zeiser, Kristina L.",Reports - Research,2019,"American Institutes for Research. 1000 Thomas Jefferson Street NW, Washington, DC 20007. Tel: 202-403-5000; Fax: 202-403-5001; e-mail: inquiry@air.org; Web site: http://www.air.org",American Institutes for Research,NA
R305R060022,ED611926,What Happens When You Combine High School and College? The Impact of Early Colleges on Postsecondary Performance and Completion,"Edmunds, Julie",Reports - Descriptive,2020,"SERVE Center at University of North Carolina at Greensboro. 5900 Summit Avenue Suite 201, Browns Summit, NC 27214. Tel: 800-755-3277; Tel: 336-315-7400; Fax: 336-315-7457; Web site: http://www.serve.org",SERVE Center at University of North Carolina at Greensboro,NA
R305R060022,EJ1020156,Mandated Engagement: The Impact of Early College High Schools,"Edmunds, Julie A.; Willse, John; Arshavsky, Nina; Dallas, Andrew","Journal Articles,Reports - Research",2013,"Teachers College, Columbia University. P.O. Box 103, 525 West 120th Street, New York, NY 10027. Tel: 212-678-3774; Fax: 212-678-6619; e-mail: tcr@tc.edu; Web site: http://www.tcrecord.org",Teachers College Record,http://www.tcrecord.org/Content.asp?ContentId=17044
R305R060022,ED654723,Evaluating the Longer Term Impact of Early College High Schools on Workforce Outcomes,Mengli Song; Kristina Zeiser; Kyle Neering; Robert Schwarzhaupt; Sara Mitchell,Reports - Research,2024,"American Institutes for Research. 1400 Crystal Drive 10th Floor, Arlington, VA 22202. Tel: 202-403-5000; Fax: 202-403-5001; e-mail: inquiry@air.org; Web site: https://www.air.org/",American Institutes for Research,NA
R305R060022,EJ1455117,The Impact of Early Colleges on Postsecondary Performance and Completion,Julie A. Edmunds; Fatih Unlu; Brian Phillips; Elizabeth J. Glennie; Christine Mulhern,"Journal Articles,Reports - Research",2024,"SAGE Publications. 2455 Teller Road, Thousand Oaks, CA 91320. Tel: 800-818-7243; Tel: 805-499-9774; Fax: 800-583-2665; e-mail: journals@sagepub.com; Web site: http://sagepub.com",AERA Open,NA
R305R060022,ED671103,The Costs and Benefits of North Carolina's Early College High School Model. EdWorkingPaper No. 25-1136,Brian Phillips; Julie A. Edmunds; Fatih Unlu; Elizabeth Glennie; Christine Mulhern,Reports - Research,2025,"Annenberg Institute for School Reform at Brown University. Brown University Box 1985, Providence, RI 02912. Tel: 401-863-7990; Fax: 401-863-1290; e-mail: annenberg@brown.edu; Web site: https://annenberg.brown.edu/",Annenberg Institute for School Reform at Brown University,NA
R305R060022,ED658175,The Impact of Early Colleges. Interactive Research Report,Kristina Zeiser; Robert Schwarzhaupt; Mengli Song; Kyle Neering; Sara Mitchell; Joanne Blank,"Reports - Research,Numerical/Quantitative Data",2024,"American Institutes for Research. 1400 Crystal Drive 10th Floor, Arlington, VA 22202. Tel: 202-403-5000; Fax: 202-403-5001; e-mail: inquiry@air.org; Web site: https://www.air.org/",Grantee Submission,https://indd.adobe.com/view/be261913-7364-4f51-854d-861b1a539188
R305R060059,ED512659,The Unintended Consequences of an Algebra-for-All Policy on High-Skill Students: The Effects on Instructional Organization and Students' Academic Outcomes,"Nomi, Takako",Reports - Research,2010,"Society for Research on Educational Effectiveness. 2040 Sheridan Road, Evanston, IL 60208. Tel: 202-495-0920; Fax: 202-640-4401; e-mail: inquiries@sree.org; Web site: http://www.sree.org",Society for Research on Educational Effectiveness,NA
R305R060059,ED512287,Are Two Algebra Classes Better Than One? The Effects of Double-Dose Instruction in Chicago. Policy Brief,"Durwood, Claire; Krone, Emily; Mazzeo, Christopher",Reports - Evaluative,2010,"Consortium on Chicago School Research. 1313 East 60th Street, Chicago, IL 60637. Tel: 773-702-3364; Fax: 773-702-2010; Web site: http://ccsr.uchicago.edu",Consortium on Chicago School Research,NA
R305R060059,ED512288,College Prep for All? What We've Learned from Chicago's Efforts. Policy Brief,"Mazzeo, Christopher",Reports - Evaluative,2010,"Consortium on Chicago School Research. 1313 East 60th Street, Chicago, IL 60637. Tel: 773-702-3364; Fax: 773-702-2010; Web site: http://ccsr.uchicago.edu",Consortium on Chicago School Research,NA
R305R060059,ED509706,Passing through Science: The Effects of Raising Graduation Requirements in Science on Course-Taking and Academic Achievement in Chicago. Research Report,"Montgomery, Nicholas; Allensworth, Elaine M.","Numerical/Quantitative Data,Reports - Evaluative",2010,"Consortium on Chicago School Research. 1313 East 60th Street, Chicago, IL 60637. Tel: 773-702-3364; Fax: 773-702-2010; Web site: http://ccsr.uchicago.edu",Consortium on Chicago School Research,NA
R305R060059,ED532512,Working to My Potential: The Postsecondary Experiences of CPS Students in the International Baccalaureate Diploma Programme,"Coca, Vanessa; Johnson, David; Kelley-Kemple, Thomas; Roderick, Melissa; Moeller, Eliza; Williams, Nicole; Moragne, Kafi",Reports - Research,2012,"Consortium on Chicago School Research. 1313 East 60th Street, Chicago, IL 60637. Tel: 773-702-3364; Fax: 773-702-2010; Web site: http://ccsr.uchicago.edu",Consortium on Chicago School Research,NA
R305R060059,ED542566,From High School to the Future: The Challenge of Senior Year in Chicago Public Schools. Research Report,"Roderick, Melissa; Coca, Vanessa; Moeller, Eliza; Kelley-Kemple, Thomas",Reports - Descriptive,2013,"Consortium on Chicago School Research. 1313 East 60th Street, Chicago, IL 60637. Tel: 773-702-3364; Fax: 773-702-2010; Web site: http://ccsr.uchicago.edu",Consortium on Chicago School Research,NA
R305R060059,EJ842066,U.S. High School Curriculum: Three Phases of Contemporary Research and Reform,"Lee, Valerie E.; Ready, Douglas D.","Journal Articles,Reports - Descriptive",2009,"Woodrow Wilson School of Public and International Affairs at Princeton University and The Brookings Institution. 267 Wallace Hall, Princeton University, Princeton, NJ 08544. Tel: 609-258-6979; e-mail: FOC@princeton.edu; Web site: http://www.brookings.org/index/publications.htm",Future of Children,NA
R305R220012,ED630851,Knowledge Tracing over Time: A Longitudinal Analysis,"Lee, Morgan P.; Croteau, Ethan; Gurung, Ashish; Botelho, Anthony F.; Heffernan, Neil T.","Speeches/Meeting Papers,Reports - Research",2023,International Educational Data Mining Society. e-mail: admin@educationaldatamining.org; Web site: https://educationaldatamining.org/conferences/,International Educational Data Mining Society,NA
R305R220012,ED630861,How to Open Science: Debugging Reproducibility within the Educational Data Mining Conference,"Haim, Aaron; Gyurcsan, Robert; Baxter, Chris; Shaw, Stacy T.; Heffernan, Neil T.","Speeches/Meeting Papers,Information Analyses",2023,International Educational Data Mining Society. e-mail: admin@educationaldatamining.org; Web site: https://educationaldatamining.org/conferences/,International Educational Data Mining Society,NA
R305R220012,EJ1430518,Effect of Gamification on Gamers: Evaluating Interventions for Students Who Game the System,Kirk P. Vanacore; Ashish Gurung; Adam C. Sales; Neil T. Heffernan,"Journal Articles,Reports - Research",2024,International Educational Data Mining. e-mail: jedm.editor@gmail.com; Web site: https://jedm.educationaldatamining.org/index.php/JEDM,Journal of Educational Data Mining,NA
R305S210005,ED658741,Exploratory Data Analysis with Clustered Data: Simulation and Application with Oregon's Statewide Longitudinal Data System Using Generalized Linear Mixed-Effects Model Trees,Christopher M. Loan,Dissertations/Theses - Doctoral Dissertations,2024,"ProQuest LLC. 789 East Eisenhower Parkway, P.O. Box 1346, Ann Arbor, MI 48106. Tel: 800-521-0600; Web site: http://www.proquest.com/en-US/products/dissertations/individuals.shtml",ProQuest LLC,https://gateway.proquest.com/openurl?url_ver=Z39.88-2004&rft_val_fmt=info:ofi/fmt:kev:mtx:dissertation&res_dat=xri:pqm&rft_dat=xri:pqdiss:31330961
R305S210005,ED677715,Beyond Single-Axis Analysis: Applying the Intersectional MAIHDA Method to Examine Disparities in Subjective Disciplinary Incidents,Anwesha Guha; Janette Avelar; Keith Zvoch,Reports - Research,2025,"Society for Research on Educational Effectiveness. 2040 Sheridan Road, Evanston, IL 60208. Tel: 202-495-0920; e-mail: contact@sree.org; Web site: https://www.sree.org/",Society for Research on Educational Effectiveness,https://www.sree.org/2025-conference
R305S210008,ED645451,Promoting Equity through CTE: Addressing Data Challenges to Help More Students Access Benefits. Community Engagement Initiative. Policy Brief,Arielle Lentz; Kenneth Shores,Reports - Evaluative,2024,"Partnership for Public Education.111 Academy Street Graham Hall 182, Newark, DE 19716. Tel: 302-831-0184; e-mail: ppe-info@udel.edu; Web site: https://sites.udel.edu/ppe/",Partnership for Public Education,NA
R305S210008,ED672203,Misclassification of Career and Technical Education Concentrators: Analysis and Policy Recommendations. EdWorkingPaper No. 23-889,Yue Huang; Hojung Lee; Arielle Lentz; Kenneth Shores,Reports - Research,2024,"Annenberg Institute for School Reform at Brown University. Brown University Box 1985, Providence, RI 02912. Tel: 401-863-7990; Fax: 401-863-1290; e-mail: annenberg@brown.edu; Web site: https://annenberg.brown.edu/",Annenberg Institute for School Reform at Brown University,NA
R305S210008,ED671123,Making the Grade: Accounting for Course Selection in High School Transcripts with Item Response Theory. EdWorkingPaper No. 24-1109,Kenneth A. Shores; Sanford R. Student,Reports - Research,2024,"Annenberg Institute for School Reform at Brown University. Brown University Box 1985, Providence, RI 02912. Tel: 401-863-7990; Fax: 401-863-1290; e-mail: annenberg@brown.edu; Web site: https://annenberg.brown.edu/",Annenberg Institute for School Reform at Brown University,NA
R305S210008,ED678179,The Architecture of Expected Wage Gaps: Between- and Within-School Sources of Career Education Inequality. EdWorkingPaper No. 24-1105,Hojung Lee; Kenneth A. Shores; Arielle Lentz,Reports - Research,2025,"Annenberg Institute for School Reform at Brown University. Brown University Box 1985, Providence, RI 02912. Tel: 401-863-7990; Fax: 401-863-1290; e-mail: annenberg@brown.edu; Web site: https://annenberg.brown.edu/",Annenberg Institute for School Reform at Brown University,NA
R305S210026,ED617808,School Instruction in Pennsylvania during the COVID-19 Pandemic. Education Research Brief,"Lipscomb, Stephen; Crigler, Forest; Chaplin, Duncan",Reports - Research,2021,"Mathematica. P.O. Box 2393, Princeton, NJ 08543. Tel: 609-799-3535; Fax: 609-799-0005; e-mail: publications@mathematica-mpr.com; Web site: https://www.mathematica.org",Mathematica,NA
R305S210026,ED628485,Staff Attrition from Pennsylvania Public Schools during the COVID-19 Pandemic. Education Research Brief,"Lipscomb, Stephen; Lai, Ijun; Chaplin, Duncan; Vigil, Alma; Matthias, Hena",Reports - Evaluative,2022,"Mathematica. P.O. Box 2393, Princeton, NJ 08543. Tel: 609-799-3535; Fax: 609-799-0005; e-mail: publications@mathematica-mpr.com; Web site: https://www.mathematica.org",Mathematica,NA
R305S210026,ED628488,How the COVID-19 Pandemic Affected Academic Proficiency Rates in Pennsylvania in 2021: Findings from a Predictive Model. Education Research Brief,"Lipscomb, Stephen; Chaplin, Duncan; Vigil, Alma; Matthias, Hena",Reports - Research,2022,"Mathematica. P.O. Box 2393, Princeton, NJ 08543. Tel: 609-799-3535; Fax: 609-799-0005; e-mail: publications@mathematica-mpr.com; Web site: https://www.mathematica.org",Mathematica,NA
R305S210026,ED628489,Pennsylvania's 2022 Student Proficiency Rates Show Signs of Partial Recovery,"Lipscomb, Stephen; Chaplin, Duncan; Vigil, Alma; Matthias, Hena",Reports - Descriptive,2022,"Mathematica. P.O. Box 2393, Princeton, NJ 08543. Tel: 609-799-3535; Fax: 609-799-0005; e-mail: publications@mathematica-mpr.com; Web site: https://www.mathematica.org",Mathematica,NA
R305S210026,ED628506,Did Remote Learning Lead to Different Education and Health Outcomes in Pennsylvania? Education Research Brief,"Lipscomb, Stephen; Chaplin, Duncan; Lai, Ijun; Vigil, Alma; Matthias, Hena",Reports - Research,2023,"Mathematica. P.O. Box 2393, Princeton, NJ 08543. Tel: 609-799-3535; Fax: 609-799-0005; e-mail: publications@mathematica-mpr.com; Web site: https://www.mathematica.org",Mathematica,NA
R305S220003,ED672486,"The Relationship between Student Attendance and Achievement, Pre- and Post-COVID. EdWorkingPaper No. 24-951",Tom Swiderski; Sarah Crittenden Fuller; Kevin C. Bastian,Reports - Research,2024,"Annenberg Institute for School Reform at Brown University. Brown University Box 1985, Providence, RI 02912. Tel: 401-863-7990; Fax: 401-863-1290; e-mail: annenberg@brown.edu; Web site: https://annenberg.brown.edu/",Annenberg Institute for School Reform at Brown University,NA
R305S220003,EJ1494842,"The Relationship between Student Attendance and Achievement, Pre- and Post-COVID",Tom Swiderski; Sarah Crittenden Fuller; Kevin C. Bastian,"Journal Articles,Reports - Research",2025,"SAGE Publications. 2455 Teller Road, Thousand Oaks, CA 91320. Tel: 800-818-7243; Tel: 805-499-9774; Fax: 800-583-2665; e-mail: journals@sagepub.com; Web site: http://sagepub.com",AERA Open,NA
R305W030257,EJ891824,Effectiveness of a Supplemental Early Reading Intervention Scaled Up in Multiple Schools,Carolyn A. Denton; Caroline Kethley; Kim Nimon; Terri B. Kurz; Patricia G. Mathes; Minyi Shih; Elizabeth A. Swanson,"Journal Articles,Reports - Research",2010,"Council for Exceptional Children. 1110 North Glebe Road Suite 300, Arlington, VA 22201. Tel: 888-232-7733; Fax: 703-264-9494; e-mail: cecpubs@cec.sped.org; Web site: http://www.cec.sped.org/AM/Template.cfm?Section=Publications1",Exceptional Children,http://www.cec.sped.org/Content/NavigationMenu/Publications2/ExceptionalChildren/default.htm
R305X220016,ED651626,How Did Pandemic Recovery Funding Support California Community Colleges?,Olga Rodriguez; Daniel Payares-Montoya; Kevin Cook,Reports - Evaluative,2024,NA,Grantee Submission,https://www.ppic.org/publication/how-did-pandemic-recovery-funding-support-california-community-colleges/
R305X220018,ED656441,Regaining Ground: Enrollment Trends in the Los Angeles Community College District in the Wake of COVID-19. ARCC Network Brief,Soumya Mishra; Elise Swanson,Reports - Evaluative,2024,"Community College Research Center. Available from: CCRC Publications. Teachers College, Columbia University, 525 West 120th Street Box 174, New York, NY 10027. Tel: 212-678-3091; Fax: 212-678-3699; e-mail: ccrc@columbia.edu; Web site: http://ccrc.tc.columbia.edu/","Community College Research Center, Teachers College, Columbia University",NA
R305X220018,ED656496,Labor Market Opportunities and Declining Community College Enrollment in the Pandemic Era: The Picture in Los Angeles County. ARCC Network Brief,Brian Johnson; Elise Swanson,Reports - Evaluative,2024,"Community College Research Center. Available from: CCRC Publications. Teachers College, Columbia University, 525 West 120th Street Box 174, New York, NY 10027. Tel: 212-678-3091; Fax: 212-678-3699; e-mail: ccrc@columbia.edu; Web site: http://ccrc.tc.columbia.edu/","Community College Research Center, Teachers College, Columbia University",NA
R305X220018,ED674058,Going the Distance or Growing More Remote? The Academic Impacts of Course Modality Following Pandemic-Era Investments. EdWorkingPaper No. 25-1183,Rachel Worsham; Elise Swanson; Christopher Norio Avery,Reports - Research,2025,"Annenberg Institute for School Reform at Brown University. Brown University Box 1985, Providence, RI 02912. Tel: 401-863-7990; Fax: 401-863-1290; e-mail: annenberg@brown.edu; Web site: https://annenberg.brown.edu/",Annenberg Institute for School Reform at Brown University,NA
R324A070118,EJ917387,Function-Based Thinking: A Systematic Way of Thinking about Function and Its Role in Changing Student Behavior Problems,"Hershfeldt, Patricia A.; Rosenberg, Michael S.; Bradshaw, Catherine P.","Journal Articles,Reports - Research",2010,"Council for Children with Behavioral Disorders.  Council for Exceptional Children, 1110 North Glebe Road, Arlington, VA 22201-5704. Tel: 612-276-0140; Fax: 612-276-0142; Web site: http://www.ccbd.net/beyondbehavior/index.cfm?categoryID=D646D293-C09F-1D6F-F9C4E203B21F5EB8",Beyond Behavior,http://www.ccbd.net/content/function-based-thinking-systematic-way-thinking-about-function-and-its-role-changing-student
R324A070181,EJ1070178,CW-FIT: Group Contingency Effects across the Day,"Wills, Howard P.; Iwaszuk, Wendy M.; Kamps, Debra; Shumate, Emily","Journal Articles,Reports - Research",2014,"West Virginia University Press. P.O. Box 6295, West Virginia University, Morgantown, WV 26506. Tel: 866-988-7737; Tel: 304-293-8400; Fax: 304-293-6585; Web site: http://www.wvupress.com/index.php",Education and Treatment of Children,http://wvupressonline.com/journals/etc
R324A070181,EJ1119051,The Effects of a Class-Wide Behavior Intervention for Students with Emotional and Behavioral Disorders,"Weeden, Marc; Wills, Howard P.; Kottwitz, Esther; Kamps, Debra","Journal Articles,Reports - Research",2016,"Council for Children with Behavioral Disorders. Council for Exceptional Children, 1110 North Glebe Road, Arlington, VA 22201-5704. Tel: 612-276-0140; Fax: 612-276-0142; Web site: http://www.ccbd.net/publications/behavioraldisorders",Behavioral Disorders,NA
R324A070183,EJ1004492,How Individual and School Aggregate Baseline Behavior Levels Moderate Response to a Primary Level Behavior Intervention,"Benner, Gregory J.; Sanders, Elizabeth A.; Nelson, J. Ron; Ralston, Nicole C.","Journal Articles,Reports - Research",2013,"Council for Children with Behavioral Disorders.  Council for Exceptional Children, 1110 North Glebe Road, Arlington, VA 22201-5704. Tel: 612-276-0140; Fax: 612-276-0142; Web site: http://www.ccbd.net/publication/behavioraldisorders",Behavioral Disorders,http://www.ccbd.net/
R324A070183,EJ970676,Behavior Intervention for Students with Externalizing Behavior Problems: Primary-Level Standard Protocol,"Benner, Gregory J.; Nelson, J. Ron; Sanders, Elizabeth A.; Ralston, Nicole C.","Journal Articles,Reports - Research",2012,"Council for Exceptional Children. 1110 North Glebe Road Suite 300, Arlington, VA 22201. Tel: 888-232-7733; Fax: 703-264-9494; e-mail: cecpubs@cec.sped.org; Web site: http://www.cec.sped.org/AM/Template.cfm?Section=Publications1",Exceptional Children,http://cec.metapress.com/content/k5wg631101063jwt/?p=128b627154de4e32869935d7ca64e3e8&pi=2
R324A080071,ED589669,Optimizing Early Care and Education Services in a Rural County: Collaborations between State Preschool and Community Based Programs,"Dorsey, Emily A.",Dissertations/Theses - Doctoral Dissertations,2015,"ProQuest LLC. 789 East Eisenhower Parkway, P.O. Box 1346, Ann Arbor, MI 48106. Tel: 800-521-0600; Web site: http://www.proquest.com/en-US/products/dissertations/individuals.shtml",ProQuest LLC,http://gateway.proquest.com/openurl?url_ver=Z39.88-2004&rft_val_fmt=info:ofi/fmt:kev:mtx:dissertation&res_dat=xri:pqm&rft_dat=xri:pqdiss:10151783
R324A080071,ED628648,The Making Friends Program: Supporting Acceptance in Your K-2 Classroom,"Favazza, Paddy C.; Ostrosky, Michaelene M.; Mouzourou, Chryso","Books,Guides - Classroom - Teacher",2016,"Brookes Publishing Company. P.O. Box 10624, Baltimore, MD 21285. Tel: 800-638-3775; Fax: 410-337-8539; Web site: http://www.brookespublishing.com",Brookes Publishing Company,https://products.brookespublishing.com/The-Making-Friends-Program-P884.aspx
R324A080071,EJ931228,Children's Friendship Development: A Comparative Study,"Yu, SeonYeong; Ostrosky, Michaelene M.; Fowler, Susan A.","Journal Articles,Reports - Research",2011,"Clearinghouse on Early Education and Parenting, University of Illinois at Urbana-Champaign. 51 Gerty Drive, Champaign, IL 61820. Tel: 877-275-3227; Tel: 217-333-1386; Fax: 217-244-7732; e-mail: ecrp@uiuc.edu; Web site: http://ecrp.uiuc.edu",Early Childhood Research & Practice,NA
R324A090104,ED601958,An Examination of the Efficacy of a Multitiered Intervention on Early Reading Outcomes for First Grade Students at-Risk for Reading Difficulties,Hank Fien; Jean L. M. Smith; Keith Smolkowski; Scott K. Baker; Nancy J. Nelson; Erin Chaparro,Reports - Research,2015,NA,Grantee Submission,NA
R324A090104,ED668484,An Argument-Based Approach to Early Literacy Curriculum-Based Measure Validation within Multi-Tiered Systems of Support in Reading: Does Instructional Effectiveness Matter?,Marissa Pilger Suhr,Dissertations/Theses - Doctoral Dissertations,2021,"ProQuest LLC. 789 East Eisenhower Parkway, P.O. Box 1346, Ann Arbor, MI 48106. Tel: 800-521-0600; Web site: http://www.proquest.com/en-US/products/dissertations/individuals.shtml",ProQuest LLC,http://gateway.proquest.com/openurl?url_ver=Z39.88-2004&rft_val_fmt=info:ofi/fmt:kev:mtx:dissertation&res_dat=xri:pqm&rft_dat=xri:pqdiss:28321949
R324A090111,EJ962069,Promoting Academic Competence and Behavioral Health in Public Schools: A Strategy of Systemic Concatenation of Empirically Based Intervention Principles,"Dishion, Thomas","Journal Articles,Opinion Papers",2011,"National Association of School Psychologists. 4340 East West Highway Suite 402, Bethesda, MD 20814. Tel: 301-657-0270; Fax: 301-657-0275; e-mail: publications@naspweb.org; Web site: http://www.nasponline.org/publications/",School Psychology Review,http://www.nasponline.org/publications/spr/abstract.aspx?ID=3256
R324A090179,EJ1049291,Impact of Enhanced Anchored Instruction in Inclusive Math Classrooms,"Bottge, Brian A.; Toland, Michael D.; Gassaway, Linda; Butler, Mark; Choo, Sam; Griffen, Ann Katherine; Ma, Xin","Journal Articles,Reports - Research",2015,"SAGE Publications. 2455 Teller Road, Thousand Oaks, CA 91320. Tel: 800-818-7243; Tel: 805-499-9774; Fax: 800-583-2665; e-mail: journals@sagepub.com; Web site: http://sagepub.com",Exceptional Children,http://ecx.sagepub.com/content/81/2/158.abstract
R324A090179,EJ1014346,Effects of Enhanced Anchored Instruction on Skills Aligned to Common Core Math Standards,"Bottge, Brian A.; Cho, Sun-Joo","Journal Articles,Reports - Research",2013,"Learning Disabilities Association of America. 4156 Library Road, Pittsburgh, PA 15234. Tel: 412-341-1515; Fax: 412-344-0224; e-mail: info@ldaamerica.org; Web site: http://www.ldaamerica.org",Learning Disabilities: A Multidisciplinary Journal,http://ldaamerica.org/learning-disabilities-a-multidisciplinary-journal/
R324A090179,EJ891825,Anchoring Problem-Solving and Computation Instruction in Context-Rich Learning Environments,"Bottge, Brian A.; Rueda, Enrique; Grant, Timothy S.; Stephens, Ana C.; Laroque, Perry T.","Journal Articles,Reports - Research",2010,"Council for Exceptional Children. 1110 North Glebe Road Suite 300, Arlington, VA 22201. Tel: 888-232-7733; Fax: 703-264-9494; e-mail: cecpubs@cec.sped.org; Web site: http://www.cec.sped.org/AM/Template.cfm?Section=Publications1",Exceptional Children,http://www.cec.sped.org/Content/NavigationMenu/Publications2/ExceptionalChildren/default.htm
R324A100115,ED489453,Assessment for Intervention: A Problem-Solving Approach,"Brown-Chidsey, Rachel, Ed.","Books,Collected Works - General,Guides - General",2005,"Guilford Press, 72 Spring Street, New York, NY 10012. Tel: 800-365-7006, ext. 3 (Toll Free); Tel: 212-431-9800, ext. 3; Fax: 212-966-6708; e-mail: info@guilford.com.",Guilford Publications,http://www.guilford.com
R324A100115,ED530595,Handbook of Early Childhood Education,"Pianta, Robert C., Ed.","Books,Collected Works - General",2012,"Guilford Press. 72 Spring Street, New York, NY 10012. Tel: 800-365-7006; Tel: 212-431-9800; Fax: 212-966-6708; e-mail: info@guilford.com; Web site: http://www.guilford.com",Guilford Publications,http://www.guilford.com/cgi-bin/cartscript.cgi?page=pr/pianta.htm&dir=edu/lit&cart_id=563731.28579
R324A100115,ED540271,Family Engagement in Rural Schools. R[superscript 2]Ed Working Papers,"Witte, Amanda L.; Sheridan, Susan M.",Reports - Descriptive,2011,"National Center for Research on Rural Education. University of Nebraska-Lincoln, 216 Mabel Lee Hall, Lincoln, NE 68588. Tel: 402-472-2448; Web site: http://r2ed.unl.edu/",National Center for Research on Rural Education,NA
R324A100115,ED565481,CBC in Rural Schools: Preliminary Results of a Randomized Trial. CYFS Working Paper 2013-1,"Sheridan, Susan M.; Holmes, Shannon R.; Coutts, Michael J.; Smith, Tyler E.; Kunz, Gina M.; Witte, Amanda L.","Reports - Research,Speeches/Meeting Papers",2013,"Nebraska Center for Research on Children, Youth, Families and Schools. University of Nebraska-Lincoln, 216 Mabel Lee Hall, Lincoln, NE 68588. Tel: 402-472-2448; Fax: 402-472-2298; Web site: http://www.cyfs.unl.edu","Nebraska Center for Research on Children, Youth, Families and Schools",NA
R324A100115,ED571811,Influence of Risk and Community Setting on Kindergarten Children's Development. R2Ed Working Paper 2015-2,"Holmes, Shannon R.; Sheridan, Susan M.; Witte, Amanda L.; Bhatia, Sonya A.; Coutts, Michael J.",Reports - Research,2015,"National Center for Research on Rural Education. University of Nebraska-Lincoln, 216 Mabel Lee Hall, Lincoln, NE 68588. Tel: 402-472-2448; Web site: http://r2ed.unl.edu/",National Center for Research on Rural Education,NA
R324A100115,ED628579,Teachers and Parents as Partners (TAPP). The Tough Kid,"Sheridan, Susan M.","Books,Guides - Classroom - Teacher",2014,"Ancora Publishing. 21 West 6th Avenue, Eugene, OR 97401. Tel: 866-542-1490; Fax: 541-345-1507; e-mail: info@ancorapublishing.com; Web site: https://www.ancorapublishing.com/",Ancora Publishing,https://ancorapublishing.com/product/the-tough-kid-teachers-and-parents-as-partners-tapp/
R324A100115,EJ974684,Family-School Connections in Rural Educational Settings: A Systematic Review of the Empirical Literature,"Semke, Carrie A.; Sheridan, Susan M.","Journal Articles,Reports - Evaluative",2012,"Academic Development Institute. 121 North Kickapoo Street, Lincoln, IL 62656. Tel: 217-732-6462; Fax: 217-732-3696; Web site: http://www.adi.org/journal",School Community Journal,NA
R324A100115,EJ977425,A Randomized Trial Examining the Effects of Conjoint Behavioral Consultation and the Mediating Role of the Parent-Teacher Relationship,"Sheridan, Susan M.; Bovaird, James A.; Glover, Todd A.; Garbacz, S. Andrew; Witte, Amanda; Kwon, Kyongboon","Journal Articles,Reports - Research",2012,"National Association of School Psychologists. 4340 East West Highway Suite 402, Bethesda, MD 20814. Tel: 301-657-0270; Fax: 301-657-0275; e-mail: publications@naspweb.org; Web site: http://www.nasponline.org/publications/",School Psychology Review,http://www.nasponline.org/publications/spr/abstract.aspx?ID=3354
R324A100115,EJ977430,Behavioral Competence and Academic Functioning among Early Elementary Children with Externalizing Problems,"Kwon, Kyongboon; Kim, Elizabeth; Sheridan, Susan","Journal Articles,Reports - Research",2012,"National Association of School Psychologists. 4340 East West Highway Suite 402, Bethesda, MD 20814. Tel: 301-657-0270; Fax: 301-657-0275; e-mail: publications@naspweb.org; Web site: http://www.nasponline.org/publications/",School Psychology Review,http://www.nasponline.org/publications/spr/abstract.aspx?ID=3438
R324A100305,EJ1280778,Joint Attention and Sensory-Regulatory Features at 13 and 22 Months as Predictors of Preschool Language and Social-Communication Outcomes,"Nowell, Sallie W.; Watson, Linda R.; Crais, Elizabeth R.; Baranek, Grace T.; Faldowski, Richard A.; Turner-Brown, Lauren","Journal Articles,Reports - Research",2020,"American Speech-Language-Hearing Association. 2200 Research Blvd #250, Rockville, MD 20850. Tel: 301-296-5700; Fax: 301-296-8580; e-mail: slhr@asha.org; Web site: http://jslhr.pubs.asha.org","Journal of Speech, Language, and Hearing Research",NA
R324A100305,ED650635,Infants at Elevated Likelihood of Autism Spectrum Disorder: Language Development Patterns and Caregiver Coaching Strategies,Jonet Artis,Dissertations/Theses - Doctoral Dissertations,2020,"ProQuest LLC. 789 East Eisenhower Parkway, P.O. Box 1346, Ann Arbor, MI 48106. Tel: 800-521-0600; Web site: http://www.proquest.com/en-US/products/dissertations/individuals.shtml",ProQuest LLC,http://gateway.proquest.com/openurl?url_ver=Z39.88-2004&rft_val_fmt=info:ofi/fmt:kev:mtx:dissertation&res_dat=xri:pqm&rft_dat=xri:pqdiss:28094700
R324A110048,ED598842,Preschoolers with Developmental Speech and/or Language Impairment: Efficacy of the Teaching Early Literacy and Language (TELL) Curriculum,"Wilcox, M. Jeanne; Gray, Shelley; Reiser, Mark",Reports - Research,2019,NA,Grantee Submission,NA
R324A110173,EJ1194129,Prevention and Treatment of Problem Behaviors in Young Children: Clinical Implications from a Randomized Controlled Trial of BEST in CLASS,"Conroy, Maureen A.; Sutherland, Kevin S.; Algina, James; Werch, Brittany; Ladwig, Crystal","Journal Articles,Reports - Research",2018,"SAGE Publications. 2455 Teller Road, Thousand Oaks, CA 91320. Tel: 800-818-7243; Tel: 805-499-9774; Fax: 800-583-2665; e-mail: journals@sagepub.com; Web site: http://sagepub.com",AERA Open,NA
R324A110173,EJ1210700,"Outcomes of the Best in Class Intervention on Teachers' Use of Effective Practices, Self-Efficacy, and Classroom Quality","Conroy, Maureen A.; Sutherland, Kevin S.; Algina, James; Ladwig, Crystal; Werch, Brittany; Martinez, Jose; Jessee, Gabriel; Gyure, Maria","Journal Articles,Reports - Research",2019,"National Association of School Psychologists. 4340 East West Highway Suite 402, Bethesda, MD 20814. Tel: 301-657-0270; Fax: 301-657-0275; e-mail: publications@naspweb.org; Web site: http://www.nasponline.org/publications/",School Psychology Review,NA
R324A110353,ED628663,The DATA Model for Teaching Preschoolers with Autism: Blending Approaches to Meet Individual Needs,"Schwartz, Ilene S.; Ashmun, Julie; McBride, Bonnie; Scott, Crista; Sandall, Susan R.","Books,Guides - Classroom - Teacher",2017,"Brookes Publishing Company. P.O. Box 10624, Baltimore, MD 21285. Tel: 800-638-3775; Fax: 410-337-8539; Web site: http://www.brookespublishing.com",Brookes Publishing Company,https://products.brookespublishing.com/The-DATA-Model-for-Teaching-Preschoolers-with-Autism-P992.aspx
R324A120097,EJ1176318,Prevent-Teach-Reinforce for Young Children: A Program Description and Demonstration of Implementation in an Early Childhood Setting,"Fronapfel, Brighid; Dunlap, Glen; Flagtvedt, Kristen; Strain, Phillip; Lee, Janice","Journal Articles,Reports - Descriptive",2018,"West Virginia University Press. P.O. Box 6295, West Virginia University, Morgantown, WV 26506. Tel: 866-988-7737; Tel: 304-293-8400; Fax: 304-293-6585; Web site: http://www.wvupress.com/index.php",Education and Treatment of Children,http://wvupressonline.com/journals/etc
R324A120178,ED628668,"Teaching Pyramid Observation Tool (TPOT™) for Preschool Classrooms Manual, Research Edition","Hemmeter, Mary Louise; Fox, Lise K.; Snyder, Patricia","Books,Guides - Classroom - Teacher",2014,"Brookes Publishing Company. P.O. Box 10624, Baltimore, MD 21285. Tel: 800-638-3775; Fax: 410-337-8539; Web site: http://www.brookespublishing.com",Brookes Publishing Company,https://products.brookespublishing.com/Teaching-Pyramid-Observation-Tool-TPOT-for-Preschool-Classrooms-Manual-Research-Edition-P759.aspx
R324A120232,EJ1357609,Effects of the System of Least Prompts on Pretend Play Skills for Children with Autism Spectrum Disorder,"Bateman, Katherine J.; Schwartz, Ilene S.","Journal Articles,Reports - Research",2022,"Division on Autism and Developmental Disabilities, Council for Exceptional Children. DDD, P.O. Box 3512, Fayetteville, AR 72702. Tel: 479-575-3326; Fax: 479-575-6676; Web site: http://www.daddcec.com/",Education and Training in Autism and Developmental Disabilities,NA
R324A120232,ED628663,The DATA Model for Teaching Preschoolers with Autism: Blending Approaches to Meet Individual Needs,"Schwartz, Ilene S.; Ashmun, Julie; McBride, Bonnie; Scott, Crista; Sandall, Susan R.","Books,Guides - Classroom - Teacher",2017,"Brookes Publishing Company. P.O. Box 10624, Baltimore, MD 21285. Tel: 800-638-3775; Fax: 410-337-8539; Web site: http://www.brookespublishing.com",Brookes Publishing Company,https://products.brookespublishing.com/The-DATA-Model-for-Teaching-Preschoolers-with-Autism-P992.aspx
R324A120260,EJ1157935,Reliability and Validity of the Youth Empowerment Scale--Mental Health in Youth Departing Residential Care and Reintegrating into School and Community Settings,"Huscroft-D'Angelo, Jacqueline; Trout, Alexandra L.; Lambert, Matthew C.; Thompson, Ronald","Journal Articles,Reports - Research",2017,"West Virginia University Press. P.O. Box 6295, West Virginia University, Morgantown, WV 26506. Tel: 866-988-7737; Tel: 304-293-8400; Fax: 304-293-6585; Web site: http://www.wvupress.com/index.php",Education and Treatment of Children,NA
R324A120304,ED596400,Multiple-Cutoff Regression Discontinuity Designs in Program Evaluation: A Comparison of Two Estimation Methods,"Yoon, HyeonJin",Dissertations/Theses - Doctoral Dissertations,2018,"ProQuest LLC. 789 East Eisenhower Parkway, P.O. Box 1346, Ann Arbor, MI 48106. Tel: 800-521-0600; Web site: http://www.proquest.com/en-US/products/dissertations/individuals.shtml",ProQuest LLC,http://gateway.proquest.com/openurl?url_ver=Z39.88-2004&rft_val_fmt=info:ofi/fmt:kev:mtx:dissertation&res_dat=xri:pqm&rft_dat=xri:pqdiss:10935906
R324A120304,ED600650,Multiple-Cutoff Regression Discontinuity Designs in Program Evaluation: A Comparison of Two Estimation Methods,"Yoon, HyeonJin",Dissertations/Theses - Doctoral Dissertations,2018,NA,Grantee Submission,NA
R324A120304,EJ970689,Universal Screening in Mathematics for the Primary Grades: Beginnings of a Research Base,"Gersten, Russell; Clarke, Ben; Jordan, Nancy C.; Newman-Gonchar, Rebecca; Haymond, Kelly; Wilkins, Chuck","Journal Articles,Reports - Descriptive",2012,"Council for Exceptional Children. 1110 North Glebe Road Suite 300, Arlington, VA 22201. Tel: 888-232-7733; Fax: 703-264-9494; e-mail: cecpubs@cec.sped.org; Web site: http://www.cec.sped.org/AM/Template.cfm?Section=Publications1",Exceptional Children,http://cec.metapress.com/content/b75u2072576416t7/?p=b8611d8276bf451795de3e53dbfa163e&pi=2
R324A120304,EJ1194151,Testing the Efficacy of a Kindergarten Mathematics Intervention by Small Group Size,"Clarke, Ben; Doabler, Christian T.; Kosty, Derek; Kurtz Nelson, Evangeline; Smolkowski, Keith; Fien, Hank; Turtura, Jessica","Journal Articles,Reports - Research",2017,"SAGE Publications. 2455 Teller Road, Thousand Oaks, CA 91320. Tel: 800-818-7243; Tel: 805-499-9774; Fax: 800-583-2665; e-mail: journals@sagepub.com; Web site: http://sagepub.com",AERA Open,NA
R324A120304,ED636134,Examining Patterns and Predictors of Response to Mathematics Intervention,Taylor A. Lesner,Dissertations/Theses - Doctoral Dissertations,2023,"ProQuest LLC. 789 East Eisenhower Parkway, P.O. Box 1346, Ann Arbor, MI 48106. Tel: 800-521-0600; Web site: http://www.proquest.com/en-US/products/dissertations/individuals.shtml",ProQuest LLC,http://gateway.proquest.com/openurl?url_ver=Z39.88-2004&rft_val_fmt=info:ofi/fmt:kev:mtx:dissertation&res_dat=xri:pqm&rft_dat=xri:pqdiss:29214315
R324A120304,ED672426,Examining Patterns and Predictors of Response to Mathematics Intervention,Taylor Lesner; Ben Clarke; Derek Kosty; Geovanna Rodriguez; Elizabeth L. Budd; Christian Doabler,Reports - Research,2025,NA,Grantee Submission,https://www.tandfonline.com/journals/uree20
R324A120304,ED647446,Understanding the Role of Working Memory and Phonological Memory in Mathematics and Response to Intervention for Emergent Bilingual Kindergartners,Madison Cook; Keith Smolkowski; Lina Shanley; Joanna Hermida; Sylvia Linan-Thompson; Christian T. Doabler; Ben Clarke,Reports - Research,2024,NA,Grantee Submission,https://jnc.psychopen.eu/index.php/jnc/issue/view/545
R324A120304,EJ1447631,Understanding the Role of Working Memory and Phonological Memory in Mathematics and Response to Intervention for Emergent Bilingual Kindergartners,Madison A. Cook; Keith Smolkowski; Lina Shanley; Joanna Hermida; Sylvia Linan-Thompson; Christian T. Doabler; Ben Clarke,"Journal Articles,Reports - Research",2024,"Leibniz Institute for Psychology. Universitatsring 15, Trier, 54296, Germany. e-mail: support@psychopen.eu; Web site: https://jnc.psychopen.eu",Journal of Numerical Cognition,NA
R324A120344,EJ1116772,Effects of a Tier 3 Self-Management Intervention Implemented with and without Treatment Integrity,"Lower, Ashley; Young, K. Richard; Christensen, Lynnette; Caldarella, Paul; Williams, Leslie; Wills, Howard","Journal Articles,Reports - Research",2016,"West Virginia University Press. P.O. Box 6295, West Virginia University, Morgantown, WV 26506. Tel: 866-988-7737; Tel: 304-293-8400; Fax: 304-293-6585; Web site: http://www.wvupress.com/index.php",Education and Treatment of Children,NA
R324A120344,EJ1229800,Teacher Praise-to-Reprimand Ratios: Behavioral Response of Students at Risk for EBD Compared with Typically Developing Peers,"Caldarella, Paul; Larsen, Ross A. A.; Williams, Leslie; Wills, Howard P.; Wehby, Joseph H.","Journal Articles,Reports - Research",2019,"West Virginia University Press. P.O. Box 6295, West Virginia University, Morgantown, WV 26506. Tel: 866-988-7737; Tel: 304-293-8400; Fax: 304-293-6585; Web site: http://www.wvupress.com/index.php",Education and Treatment of Children,NA
R324A120344,EJ1212410,Varying Opportunities to Respond to Improve Behavior of Elementary Students with Developmental Disabilities,"Bolt, Teresa D.; Hansen, Blake D.; Caldarella, Paul; Young, K. Richard; Williams, Leslie; Wills, Howard P.","Journal Articles,Reports - Research",2019,"International Electronic Journal of Elementary Education. T&K Akademic Rosendalsvein 45, Oslo 1166, Norway. e-mail: iejee@iejee.com; Web site: https://www.iejee.com/index.php/IEJEE/index",International Electronic Journal of Elementary Education,NA
R324A120344,ED577875,Managing Student Behavior with Class-Wide Function-Related Intervention Teams: An Observational Study in Early Elementary Classrooms,Paul Caldarella; Leslie Williams; Blake D. Hansen; Howard Wills,Reports - Research,2015,NA,Grantee Submission,NA
R324A120344,EJ1070178,CW-FIT: Group Contingency Effects across the Day,"Wills, Howard P.; Iwaszuk, Wendy M.; Kamps, Debra; Shumate, Emily","Journal Articles,Reports - Research",2014,"West Virginia University Press. P.O. Box 6295, West Virginia University, Morgantown, WV 26506. Tel: 866-988-7737; Tel: 304-293-8400; Fax: 304-293-6585; Web site: http://www.wvupress.com/index.php",Education and Treatment of Children,http://wvupressonline.com/journals/etc
R324A120358,ED582031,A Randomized Controlled Trial of a School-Implemented School-Home Intervention for ADHD Symptoms and Impairment,"Pfiffner, L. J.; Rooney, M.; Haack, L.; Villodas, M.; Delucchi, K.; McBurnett, K.",Reports - Research,2016,NA,Grantee Submission,NA
R324A120365,ED626119,Technology to Guide Data-Driven Intervention Decisions: Effects on Language Growth of Young Children at Risk for Language Delay,"Buzhardt, Jay; Greenwood, Charles R.; Jia, Fan; Walker, Dale; Schneider, Naomi; Larson, Anne L.; Valdovinos, Maria; McConnell, Scott R.","Journal Articles,Reports - Research",2020,NA,Grantee Submission,NA
R324A130180,ED594007,Using Caregiver Strain to Predict Participation in a Peer-Support Intervention for Parents of Children with Emotional or Behavioral Needs,"Duppong Hurley, Kristin L.; January, Stacy-Ann A.; Lambert, Matthew C.","Journal Articles,Reports - Research",2017,NA,Grantee Submission,NA
R324A130216,ED607153,Moderators of School Intervention Outcomes for Children with Autism Spectrum Disorder,"Lopata, Christopher; Donnelly, James P.; Thomeer, Marcus L.; Rodgers, Jonathan D.; Lodi-Smith, Jennifer; Booth, Adam J.; Volker, Martin A.",Reports - Research,2020,NA,Grantee Submission,NA
R324A140003,EJ1230990,Using Cluster Analysis to Explore Differences in the Reader Self-Perceptions of Adolescent Struggling Readers,"Chapman, Lindsey A.; Calhoon, Mary Beth; Krawec, Jennifer","Journal Articles,Reports - Research",2018,"IAP - Information Age Publishing, Inc. P.O. Box 79049, Charlotte, NC 28271-7047. Tel: 704-752-9125; Fax: 704-752-9113; e-mail: infoage@infoagepub.com; Web site: http://www.infoagepub.com/middle-grades-research-journal.html",Middle Grades Research Journal,https://www.infoagepub.com/products/Middle-Grades-Research-Journal-12-1
R324A140003,ED612455,Using Cluster Analysis to Explore Differences in the Reader Self-Perceptions of Adolescent Struggling Readers,"Chapman, Lindsey S.; Calhoon, Mary Beth; Krawec, Jennifer","Journal Articles,Reports - Research",2018,NA,Grantee Submission,https://www.infoagepub.com/products/Middle-Grades-Research-Journal-12-1
R324A150021,EJ1357385,Identifying Commonly Used Literacy Instructional Practices for Students with Extensive Support Needs: Implications from a Control Group Analysis,"Hunt, Pam; Mortier, Kathleen; Aramburo, Corrine; Fleming, Danielle; Balasubramanian, Lakshmi","Journal Articles,Reports - Research",2022,"Division on Autism and Developmental Disabilities, Council for Exceptional Children. DDD, P.O. Box 3512, Fayetteville, AR 72702. Tel: 479-575-3326; Fax: 479-575-6676; Web site: http://www.daddcec.com/",Education and Training in Autism and Developmental Disabilities,NA
R324A150078,ED586406,Teaching Students to Understand and Solve Word Problems,"Powell, Sarah R.; Berry, Katherine A.; Benz, Sarah A.; Forsyth, Suzanne R.; Martinez-Lincoln, Amanda",Reports - Research,2017,NA,Grantee Submission,NA
R324A150138,ED645655,Ready for Wages: A Social Skills Intervention to Improve Employability of Youth Living in Juvenile Justice Settings,Deanne K. Unruh; Keith Smolkowski; Jeff M. Gau; Kyle Reardon; Katherine W. Bromley; John R. Seeley; Lisa A. Strycker,"Journal Articles,Reports - Research",2024,NA,Grantee Submission,http://ceanational.org/journal
R324A150179,ED602357,First Step Next: An Updated Version of the First Step to Success Early Intervention Program,"Walker, Hill; Feil, Edward G.; Frey, Andy; Small, Jason; Seeley, John; Golly, Annemieke; Crosby, Shantel; Lee, Jon; Forness, Steve; Sprick, Marilyn; Coughlin, Cristy; Stiller, Brianna","Journal Articles,Reports - Research",2018,NA,Grantee Submission,NA
R324A150221,ED602357,First Step Next: An Updated Version of the First Step to Success Early Intervention Program,"Walker, Hill; Feil, Edward G.; Frey, Andy; Small, Jason; Seeley, John; Golly, Annemieke; Crosby, Shantel; Lee, Jon; Forness, Steve; Sprick, Marilyn; Coughlin, Cristy; Stiller, Brianna","Journal Articles,Reports - Research",2018,NA,Grantee Submission,NA
R324A150269,ED579894,Meta-Analyses of the Effects of Tier 2 Type Reading Interventions in Grades K-3,Jeanne Wanzek; Sharon Vaughn; Nancy Scammacca; Brandy Gatlin; Melodee A. Walker; Philip Capin,"Reports - Research,Information Analyses",2016,NA,Grantee Submission,NA
R324A160008,ED605911,Efficacy Study of the Science Notebook in a Universal Design for Learning Environment: Preliminary Findings,"Yu, Jennifer W.; Fikes, Annie E.; Ferguson, Kate; Wei, Xin; Tiruke, Tejaswini; Hall, Tracey E.; Blackorby, Jose","Speeches/Meeting Papers,Reports - Research",2019,NA,Grantee Submission,NA
R324A160042,ED602411,Teaching Students with Special Needs in Inclusive Classrooms. Second Edition,"Bryant, Diane P.; Bryant, Brian R.; Smith, Deborah D.","Books,Guides - Classroom - Teacher",2019,"SAGE Publications. Customer Care, 2455 Teller Road, Thousand Oaks, CA 91320. Tel: 800-818-7243; Tel: 805-499-9774; Fax: 800-583-2665; e-mail: order@sagepub.com; Web site: http://www.uk.sagepub.com",SAGE Publications Ltd (CA),https://us.sagepub.com/en-us/nam/teaching-students-with-special-needs-in-inclusive-classrooms/book258772
R324A160046,ED658134,Examining Relationships between Components of Implementation Fidelity and Student Response within the Context of an Early Numeracy Intervention,Cayla Lussier,Dissertations/Theses - Doctoral Dissertations,2024,"ProQuest LLC. 789 East Eisenhower Parkway, P.O. Box 1346, Ann Arbor, MI 48106. Tel: 800-521-0600; Web site: http://www.proquest.com/en-US/products/dissertations/individuals.shtml",ProQuest LLC,https://gateway.proquest.com/openurl?url_ver=Z39.88-2004&rft_val_fmt=info:ofi/fmt:kev:mtx:dissertation&res_dat=xri:pqm&rft_dat=xri:pqdiss:30524823
R324A160046,ED665098,Examining Mathematics Intervention Effects on Domain General Skills: Are Mathematics Gains Associated with Improved Domain General Skills?,Lina Shanley; Ben Clarke; Derek Kosty; Jessica Turtura; Madison Cook; Marah Sutherland; Keith Smolkowski,Reports - Research,2024,NA,Grantee Submission,NA
R324A170008,EJ1245828,Development of the Self-Determined Learning Model of Instruction Coaching Model: Implications for Research and Practice,"Hagiwara, Mayumi; Shogren, Karrie A.; Lane, Kathleen L.; Raley, Sheida K.; Smith, Steven A.","Journal Articles,Reports - Descriptive",2020,"Division on Autism and Developmental Disabilities, Council for Exceptional Children. DDD, P.O. Box 3512, Fayetteville, AR 72702. Tel: 479-575-3326; Fax: 479-575-6676; Web site: http://www.daddcec.com/",Education and Training in Autism and Developmental Disabilities,http://www.daddcec.com/etadd.html
R324A170008,ED606491,Development of the Self-Determined Learning Model of Instruction Coaching Model: Implications for Research and Practice,"Hagiwara, Mayumi; Shogren, Karrie A.; Lane, Kathleen L.; Raley, Sheida K.; Smith, Steven A.","Journal Articles,Reports - Descriptive",2020,NA,Grantee Submission,http://www.daddcec.com/etadd.html
R324A170086,EJ1408395,Supporting Deaf Students Who Experience Language Deprivation,Leala Holcomb; Hannah Dostal; Kimberly A. Wolbers,"Journal Articles,Reports - Descriptive",2023,"Laurent Clerc National Deaf Education Center. Gallaudet University, 800 Florida Avenue NE, KS 3600, Washington, DC 20002. Tel: 800-526-9105; Tel: 202-651-5340; Fax: 202-651-5708; e-mail: odyssey@gallaudet.edu; Web site: https://clerccenter.gallaudet.edu/ndec/educational-resources/odyssey/",Odyssey: New Directions in Deaf Education,NA
R324A180091,ED617350,Money Management for Young Adults with Autism. Autism at-a-Glance,"Morrow, C.; Dees, B.",Reports - Descriptive,2020,"Center on Secondary Education for Students with Autism Spectrum Disorder. Available from: Frank Porter Graham Child Development Institute, 517 South Greensboro Road, Carrboro, NC 27510. Tel: 919-843-2291; e-mail: fpg_csesa@unc.edu; Web site: http://csesa.fpg.unc.edu/",Center on Secondary Education for Students with Autism Spectrum Disorder,NA
R324A180091,ED617376,Supporting Self-Determination. Autism At-a-Glance,"Dickerson, L.",Reports - Descriptive,2021,"Center on Secondary Education for Students with Autism Spectrum Disorder. Available from: Frank Porter Graham Child Development Institute, 517 South Greensboro Road, Carrboro, NC 27510. Tel: 919-843-2291; e-mail: fpg_csesa@unc.edu; Web site: http://csesa.fpg.unc.edu/",Center on Secondary Education for Students with Autism Spectrum Disorder,NA
R324A180091,ED597320,Supporting Independence in Daily Living Skills. Autism at-a-Glance,"Hayek, L.; McIntyre, N.",Reports - Descriptive,2019,"Center on Secondary Education for Students with Autism Spectrum Disorder. Available from: Frank Porter Graham Child Development Institute, 517 South Greensboro Road, Carrboro, NC 27510. Tel: 919-843-2291; e-mail: fpg_csesa@unc.edu; Web site: http://csesa.fpg.unc.edu/",Center on Secondary Education for Students with Autism Spectrum Disorder,NA
R324A180091,ED607010,Using Technology to Increase Independence. Autism at-a-Glance,"Hedges, S.; McIntyre, N.",Reports - Descriptive,2020,"Center on Secondary Education for Students with Autism Spectrum Disorder. Available from: Frank Porter Graham Child Development Institute, 517 South Greensboro Road, Carrboro, NC 27510. Tel: 919-843-2291; e-mail: fpg_csesa@unc.edu; Web site: http://csesa.fpg.unc.edu/",Center on Secondary Education for Students with Autism Spectrum Disorder,NA
R324A180091,ED607011,Using Public Transportation. Autism at-a-Glance,"McIntyre, N.; Harrah, M.",Reports - Descriptive,2020,"Center on Secondary Education for Students with Autism Spectrum Disorder. Available from: Frank Porter Graham Child Development Institute, 517 South Greensboro Road, Carrboro, NC 27510. Tel: 919-843-2291; e-mail: fpg_csesa@unc.edu; Web site: http://csesa.fpg.unc.edu/",Center on Secondary Education for Students with Autism Spectrum Disorder,NA
R324A180221,ED650411,Translational Science: A Road Map for the Science of Reading,Emily J. Solari; Nicole Patton Terry; Nadine Gaab; Tiffany P. Hogan; Nancy J. Nelson; Jill M. Pentimonti; Yaacov Petscher; Sarah Sayko,Reports - Evaluative,2020,NA,Grantee Submission,NA
R324A190046,ED627151,Measuring Fidelity of Core Features of Tier 2 Systems and Practices in Schools,Angus Kittelman; M. Kathleen Strickland-Cohen; Robert H. Horner; Kelsey Morris; Tim Lewis; K. Brigid Flannery,Reports - Descriptive,2023,NA,Grantee Submission,https://assets-global.website-files.com/5d3725188825e071f1670246/641c7addc35f27e4ccbd4452_Measuring%20Fidelity%20of%20Core%20Features%20of%20Tier%202%20Systems%20and%20Practices%20in%20Schools%20(1).pdf
R324A190046,ED631954,Measuring Fidelity of Core Features of Tier 2 Systems and Practices in Schools,Angus Kittelman; Kelsey Morris; M. Kathleen Strickland-Cohen; Tim Lewis; Robert H. Horner; K. Brigid Flannery,Reports - Descriptive,2023,Center on Positive Behavioral Interventions and Supports. e-mail: support@pbis.org; Web site: https://www.pbis.org/,Center on Positive Behavioral Interventions and Supports,https://assets-global.website-files.com/5d3725188825e071f1670246/641c7addc35f27e4ccbd4452_Measuring%20Fidelity%20of%20Core%20Features%20of%20Tier%202%20Systems%20and%20Practices%20in%20Schools%20(1).pdf
R324A200007,TD650337,Tiered Teacher Coaching to Promote Self-Determination in the Classroom,Jessie C. Kiblen; Karrie A. Shogren; Jennifer A. Kurth; Sheida K. Raley,NA,2024,NA,Grantee Submission,NA
R324A200007,ED675806,Combining Evidence-Based Practices to Enhance Outcomes for Autistic Students: Considerations and Challenges,Karrie A. Shogren; Kara A. Hume; Lindsay F. Rentschler; Brian A. Boyd,Reports - Descriptive,2025,NA,Grantee Submission,https://journals.sagepub.com/home/foa
R324A200151,ED662184,How to Implement Evidence-Based Literacy Practices with Students with Intellectual and Developmental Disabilities: Examples from a Text-Centered Literacy Intervention,Jill Allor; Charlotte Gregor; Stephanie Al Otaiba,"Journal Articles,Reports - Research",2023,NA,Grantee Submission,https://daddcec.com/sites/default/files/2023-12/doj_2023_final.pdf
R324A210266,EJ1425831,Providing Support for Intervention Implementation,Alexandra M. Pierce; Melissa A. Collier-Meek; Lanae Drachslin; Lisa M. H. Sanetti,"Journal Articles,Reports - Evaluative",2024,"National Association of School Psychologists. 4340 East West Highway Suite 402, Bethesda, MD 20814. Tel: 301-657-0270; Fax: 301-657-0275; e-mail: publications@naspweb.org; Web site: http://www.nasponline.org/publications/",Communique,NA
R324B060029,EJ1116770,Do Student Characteristics Influence the Effectiveness of the Tools for Getting along Curriculum? An Examination Using a Cognitive-Behavioral Intervention,"Barnes, Tia Navelene; Smith, Stephen W.; Daunic, Ann P.; Leite, Walter L.","Journal Articles,Reports - Research",2016,"West Virginia University Press. P.O. Box 6295, West Virginia University, Morgantown, WV 26506. Tel: 866-988-7737; Tel: 304-293-8400; Fax: 304-293-6585; Web site: http://www.wvupress.com/index.php",Education and Treatment of Children,NA
R324B070219,EJ1087303,"The Use of Coding Methods to Estimate the Social Behavior Directed toward Peers and Adults of Preschoolers with ASD in TEACCH, LEAP, and Eclectic ''BAU'' Classrooms","Sam, Ann; Reszka, Stephanie; Odom, Samuel; Hume, Kara; Boyd, Brian","Journal Articles,Reports - Research",2015,"Council for Children with Behavioral Disorders. Council for Exceptional Children, 1110 North Glebe Road, Arlington, VA 22201-5704. Tel: 612-276-0140; Fax: 612-276-0142; Web site: http://www.ccbd.net/publications/behavioraldisorders",Behavioral Disorders,http://www.ccbd.net/publications/behavioraldisorders
R324C080006,EJ1141709,"Screening for Social, Emotional, and Behavioral Problems at Kindergarten Entry: Utility and Incremental Validity of Parent Report","Owens, Julie Sarno; Storer, Jennifer; Holdaway, Alex S.; Serrano, Verenea J.; Watabe, Yuko; Himawan, Lina K.; Krelko, Rebecca E.; Vause, Katherine J.; Girio-Herrera, Erin; Andrews, Nina","Journal Articles,Reports - Research",2015,"National Association of School Psychologists. 4340 East West Highway Suite 402, Bethesda, MD 20814. Tel: 301-657-0270; Fax: 301-657-0275; e-mail: publications@naspweb.org; Web site: http://naspjournals.org/",School Psychology Review,NA
R324C080006,EJ976835,Interdisciplinary Collaboration in Launching a Large-Scale Research Study in Schools,"DeLoach, Kendra P.; Dvorsky, Melissa; George, Mellissa R. W.; Miller, Elaine; Weist, Mark D.; Kern, Lee","Journal Articles,Reports - Descriptive",2012,"National Association of School Psychologists. 4340 East West Highway Suite 402, Bethesda, MD 20814. Tel: 301-657-0270; Fax: 301-657-0275; e-mail: publications@naspweb.org; Web site: http://www.nasponline.org/publications/",Communique,http://www.nasponline.org/publications/cq/index.aspx?vol=40&issue=6
R324C080006,EJ951815,Description of an Iterative Process for Intervention Development,"Kern, Lee; Evans, Steven W.; Lewis, Timothy J.","Journal Articles,Reports - Descriptive",2011,"West Virginia University Press. P.O. Box 6295, West Virginia University, Morgantown, WV 26506. Tel: 866-988-7737; Tel: 304-293-8400; Fax: 304-293-6585; Web site:   http://www.wvupress.com/index.php",Education and Treatment of Children,http://wvupressonline.com/journals/etc
R324C080006,EJ878483,Cultural Considerations in the Development of School-Based Interventions for African American Adolescent Boys with Emotional and Behavioral Disorders,"Serpell, Zewelanji; Hayling, Charlayne C.; Stevenson, Howard C.; Kern, Lee","Journal Articles,Reports - Descriptive",2009,"Howard University School of Education. 2900 Van Ness Street NW, Washington, DC 20008. Tel: 202-806-8120; Fax: 202-806-8434; e-mail: journalnegroed@gmail.com; Web site: http://www.journalnegroed.org",Journal of Negro Education,http://www.journalnegroed.org/recentissues.htm
R324C080011,ED628664,PAth to Literacy: A Phonological Awareness Intervention for Young Children,"Goldstein, Howard","Books,Guides - Classroom - Teacher",2016,"Brookes Publishing Company. P.O. Box 10624, Baltimore, MD 21285. Tel: 800-638-3775; Fax: 410-337-8539; Web site: http://www.brookespublishing.com",Brookes Publishing Company,https://products.brookespublishing.com/PAth-to-Literacy-P965.aspx
R324C100004,EJ1049289,"Inclusion versus Specialized Intervention for Very-Low-Performing Students: What Does ""Access"" Mean in an Era of Academic Challenge?","Fuchs, Lynn S.; Fuchs, Douglas; Compton, Donald L.; Wehby, Joseph; Schumacher, Robin F.; Gersten, Russell; Jordan, Nancy C.","Journal Articles,Reports - Research",2015,"SAGE Publications. 2455 Teller Road, Thousand Oaks, CA 91320. Tel: 800-818-7243; Tel: 805-499-9774; Fax: 800-583-2665; e-mail: journals@sagepub.com; Web site: http://sagepub.com",Exceptional Children,http://ecx.sagepub.com/content/81/2/134.abstract
R324C100004,ED557580,Supported Self-Explaining during Fraction Intervention,"Fuchs, Lynn S.; Malone, Amelia; Schumacher, Robin F.; Namkung, Jessica; Hamlett, Carol L.; Jordan, Nancy C.; Siegler, Robert S.; Gersten, Russell; Changas, Paul",Reports - Research,2015,NA,Grantee Submission,NA
R324C100004,ED552925,Inclusion versus Specialized Intervention for Very-Low- Performing Students: What Does Access Mean in an Era of Academic Challenge?,"Fuchs, Lynn S.; Fuchs, Douglas; Compton, Donald L.; Wehby, Joseph; Schumacher, Robin F.; Gersten, Russell; Jordan, Nancy C.","Journal Articles,Reports - Evaluative",2015,NA,Grantee Submission,http://ecx.sagepub.com/content/81/2/134.abstract.
R324C100004,ED576191,Error Patterns with Fraction Calculations at Fourth Grade as a Function of Students' Mathematics Achievement Status,"Schumacher, Robin F.; Malone, Amelia S.",Reports - Research,2017,NA,Grantee Submission,NA
R324C100004,ED576202,The Role of Domain-General Cognitive Abilities and Decimal Labels in At-Risk Fourth-Grade Students' Decimal Magnitude Understanding,"Malone, Amelia Schneider; Loehr, Abbey M.; Fuchs, Lynn S.",Reports - Research,2017,NA,Grantee Submission,NA
R324C100004,ED574041,A Computational Model of Fraction Arithmetic,"Braithwaite, David W.; Pyke, Aryn A.; Siegler, Robert S.",Reports - Research,2017,NA,Grantee Submission,NA
R324C100004,ED565890,Numerical Development,"Siegler, Robert S.; Braithwaite, David W.","Reports - Evaluative,Information Analyses",2016,NA,Grantee Submission,NA
R324C100004,ED560263,Cognitive Predictors of Calculations and Number Line Estimation with Whole Numbers and Fractions among At-Risk Students,"Namkung, Jessica M.; Fuchs, Lynn S.",Reports - Research,2015,NA,Grantee Submission,NA
R324C100004,ED562770,Error Patterns in Ordering Fractions among At-Risk Fourth-Grade Students,"Malone, Amelia Schneider; Fuchs, Lynn S.","Journal Articles,Reports - Research",2015,NA,Grantee Submission,NA
R324C100004,ED572370,Developmental Changes in the Whole Number Bias,"Braithwaite, David W.; Siegler, Robert S.",Reports - Research,2017,NA,Grantee Submission,NA
R324C100004,ED572414,Hard Lessons: Why Rational Number Arithmetic Is so Difficult for so Many People,"Siegler, Robert S.; Lortie-Forgues, Hugues",Reports - Research,2017,NA,Grantee Submission,NA
R324C100004,ED566984,Fraction Development in Children: Importance of Building Numerical Magnitude Understanding,"Jordan, Nancy C.; Carrique, Jessica; Hansen, Nicole; Resnick, Ilyse",Reports - Research,2016,NA,Grantee Submission,NA
R324C100004,ED569131,Fraction Intervention for Students with Mathematics Difficulties: Lessons Learned from Five Randomized Control Trials,"Fuchs, Lynn S.; Malone, Amelia S.; Schumacher, Robin F.; Namkung, Jessica; Wang, Amber",Reports - Research,2016,NA,Grantee Submission,NA
R324C110004,ED545271,Analysis of Growth on State Tests for Students with Significant Cognitive Disabilities. Technical Report #1311,"Farley, Dan; Saven, Jessica L.; Tindal, Gerald; Nese, Joseph F. T.","Reports - Evaluative,Numerical/Quantitative Data",2013,"Behavioral Research and Teaching. 175 Lokey Education 5262 University of Oregon, Eugene, OR 97403. Tel: 541-346-3535; Fax: 541-346-5689; Web site: http://www.brtprojects.org",Behavioral Research and Teaching,NA
R324C110004,ED547421,easyCBM Norms. 2014 Edition. Technical Report #1409,"Saven, Jessica L.; Tindal, Gerald; Irvin, P. Shawn; Farley, Dan; Alonzo, Julie","Numerical/Quantitative Data,Reports - Research",2014,"Behavioral Research and Teaching. 175 Lokey Education 5262 University of Oregon, Eugene, OR 97403. Tel: 541-346-3535; Fax: 541-346-5689; Web site: http://www.brtprojects.org",Behavioral Research and Teaching,NA
R324C110004,ED585089,A Comparison of Alternative Models for Estimating School Performance in Mathematics and Reading/Language Arts in Four State Accountability Systems: Oregon Results. NCAASE Technical Report,"Stevens, Joseph J.; Nese, Joseph F. T.; Schulte, Ann C.; Tindal, Gerald; Yel, Nedim; Anderson, Daniel; Matta, Tyler; Elliott, Stephen N.",Reports - Research,2017,"National Center on Assessment and Accountability for Special Education. 5262 University of Oregon, Eugene, OR 97403. Tel: 541-346-3535; Fax: 541-346-5689. Web site: http://ncaase.com",National Center on Assessment and Accountability for Special Education,NA
R324C110004,ED585156,A Comparison of Alternative Models for Estimating School Performance in Mathematics and Reading/Language Arts in Four State Accountability Systems: Arizona Results. NCAASE Technical Report,"Schulte, Ann C.; Stevens, Joseph J.; Nese, Joseph F. T.; Yel, Nedim; Tindal, Gerald; Elliott, Stephen N.",Reports - Research,2018,"National Center on Assessment and Accountability for Special Education. 5262 University of Oregon, Eugene, OR 97403. Tel: 541-346-3535; Fax: 541-346-5689. Web site: http://ncaase.com",National Center on Assessment and Accountability for Special Education,NA
R324C110004,ED585157,A Comparison of Alternative Models for Estimating School Performance in Mathematics and Reading/Language Arts in Four State Accountability Systems: North Carolina Results. NCAASE Technical Report,"Schulte, Ann C.; Nese, Joseph F. T.; Stevens, Joseph J.; Yel, Nedim; Tindal, Gerald; Anderson, Daniel; Elliott, Stephen N.",Reports - Research,2017,"National Center on Assessment and Accountability for Special Education. 5262 University of Oregon, Eugene, OR 97403. Tel: 541-346-3535; Fax: 541-346-5689. Web site: http://ncaase.com",National Center on Assessment and Accountability for Special Education,NA
R324C110004,ED585158,A Comparison of Alternative Models for Estimating School Performance in Mathematics and Reading/Language Arts in Four State Accountability Systems: Pennsylvania Results. NCAASE Technical Report,"Nese, Joseph F. T.; Stevens, Joseph J.; Schulte, Ann C.; Tindal, Gerald; Yel, Nedim; Anderson, Daniel; Matta, Tyler; Elliott, Stephen N.",Reports - Research,2018,"National Center on Assessment and Accountability for Special Education. 5262 University of Oregon, Eugene, OR 97403. Tel: 541-346-3535; Fax: 541-346-5689. Web site: http://ncaase.com",National Center on Assessment and Accountability for Special Education,NA
R324C110004,ED584703,Using Effect Size to Evaluate Achievement Gaps. Research Brief,"Stevens, Joseph",Reports - Research,2018,"National Center on Assessment and Accountability for Special Education. 5262 University of Oregon, Eugene, OR 97403. Tel: 541-346-3535; Fax: 541-346-5689. Web site: http://ncaase.com",National Center on Assessment and Accountability for Special Education,NA
R324C110004,ED560734,Opportunity to Learn: A Key Access and Validity Issue of Academic Assessments for Students with Disabilities. Research Brief 2,"Kurz, Alexander; Elliot, Stephen N.",Reports - Research,2013,"National Center on Assessment and Accountability for Special Education. 5262 University of Oregon, Eugene, OR 97403. Tel: 541-346-3535; Fax: 541-346-5689. Web site: http://ncaase.com",National Center on Assessment and Accountability for Special Education,NA
R324C110004,ED560738,Cross Sectional and Longitudinal Portrayals of the Special Education Mathematics Achievement Gap. Research Brief 10,"Schulte, Ann C.; Stevens, Joseph J.",Reports - Research,2014,"National Center on Assessment and Accountability for Special Education. 5262 University of Oregon, Eugene, OR 97403. Tel: 541-346-3535; Fax: 541-346-5689. Web site: http://ncaase.com",National Center on Assessment and Accountability for Special Education,NA
R324C110004,ED560739,Constructing Alternate Assessment Cohorts: An Oregon Perspective. Research Brief 3,"Saven, Jessica L.; Farley, Dan; Tindal, Gerald",Reports - Research,2013,"National Center on Assessment and Accountability for Special Education. 5262 University of Oregon, Eugene, OR 97403. Tel: 541-346-3535; Fax: 541-346-5689. Web site: http://ncaase.com",National Center on Assessment and Accountability for Special Education,NA
R324C110004,ED560740,Measuring Math Growth: Implications for Progress Monitoring. Research Brief 5,"Alonzo, Julie; Irvin, P. Shawn",Reports - Research,2013,"National Center on Assessment and Accountability for Special Education. 5262 University of Oregon, Eugene, OR 97403. Tel: 541-346-3535; Fax: 541-346-5689. Web site: http://ncaase.com",National Center on Assessment and Accountability for Special Education,NA
R324C110004,ED560741,Learning to Read: Kindergarten Readiness Growth in Reading Skills. Research Brief 4,"Irvin, P. Shawn; Alonzo, Julie; Nese, Joseph F. T.; Tindal, Gerald",Reports - Research,2013,"National Center on Assessment and Accountability for Special Education. 5262 University of Oregon, Eugene, OR 97403. Tel: 541-346-3535; Fax: 541-346-5689. Web site: http://ncaase.com",National Center on Assessment and Accountability for Special Education,NA
R324C110004,ED560742,Growth Models for Students with Significant Cognitive Disabilities. Research Brief 1,"Farley, Dan; Saven, Jessica L.; Tindal, Gerald",Reports - Research,2013,"National Center on Assessment and Accountability for Special Education. 5262 University of Oregon, Eugene, OR 97403. Tel: 541-346-3535; Fax: 541-346-5689. Web site: http://ncaase.com",National Center on Assessment and Accountability for Special Education,NA
R324C110004,ED560743,Mathematics Achievement Gaps for Elementary and Secondary Students: The Influence of Opportunity to Learn and Special Education Status. Research Brief 14,"Elliott, Stephen N.; Kurz, Alexander; Tindal, Gerald; Stevens, Joseph; Yel, Nedim",Reports - Research,2014,"National Center on Assessment and Accountability for Special Education. 5262 University of Oregon, Eugene, OR 97403. Tel: 541-346-3535; Fax: 541-346-5689. Web site: http://ncaase.com",National Center on Assessment and Accountability for Special Education,NA
R324C110004,ED560744,Oral Reading Fluency Growth: A Sample of Methodology and Findings. Research Brief 6,"Tindal, Gerald; Nese, Joseph F. T.",Reports - Research,2013,"National Center on Assessment and Accountability for Special Education. 5262 University of Oregon, Eugene, OR 97403. Tel: 541-346-3535; Fax: 541-346-5689. Web site: http://ncaase.com",National Center on Assessment and Accountability for Special Education,NA
R324C110004,ED560745,The Plateau of Oral Reading Fluency Growth: A Preliminary Investigation. Research Brief 9,"Patarapichayatham, Chalie; Nese, Joseph F. T.; Sáez, Leilani",Reports - Research,2013,"National Center on Assessment and Accountability for Special Education. 5262 University of Oregon, Eugene, OR 97403. Tel: 541-346-3535; Fax: 541-346-5689. Web site: http://ncaase.com",National Center on Assessment and Accountability for Special Education,NA
R324C110004,ED560746,Statistical Test for Latent Growth Nonlinearity with Three Time Points. Research Brief 8,"Nese, Joseph F. T.",Reports - Research,2013,"National Center on Assessment and Accountability for Special Education. 5262 University of Oregon, Eugene, OR 97403. Tel: 541-346-3535; Fax: 541-346-5689. Web site: http://ncaase.com",National Center on Assessment and Accountability for Special Education,NA
R324C110004,ED560747,Risk-Category Transition Patterns for Students in Grades 2 to 4. Research Brief 7,"Park, Bitnara Jasmine",Reports - Research,2013,"National Center on Assessment and Accountability for Special Education. 5262 University of Oregon, Eugene, OR 97403. Tel: 541-346-3535; Fax: 541-346-5689. Web site: http://ncaase.com",National Center on Assessment and Accountability for Special Education,NA
R324C110004,ED605138,Oral Reading Fluency: Outcomes from 30 Years of Research. Technical Report #1701,"Tindal, Gerald",Reports - Evaluative,2017,"Behavioral Research and Teaching. 175 Lokey Education 5262 University of Oregon, Eugene, OR 97403. Tel: 541-346-3535; Fax: 541-346-5689; Web site: http://www.brtprojects.org",Behavioral Research and Teaching,NA
R324C120001,EJ1206253,Schooling Effects on Early Literacy Skills of Young Deaf and Hard of Hearing Children,"Scott, Jessica A.; Goldberg, Hanah; Connor, Carol McDonald; Lederberg, Amy R.","Journal Articles,Reports - Research",2019,"Gallaudet University Press. 800 Florida Avenue NE, Denison House, Washington, DC 20002-3695. Tel: 202-651-5488; Fax: 202-651-5489; Web site: http://gupress.gallaudet.edu/annals/",American Annals of the Deaf,http://gupress.gallaudet.edu/annals/past.htm
R324C120001,EJ1247609,Fingerspelling and Print: Understanding the Word Reading of Deaf Children,"Scott, Jessica A.; Hansen, Sarah G.; Lederberg, Amy R.","Journal Articles,Reports - Research",2019,"Gallaudet University Press. 800 Florida Avenue NE, Denison House, Washington, DC 20002-3695. Tel: 202-651-5488; Fax: 202-651-5489; Web site: http://gupress.gallaudet.edu/annals/",American Annals of the Deaf,http://gupress.gallaudet.edu/annals/past.htm
R324C120001,EJ1377454,"""Foundations for Literacy"": A Research-Based Early Reading Program That Improves Outcomes for Children Who Are Deaf and Hard of Hearing",Amy R. Lederberg; Susan R. Easterbrooks; Stacey L. Tucci,"Journal Articles,Reports - Descriptive",2022,"Alexander Graham Bell Association for the Deaf and Hard of Hearing. 3417 Volta Place NW, Washington, DC 20007. Tel: 202-337-5220; Fax: 202-337-8314; e-mail: periodicals@agbell.org; Web site: https://www.agbell.org/Advocacy/Volta-Review",Volta Review,https://www.agbell.org/VR-Archive
R324C120006,EJ1218779,Exploring Feasibility and Fit: Peer-Mediated Interventions for High School Students with Autism Spectrum Disorders,"Carter, Erik W.; Steinbrenner, Jessica R. Dykstra; Hall, Laura J.","Journal Articles,Reports - Research",2019,"National Association of School Psychologists. 4340 East West Highway Suite 402, Bethesda, MD 20814. Tel: 301-657-0270; Fax: 301-657-0275; e-mail: publications@naspweb.org; Web site: http://www.nasponline.org/publications/",School Psychology Review,http://apps.nasponline.org/resources-and-publications/periodicals/spr-index-list.aspx
R324C120006,ED586353,Supporting Healthy Sleep Habits in Adolescents. Autism at-a-Glance,"Perkins, Y.",Reports - Descriptive,2018,"Center on Secondary Education for Students with Autism Spectrum Disorder. Available from: Frank Porter Graham Child Development Institute, 517 South Greensboro Road, Carrboro, NC 27510. Tel: 919-843-2291; e-mail: fpg_csesa@unc.edu; Web site: http://csesa.fpg.unc.edu/",Center on Secondary Education for Students with Autism Spectrum Disorder,NA
R324C120006,ED586356,Supporting Communication in High School. Autism at-a-Glance,"Butler, C.; Dykstra, J.",Reports - Descriptive,2014,"Center on Secondary Education for Students with Autism Spectrum Disorder. Available from: Frank Porter Graham Child Development Institute, 517 South Greensboro Road, Carrboro, NC 27510. Tel: 919-843-2291; e-mail: fpg_csesa@unc.edu; Web site: http://csesa.fpg.unc.edu/",Center on Secondary Education for Students with Autism Spectrum Disorder,NA
R324C120006,ED586357,Supporting Functional Communication in High School. Autism at-a-Glance,"Butler, C.; Dykstra, J.",Reports - Descriptive,2014,"Center on Secondary Education for Students with Autism Spectrum Disorder. Available from: Frank Porter Graham Child Development Institute, 517 South Greensboro Road, Carrboro, NC 27510. Tel: 919-843-2291; e-mail: fpg_csesa@unc.edu; Web site: http://csesa.fpg.unc.edu/",Center on Secondary Education for Students with Autism Spectrum Disorder,NA
R324C120006,ED617350,Money Management for Young Adults with Autism. Autism at-a-Glance,"Morrow, C.; Dees, B.",Reports - Descriptive,2020,"Center on Secondary Education for Students with Autism Spectrum Disorder. Available from: Frank Porter Graham Child Development Institute, 517 South Greensboro Road, Carrboro, NC 27510. Tel: 919-843-2291; e-mail: fpg_csesa@unc.edu; Web site: http://csesa.fpg.unc.edu/",Center on Secondary Education for Students with Autism Spectrum Disorder,NA
R324C120006,ED617376,Supporting Self-Determination. Autism At-a-Glance,"Dickerson, L.",Reports - Descriptive,2021,"Center on Secondary Education for Students with Autism Spectrum Disorder. Available from: Frank Porter Graham Child Development Institute, 517 South Greensboro Road, Carrboro, NC 27510. Tel: 919-843-2291; e-mail: fpg_csesa@unc.edu; Web site: http://csesa.fpg.unc.edu/",Center on Secondary Education for Students with Autism Spectrum Disorder,NA
R324C120006,ED614223,"Understanding Autism: A Guide for Secondary School Teachers. A Supplemental Resource for the ""Understanding Autism: A Guide for Secondary School Teachers"" DVD",NA,Guides - Non-Classroom,2013,"Organization for Autism Research. 2000 North 14th Street Suite 710, Arlington, VA 22201. Tel: 866-366-9710; Tel: 703-243-9710; Fax: 703-243-9751; e-mail: info@researchautism.org; Web site: http://www.researchautism.org",Organization for Autism Research,NA
R324C120006,ED582443,Internet Safety for Teens with ASD. Autism at-a-Glance,"Clinard, A.",Reports - Descriptive,2016,"Center on Secondary Education for Students with Autism Spectrum Disorder. Available from: Frank Porter Graham Child Development Institute, 517 South Greensboro Road, Carrboro, NC 27510. Tel: 919-843-2291; e-mail: fpg_csesa@unc.edu; Web site: http://csesa.fpg.unc.edu/",Center on Secondary Education for Students with Autism Spectrum Disorder,NA
R324C120006,ED582444,Anxiety in Adolescents with ASD. Autism at-a-Glance,"Hedges, S.; White, T.; Smith, L.",Reports - Descriptive,2015,"Center on Secondary Education for Students with Autism Spectrum Disorder. Available from: Frank Porter Graham Child Development Institute, 517 South Greensboro Road, Carrboro, NC 27510. Tel: 919-843-2291; e-mail: fpg_csesa@unc.edu; Web site: http://csesa.fpg.unc.edu/",Center on Secondary Education for Students with Autism Spectrum Disorder,NA
R324C120006,ED582562,Exercise for Adolescents with ASD. Autism at-a-Glance,"Verstrat, A.; Hedges, S.",Reports - Descriptive,2015,"Center on Secondary Education for Students with Autism Spectrum Disorder. Available from: Frank Porter Graham Child Development Institute, 517 South Greensboro Road, Carrboro, NC 27510. Tel: 919-843-2291; e-mail: fpg_csesa@unc.edu; Web site: http://csesa.fpg.unc.edu/",Center on Secondary Education for Students with Autism Spectrum Disorder,NA
R324C120006,ED582564,Supporting Success and Safety in Relationships. Autism at-a-Glance,"Szidon, K.; Hedges, S.",Reports - Descriptive,2015,"Center on Secondary Education for Students with Autism Spectrum Disorder. Available from: Frank Porter Graham Child Development Institute, 517 South Greensboro Road, Carrboro, NC 27510. Tel: 919-843-2291; e-mail: fpg_csesa@unc.edu; Web site: http://csesa.fpg.unc.edu/",Center on Secondary Education for Students with Autism Spectrum Disorder,NA
R324C120006,ED597319,Promoting Literacy Outside the School Environment. Autism at-a-Glance,"Morrow, C.; McIntyre, N.",Reports - Descriptive,2019,"Center on Secondary Education for Students with Autism Spectrum Disorder. Available from: Frank Porter Graham Child Development Institute, 517 South Greensboro Road, Carrboro, NC 27510. Tel: 919-843-2291; e-mail: fpg_csesa@unc.edu; Web site: http://csesa.fpg.unc.edu/",Center on Secondary Education for Students with Autism Spectrum Disorder,NA
R324C120006,ED597320,Supporting Independence in Daily Living Skills. Autism at-a-Glance,"Hayek, L.; McIntyre, N.",Reports - Descriptive,2019,"Center on Secondary Education for Students with Autism Spectrum Disorder. Available from: Frank Porter Graham Child Development Institute, 517 South Greensboro Road, Carrboro, NC 27510. Tel: 919-843-2291; e-mail: fpg_csesa@unc.edu; Web site: http://csesa.fpg.unc.edu/",Center on Secondary Education for Students with Autism Spectrum Disorder,NA
R324C120006,ED602972,Depression in Adolescents with ASD. Autism at-a-Glance,"Hedges, S.; White, T.; Smith, L.",Reports - Descriptive,2014,"Center on Secondary Education for Students with Autism Spectrum Disorder. Available from: Frank Porter Graham Child Development Institute, 517 South Greensboro Road, Carrboro, NC 27510. Tel: 919-843-2291; e-mail: fpg_csesa@unc.edu; Web site: http://csesa.fpg.unc.edu/",Center on Secondary Education for Students with Autism Spectrum Disorder,NA
R324C120006,ED607010,Using Technology to Increase Independence. Autism at-a-Glance,"Hedges, S.; McIntyre, N.",Reports - Descriptive,2020,"Center on Secondary Education for Students with Autism Spectrum Disorder. Available from: Frank Porter Graham Child Development Institute, 517 South Greensboro Road, Carrboro, NC 27510. Tel: 919-843-2291; e-mail: fpg_csesa@unc.edu; Web site: http://csesa.fpg.unc.edu/",Center on Secondary Education for Students with Autism Spectrum Disorder,NA
R324C120006,ED607011,Using Public Transportation. Autism at-a-Glance,"McIntyre, N.; Harrah, M.",Reports - Descriptive,2020,"Center on Secondary Education for Students with Autism Spectrum Disorder. Available from: Frank Porter Graham Child Development Institute, 517 South Greensboro Road, Carrboro, NC 27510. Tel: 919-843-2291; e-mail: fpg_csesa@unc.edu; Web site: http://csesa.fpg.unc.edu/",Center on Secondary Education for Students with Autism Spectrum Disorder,NA
R324C120006,ED666605,Puberty in Adolescents with ASD. Autism at-a-Glance,P. Moua,Reports - Descriptive,2016,"Center on Secondary Education for Students with Autism Spectrum Disorder. Available from: Frank Porter Graham Child Development Institute, 517 South Greensboro Road, Carrboro, NC 27510. Tel: 919-843-2291; e-mail: fpg_csesa@unc.edu; Web site: http://csesa.fpg.unc.edu/",Center on Secondary Education for Students with Autism Spectrum Disorder,NA
R324C120006,ED666607,Building Healthy Eating Habits for Adolescents with ASD. Autism at-a-Glance,Y. Perkins,Reports - Descriptive,2016,"Center on Secondary Education for Students with Autism Spectrum Disorder. Available from: Frank Porter Graham Child Development Institute, 517 South Greensboro Road, Carrboro, NC 27510. Tel: 919-843-2291; e-mail: fpg_csesa@unc.edu; Web site: http://csesa.fpg.unc.edu/",Center on Secondary Education for Students with Autism Spectrum Disorder,NA
R324C120006,ED666626,Getting a Driver's License. Autism at-a-Glance,C. Morrow; N. McIntyre,Reports - Descriptive,2019,"Center on Secondary Education for Students with Autism Spectrum Disorder. Available from: Frank Porter Graham Child Development Institute, 517 South Greensboro Road, Carrboro, NC 27510. Tel: 919-843-2291; e-mail: fpg_csesa@unc.edu; Web site: http://csesa.fpg.unc.edu/",Center on Secondary Education for Students with Autism Spectrum Disorder,NA
R324C120006,ED666627,Hygiene in Adolescents with ASD. Autism at-a-Glance,T. Regan,Reports - Descriptive,2015,"Center on Secondary Education for Students with Autism Spectrum Disorder. Available from: Frank Porter Graham Child Development Institute, 517 South Greensboro Road, Carrboro, NC 27510. Tel: 919-843-2291; e-mail: fpg_csesa@unc.edu; Web site: http://csesa.fpg.unc.edu/",Center on Secondary Education for Students with Autism Spectrum Disorder,NA
R324D130003,EJ1049289,"Inclusion versus Specialized Intervention for Very-Low-Performing Students: What Does ""Access"" Mean in an Era of Academic Challenge?","Fuchs, Lynn S.; Fuchs, Douglas; Compton, Donald L.; Wehby, Joseph; Schumacher, Robin F.; Gersten, Russell; Jordan, Nancy C.","Journal Articles,Reports - Research",2015,"SAGE Publications. 2455 Teller Road, Thousand Oaks, CA 91320. Tel: 800-818-7243; Tel: 805-499-9774; Fax: 800-583-2665; e-mail: journals@sagepub.com; Web site: http://sagepub.com",Exceptional Children,http://ecx.sagepub.com/content/81/2/134.abstract
R324D130003,ED552925,Inclusion versus Specialized Intervention for Very-Low- Performing Students: What Does Access Mean in an Era of Academic Challenge?,"Fuchs, Lynn S.; Fuchs, Douglas; Compton, Donald L.; Wehby, Joseph; Schumacher, Robin F.; Gersten, Russell; Jordan, Nancy C.","Journal Articles,Reports - Evaluative",2015,NA,Grantee Submission,http://ecx.sagepub.com/content/81/2/134.abstract.
R324D130003,ED576202,The Role of Domain-General Cognitive Abilities and Decimal Labels in At-Risk Fourth-Grade Students' Decimal Magnitude Understanding,"Malone, Amelia Schneider; Loehr, Abbey M.; Fuchs, Lynn S.",Reports - Research,2017,NA,Grantee Submission,NA
R324D130003,ED571640,The Taxonomy of Intervention Intensity,"Fuchs, Lynn S.; Fuchs, Douglas; Malone, Amelia S.",Reports - Research,2016,NA,Grantee Submission,NA
R324D130003,ED562770,Error Patterns in Ordering Fractions among At-Risk Fourth-Grade Students,"Malone, Amelia Schneider; Fuchs, Lynn S.","Journal Articles,Reports - Research",2015,NA,Grantee Submission,NA
R324D130003,ED601743,Predicting Poor Readers' Response to a Multi-Component Reading Comprehension Intervention,"Hendricks, Emma Lu",Dissertations/Theses - Doctoral Dissertations,2019,"ProQuest LLC. 789 East Eisenhower Parkway, P.O. Box 1346, Ann Arbor, MI 48106. Tel: 800-521-0600; Web site: http://www.proquest.com/en-US/products/dissertations/individuals.shtml",ProQuest LLC,http://gateway.proquest.com/openurl?url_ver=Z39.88-2004&rft_val_fmt=info:ofi/fmt:kev:mtx:dissertation&res_dat=xri:pqm&rft_dat=xri:pqdiss:13811568
R324D130003,ED646183,Effects of Super Solvers Fractions Intervention for At-Risk Third Graders,Amber Y. Wang; Lynn S. Fuchs; Kristopher J. Preacher; Douglas Fuchs; Amelia S. Malone; Rachel Pachmayr,Reports - Research,2019,NA,Grantee Submission,NA
R324D130003,ED646184,"Effects of Fourth- and Fifth-Grade ""Super Solvers"" Intervention on Fraction Magnitude Understanding and Calculation Skill",Lynn S. Fuchs; Amelia S. Malone; Kristopher J. Preacher; Douglas Fuchs; Amber Y. Wang; Rachel Pachmayr,Reports - Research,2019,NA,Grantee Submission,NA
R324D130003,ED623746,Next-Generation Fraction Intervention and the Long-Term Advantage of Interleaved Instruction,Lynn S. Fuchs; Amelia S. Malone; Kristopher J. Preacher; Eunsoo Cho; Douglas Fuchs; Paul Changas,Reports - Research,2022,NA,Grantee Submission,NA
R324E060067,EJ918891,Effects of Supplemental Reading Interventions in Authentic Contexts: A Comparison of Kindergarteners' Response,Deborah C. Simmons; Michael D. Coyne; Shanna Hagan-Burke; Oi-man Kwok; Leslie Simmons; Caitlin Johnson; Yuanyuan Zou; Aaron B. Taylor; Athena Lentini McAlenney; Maureen Ruby; Yvel C. Crevecoeur,"Journal Articles,Reports - Research",2011,"Council for Exceptional Children. 1110 North Glebe Road Suite 300, Arlington, VA 22201. Tel: 888-232-7733; Fax: 703-264-9494; e-mail: cecpubs@cec.sped.org; Web site: http://www.cec.sped.org/AM/Template.cfm?Section=Publications1",Exceptional Children,http://www.cec.sped.org/Content/NavigationMenu/Publications2/ExceptionalChildren/default.htm
R324E060088,ED528162,Handbook of Early Literacy Research. Volume 3,"Neuman, Susan B., Ed.; Dickinson, David K., Ed.","Books,Collected Works - General",2010,"Guilford Press. 72 Spring Street, New York, NY 10012. Tel: 800-365-7006; Tel: 212-431-9800; Fax: 212-966-6708; e-mail: info@guilford.com; Web site: http://www.guilford.com",Guilford Publications,http://www.guilford.com/cgi-bin/cartscript.cgi?page=pr/neuman2.htm&dir=edu/lit&cart_id=156595
R324S060043,EJ744143,Are We Ignoring Youths with Disabilities in Foster Care? An Examination of Their School Performance,"Geenen, Sarah; Powers, Laurie E.","Journal Articles,Reports - Evaluative",2006,"National Association of Social Workers (NASW). 750 First Street NE Suite 700, Washington, DC 20002. Tel: 800-227-3590; E-mail: press@naswdc.org; Web site: http://www.naswpress.org.",Social Work,http://titania.naswpressonline.org/vl=4627554/cl=14/nw=1/rpsv/cw/nasw/00378046/v51n3/s5/p233
R324S060043,EJ854366,Transition Planning for Foster Youth,"Geenen, Sarah J.; Powers, Laurie E.","Journal Articles,Reports - Evaluative",2006,"Journal for Vocational Special Needs Education. c/o Center for Education and Work, 964 Educational Sciences Builidng, 1025 West Johnson Street, Madison, WI 53706. Tel: 608-263-2724; Fax: 608-262-3050; Web site: http://www.cew.wisc.edu/JVSNE",Journal for Vocational Special Needs Education,http://specialpopulations.org/Chapters%20Vol%2028-2/JVSNE_Vol28-2_Geenen.pdf
R324S060043,EJ775093,Self-Determination by Individuals with Severe Disabilities: Limitations or Excuses?,"Powers, Laurie E.","Journal Articles,Opinion Papers",2005,"TASH. 1025 Vermont Avenue 7th Floor, Washington, DC 20005. Tel: 202-263-5600; Fax: 202-637-0138; Web site: http://www.tash.org/publications/rpsd/rpsd.html",Research and Practice for Persons with Severe Disabilities (RPSD),http://www.tash.org/publications/rpsd/rpsd.html
