grant_id,ies_title,program_name,program_topic,topic_area,ies_purpose
R305A080459,Efficacy of Read It Again! In Rural Preschool Settings,Education Research Grants,Early Learning Programs and Policies,ECE,"The purpose of this project is to test the efficacy of a fully developed language and literacy curricular supplement for preschoolers participating in need-based programs in rural communities. Read It Again! targets a systematic and explicit progression of high-priority skills in four language/literacy domains (narrative ability, vocabulary knowledge, phonological awareness, and print knowledge). These learning domains represent high-priority instructional targets as they are consistently linked to later developments in word recognition and reading comprehension, are likely to be under-developed among at-risk pupils during the preschool years, and are amenable to improvement within the context of high-quality instruction."
R305A080697,Closing the SES Related Gap in Young Children's Mathematical Knowledge,Education Research Grants,Early Learning Programs and Policies,ECE,"There is a national need for effective interventions to improve school readiness and subsequent achievement in mathematics for students from low-income families. A socioeconomic gap in mathematical knowledge is present in U.S. children by three years of age. This gap widens over the preschool years. Recent intervention research has found that early mathematics enrichment can significantly enhance low-income children's mathematical knowledge. However, providing a math intervention for 4-year-olds only does not entirely close the socioeconomic gap in early mathematical knowledge. In this project, the research team is evaluating the efficacy of a two-year preschool math intervention that begins when children are 3 years of age. In particular, the research team is comparing the effects of one versus two years of preschool math intervention."
R305A080700,Increasing the Efficacy of An Early Mathematics Curriculum with Scaffolding Designed to Promote Self-Regulation,Education Research Grants,Early Learning Programs and Policies,ECE,"Preschoolers who live in poverty typically show lower math achievement and often are identified as having greater problems with self-regulation than their middle-class peers. Focused prekindergarten interventions can result in dramatic increases in both mathematics achievement and self-regulation. Unfortunately, there is little research regarding whether such approaches can be combined effectively in the classroom. The purpose of this project is to examine the efficacy of a preschool intervention that combines mathematics learning and self-regulation skills."
R305A090114,Assessing the Efficacy of a Comprehensive Intervention in Physical Science on Head Start Teachers and Children,Education Research Grants,Early Learning Programs and Policies,ECE,"The purpose of this project is to test the efficacy of the Foundations of Science Literacy (FSL) intervention, a professional development program that was developed for use with Head Start teachers. By focusing on the Head Start community, FSL directly addresses the achievement gap in early science education by providing a framework for teachers to learn and implement preschool science instructional practices in classrooms serving children from low-income backgrounds. This study will examine the impact of the Foundations of Science Literacy (FSL) professional development program on teachers' attitudes toward and knowledge of physical science content, teachers' classroom instructional practices, and children's understanding of physical science content."
R305A090209,Preparing to Succeed: An Efficacy Trial of Two Early Childhood Curricula,Education Research Grants,Early Learning Programs and Policies,ECE,"Given the current interest in national and state initiatives to expand early childhood programming, questions of under what conditions impacts can be sustained, and for whom, are of great practical importance. Among the unanswered questions in the literature are the effects of a uniform curriculum across a large-scale program and how such impacts vary depending on the specific curricula used. This regression discontinuity study addressed this gap in the literature by examining the impacts of a year of exposure to two commonly used preschool curricula in a public prekindergarten program. The purpose of the study was to examine the impact of one year in a prekindergarten program on children's literacy, mathematics, executive functioning, and socioemotional outcomes."
R305A090212,Improving School Readiness of High-Risk Preschoolers: Combining High-Quality Instructional Strategies with Responsive Training for Teachers and Parents,Education Research Grants,Early Learning Programs and Policies,ECE,"The purpose of this study is to determine if the combination of two proven interventions-one delivered in the classroom (The Early Education Model-TEEM) and one delivered in the home (Play & Learning Strategies-PALS)-results in a synergistic versus additive effect on children's school readiness skills (i.e., social, language, early literacy) and early kindergarten reading and social competence. This study bridges the gap between the school and home environments for pre-kindergarten children from low socioeconomic homes, an area that has received little attention. It is expected that the combined interventions will result in greater child self-regulation that will mediate, along with gains in teacher and parent behaviors, the impact of both interventions on children's school readiness skills."
R305A090353,"Focusing on the Efficacy of Teaching Advanced Forms of Patterning on First Graders' Improvements in Reading, Mathematics, and Reasoning Ability",Education Research Grants,Cognition and Student Learning,ECE,"""Patterning"" is the ability to recognize an ordering of numbers, letters, shapes, symbols, objects, or events according to some rule of progression. Understanding the place of an item in a pattern depends on understanding how it is related to items just preceding or following it. By first grade, children are expected to be developing the ability to understand patterns involving orientation or rotation, temporal and causal patterns of activities or events, and repetitive arbitrary patterns of colors or shapes (for example red, blue, green, red, blue, green). This project builds on two previous IES projects carried out with preschool and kindergarten children, and is designed to test the efficacy of a fully developed patterning intervention on first-grade children's reading, mathematics, and reasoning performance. Findings from these earlier studies indicate that helping children develop the age-appropriate abstract thinking involved in recognizing patterns produces significant academic progress in numeracy and knowledge of letter sounds when implemented with kindergarten children. However, the level of patterning practice that was needed to produce such progress is much higher than what is currently seen in typical instruction."
R305A090533,Experimental Validation of the Tools of the Mind Prekindergarten Curriculum,Education Research Grants,Early Learning Programs and Policies,ECE,The purpose of this efficacy study is to conduct an experimental evaluation of the Tools of the Mind prekindergarten curriculum. This curriculum focuses on developing learning skills that enable children to engage in and benefit from all kinds of learning tasks and activities that occur in the classroom. The Tools of the Mind curriculum is intended to promote the basic academic and social skills that will prepare children for school success in kindergarten and beyond.
R305A100275,ECHOS: Early Childhood Hands on Science,Education Research Grants,Early Learning Programs and Policies,ECE,"In recent years, early childhood education has emphasized children's school readiness in the domains of language, literacy, and mathematics. To date, there has been limited systematic focus on science education in preschool. There is a need for the development, implementation, and evaluation of preschool science curricula that will promote young children's understanding of basic science concepts. The purpose of this project is to conduct an efficacy study of a comprehensive early childhood science curriculum and professional development program."
R305A110483,Numbers Plus Efficacy Study,Education Research Grants,Early Learning Programs and Policies,ECE,"Improving the math proficiency of children, especially those from low-income backgrounds, depends upon two factors. One is an appropriate curriculum that sequences early learning in key content areas. The second critical variable in improving math ability is the instructional competence of teachers. Unfortunately, the ability of teachers to deliver appropriate math instruction is hampered by their anxiety about teaching math, attitudes about math's importance in the curriculum, lack of knowledge regarding early math development, and inability to identify and apply appropriate teaching strategies. This project will gather information about the efficacy of the research-based Numbers Plus curriculum that is possible when teachers are given appropriate professional development support."
R305A120391,A Randomized Efficacy Trial of the Kids in Transition to School (KITS) Program to Improve the School Readiness of Children in Disadvantaged Communities,Education Research Grants,Early Learning Programs and Policies,ECE,"The purpose of this project is to conduct a randomized control trial of the Kids in Transition to School (KITS) program, an intervention to improve the early literacy, prosocial, emotional, and behavior regulation skills of at-risk children. Designed to support at-risk children and their families during the transition period between prekindergarten and kindergarten, the KITS program was developed to provide a high-intensity, short-term intervention that can be delivered to children before and during the transition to kindergarten. Two prior randomized control trials have demonstrated that the KITS program is effective at enhancing the school readiness skills of children in foster care and children with developmental disabilities and behavior problems. One of the two existing efficacy trials was funded through an IES Efficacy and Replication grant. The proposed study will extend the existing evidence base for the KITS program and evaluate the impact of the intervention with a sample of children and families from socioeconomically disadvantaged backgrounds."
R305A120631,Efficacy Trial of MyTeaching Partner-Mathematics and Science Curricula and Implementation Support System,Education Research Grants,Early Learning Programs and Policies,ECE,"There are few opportunities for young children, especially children from low-income backgrounds, to be exposed to mathematics and science content in the home environment or prekindergarten classrooms. At the same time, early childhood educators often lack mathematics and science content knowledge and the confidence needed to provide developmentally appropriate instruction to young children. The MyTeachingPartner-Mathematics and Science (MTP-Mathematics and Science) curricula, previously developed, refined, and pilot tested through an IES Development grant, and accompanying professional development system, were designed to support early childhood educators in delivering mathematics and science instruction in prekindergarten settings, and thus improve young children's knowledge and understanding of mathematics and science concepts. In this project, the researchers will conduct a randomized study to evaluate the impact of the MTP-Mathematics and Science curricula and professional development supports on early childhood teachers' instructional practices and children's early mathematics and science knowledge and skills."
R305A130336,Kidsteps II: Promoting School Readiness Through Social-Emotional Skill Building in Preschool,Education Research Grants,Early Learning Programs and Policies,ECE,"The purpose of this project is to evaluate the impact of the Second Step Early Learning (SSEL) curriculum on young children's end of preschool social skills, emotional regulation, executive functioning, and academic readiness skills, and to explore how improved skills at the end of preschool may affect kindergarten readiness screening and kindergarten performance. This will be the first large-scale trial of the SSEL, which incorporates a dual emphasis on social/emotional and executive functioning skill development. The evaluation of SSEL will contribute to our understanding of the direct short- and long-term impacts of the curriculum on children's school readiness skills, and the effects of the intervention on preschool classroom climate."
R305A140059,Sustaining the Boost: Longitudinal Impacts of the Boston Prekindergarten Program and Variation in Impacts,Education Research Grants,Early Learning Programs and Policies,ECE,"Rigorous evaluations of public prekindergarten programs have confirmed that children enrolled in these programs have higher language, literacy, and mathematics outcomes at kindergarten entry, on average. A prior IES-funded study of the Boston Public Schools (BPS) prekindergarten program extended this evidence base. In a regression discontinuity (RD) study of over 2,000 children, the researchers found that the BPS program had moderate-to-large impacts on children's language, literacy, and mathematics skills, and small impacts on children's emotional development outcomes. Although there have been evaluations of the impacts of public prekindergarten programs on children's school readiness skills, there is a lack of evidence about the longer-term impacts of those programs. The purpose of this project is to conduct a retrospective efficacy study of the short- and medium term impacts of the Boston public prekindergarten program on key child academic and school progress outcomes, measured at kindergarten entry, kindergarten exit, and at the end of first and third grade."
R305A140378,Scalable Approaches for Preparing Early Childhood Teachers: Identifying Costs and Effectiveness of Evidence Based Approaches to Coaching,Education Research Grants,Early Learning Programs and Policies,ECE,"The purpose of this project is to compare the efficacy of two distinct approaches for providing professional development support to child care teachers: remote, video-based coaching and in-classroom coaching. Both approaches seek to increase the quality of child care teachers’ language and literacy instruction and positive responsiveness to children in order to improve children’s school readiness skills. While support has been found for both coaching approaches, each method has its own advantages and disadvantages. Video-based remote coaching has the potential to significantly lower the costs of training teachers and can be scaled at high fidelity across diverse communities. In-class support is more expensive and can be challenging to implement in certain communities; however, it also allows for greater differentiation of demonstrations and co-teaching to bridge the gap between coursework and implementation with children. In this study, researchers will evaluate the impact of a professional development course focused on language and literacy combined with coaching using either video-based or in-classroom coaching on teacher- and child-level outcomes delivered to child care teachers. The relative costs of both coaching models will also be investigated."
R305A140386,Internet Implementation of Empirically Supported Interventions That Can Be Remotely Delivered in Authentic Preschool Programs for Mothers and Teachers: Evaluation of Direct Child and Teacher Outcomes,Education Research Grants,Early Learning Programs and Policies,ECE,"Many states estimate that half of their students arrive at kindergarten already far behind where they need to be in order to succeed. There is growing consensus that high quality preschool experiences can lay a strong foundation for school readiness even among economically disadvantaged children. However, there is a mismatch between the preparation of most early childhood educators and the preparation needed to optimize classroom practices. Support from parents in the home environment can also facilitate optimal developmental trajectories in early childhood and better assure children are ready for kindergarten, particularly with respect to language and self-regulation. The purpose of this project is to evaluate the impact of two web-based preschool interventions on child-, parent-, and teacher-level outcomes. The unique and combined effects of The Early Education Model (eTEEM), a classroom and teacher professional development program, and Play and Learning Strategies (ePALS), a parent program, will be investigated. This study is a replication of an IES efficacy study in which the two interventions used an in-person model to train teachers and parents in responsiveness skills and cognitive instructional approaches specific to both school and home settings. In this study both interventions will be delivered online. This replication will enable the team to examine the cost effectiveness of the paired interventions delivered in-person as compared to a new web-based delivery method, and evaluate if the technology-mediated approach can produce similar effects of practical importance at lower costs. In addition, this replication study will examine additive and synergistic effects of intervening in one setting (school vs. home) or both settings simultaneously; the combined school-home approach is hypothesized to lead to the best likelihood of school readiness for children of lower socio-economic status (SES)."
R305A140698,WORLD Efficacy Study,Education Research Grants,Early Learning Programs and Policies,ECE,"The Words of Oral Reading and Language Development (WORLD) is a shared book reading intervention previously developed, piloted, and refined through an IES Development grant. This intervention is designed to develop and accelerate science and social studies content-related vocabulary and background knowledge in preschool-aged children for later reading with comprehension. WORLD incorporates explicit and implicit shared book-reading strategies (e.g., prompting, elaborating, inferencing) in rich books contexts. These strategies are intended to build sustained word and domain knowledge in young children. Through a scaffolded delivery design, lessons begin with highly specified language and progress to less specific instructional dialogue. This scaffolding is designed to facilitate independent generalization and use of the strategies among teachers. The research team will conduct a randomized study to evaluate the impact of the WORLD intervention on school readiness outcomes for children enrolled in public prekindergarten and Head Start preschool programs."
R305A150049,An Efficacy Trial of the HighScope Preschool Curriculum (HSPC),Education Research Grants,Early Learning Programs and Policies,ECE,"The purpose of this project is to evaluate the impact of the HighScope Preschool Curriculum (HSPC) on child, teacher, and classroom outcomes in preschool programs serving children from low-income backgrounds. High quality early childhood education experiences can have a positive and lasting impact on children's development and school readiness skills, particularly for children from low-income families. It is important to examine questions about the efficacy of preschool curriculum because curriculum is a key component of program quality. Although HSPC was used in the historic HighScope Perry Preschool Program, the linkage between HSPC and child outcomes has not been evaluated in the current early childhood context or by an external evaluator. This project will include an independent and rigorous evaluation of HSPC. The researchers will evaluate the efficacy of the curriculum, examine how the curriculum is implemented, and determine the mechanisms through which HSPC affects child outcomes. They will evaluate the impact of HSPC on children's pre-academic and social behavioral skills at the end of preschool and on early indicators of school achievement at the end of kindergarten."
R305A150243,Evaluating the Efficacy of Learning Trajectories in Early Mathematics,Education Research Grants,Early Learning Programs and Policies,ECE,"The purpose of this study is to evaluate the efficacy of using a learning trajectories approach to mathematics instruction to foster the development of early mathematics skills which are predictive of later school achievement. A learning trajectories approach includes a goal for teaching a mathematics concept, a developmental progression of levels of thinking about the concept, and instructional activities and content for each developmental level. Although research has shown that educational programs based on learning trajectories are effective at promoting academic achievement, no studies have evaluated the degree to which a learning trajectories approach to mathematics instruction improves learning and instruction. The researchers will evaluate whether instruction based on learning trajectories for early mathematics is more efficacious than other instructional approaches for promoting young children's knowledge and understanding of mathematics concepts. The results of this study will provide information about the use of a learning trajectories approach in preschool and kindergarten classrooms."
R305A150431,Effects of the Incredible Years Dinosaur Classroom Prevention Program on Preschool Children's Executive Functioning and Academic Achievement,Education Research Grants,Early Learning Programs and Policies,ECE,"The purpose of this project is to evaluate the combined effects of the Incredible Years Dinosaur Classroom Prevention Program (IY Dina) classroom curriculum and the Incredible Years Teacher Classroom Management (IYT) teacher professional development program on classroom climate and subsequent child social-emotional functioning, executive functioning, and early academic skills. Both cognitive and social-emotional aspects of self-regulation are predictive of school readiness and academic achievement. Research indicates that behavioral and relational components of the classroom climate are critical for creating positive learning environments in which children can realistically manage demands and successfully develop self-regulation skills. Researchers will evaluate the synergistic effects of the two interventions on classroom climate and children's social behavioral and academic skills."
R305A160013,Contexts Inside and Outside of School Walls as Predictors of Differential Effectiveness in Preschool Professional Development,Education Research Grants,Early Learning Programs and Policies,ECE,The goal of this project was to identify variables that create differences in impacts of early childhood professional development interventions. Achieving this aim will support decision making around scaling and refining professional development programs in order to optimize classroom quality and child learning outcomes.
R305A160261,Efficacy of the BrightStart! Program for Promoting Emergent Literacy Skills of PreKindergarten Children at Risk for Reading Difficulties,Education Research Grants,Early Learning Programs and Policies,ECE,"The purpose of this project is to test the efficacy of the Nemours BrightStart! program for prekindergarten children who need additional support in order to enter kindergarten with emergent literacy skills similar to their peers. While practitioners and researchers recognize early childhood as a key period of literacy development, many students who enter kindergarten do not demonstrate the literacy skills necessary to learn to read and write. Research shows that the reading achievement gap is evident before kindergarten and that children who enter kindergarten with lower emergent literacy skills are unlikely to catch up to their peers. BrightStart! is a fully-developed, commercially available small-group literacy program that supplements regular classroom instruction for prekindergarteners and is aimed at improving the emergent literacy skills of students who are at risk for reading difficulties in kindergarten and beyond."
R305A170068,Efficacy of the TELL Curriculum for Preschool Children who are Economically Disadvantaged,Education Research Grants,Early Learning Programs and Policies,ECE,"The purpose of this study was to determine whether preschool children from low-income families enrolled in classrooms implementing the Teaching Early Literacy and Language (TELL) curriculum demonstrated higher oral language and pre-reading scores at the end of preschool than their peers enrolled in business-as-usual classrooms. TELL is a universal, Tier 1, whole-class curriculum designed to improve school readiness. Results from development and efficacy studies with children who had developmental speech and/or language impairments showed that enrollment in TELL classrooms resulted in significantly higher oral language and early literacy test scores at the end of preschool than enrollment in control classrooms. In this project, researchers conducted an efficacy replication trial of the TELL curriculum with a sample of typically developing children from economically-disadvantaged families."
R305A170241,The Effects of Promoting Engaging Early Literacy Interactions in Preschool Environments: Literacy 3D,Education Research Grants,Early Learning Programs and Policies,ECE,"The purpose of this study was to evaluate the efficacy of the fully developed Literacy 3D (Data-Driven Decision Making) intervention which was developed to increase and sustain prekindergarten teacher's literacy focus by enhancing instruction through professional development combined with ongoing practice-based coaching, data-based feedback, and 10 evidence-based teaching strategies. Preliminary findings from a development project funded by the Office of Special Education Programs showed that teachers' increased use of early literacy practices was associated with positive changes in children's literacy engagement, early literacy skills, and expressive language. In this project, the researchers tested the efficacy of Literacy 3D to improve children's language and literacy skills by increasing teachers' literacy focus."
R305A180004,Causal Effects of the Kindergarten Transition Intervention,Education Research Grants,Early Learning Programs and Policies,ECE,"The purpose of this study is to evaluate the impacts of the Kindergarten Transition Intervention (KTI) on children's academic and social-behavioral development during preschool, their adjustment to kindergarten, and their trajectories from preschool to the end of first grade. Kindergarten transition practices are prominent in federal and state policies and there is a need for rigorous studies of the impact of transition practices on children's kindergarten readiness skills. The research team will implement KTI and evaluate the impact of the intervention on child, family, and teacher outcomes. The proposed study addresses a gap in the literature by examining the effects of KTI for children transitioning from center-based preschool programs into kindergarten within the public schools."
R305A180181,A Longitudinal Efficacy Study of the Montessori Preschool Model on Academic and Social-Emotional Outcomes,Education Research Grants,Early Learning Programs and Policies,ECE,"The purpose of this study was to investigate the impact of Montessori preschool education on children's kindergarten readiness skills. Although the Montessori model has expanded into public schools and Head Start programs since the early 2000s, no large-scale evaluation of the efficacy of the Montessori preschool model for developing children's academic, social, and emotional skills has been conducted to date. In this project, researchers conducted such an evaluation by comparing early academic and social-emotional outcomes for children who enter Montessori in public schools across the U.S. at age 3 with their peers who participate in other early care and education experiences during that time, at the end of the 4-year-old year."
R305A180293,Promoting School Readiness Through Emotional Intelligence: An Efficacy Trial of Preschool RULER,Education Research Grants,Early Learning Programs and Policies,ECE,"The purpose of this study is to evaluate the efficacy of Preschool RULER, a social emotional skills intervention developed with funding from IES. Developing strong social and emotional skills (SE skills) in early childhood is foundational for social and academic success. Researchers will implement the intervention and investigate the impact of Preschool RULER on children's academic and social emotional skills as well as teacher/classroom- and school leader/school-level outcomes. Findings will provide evidence as to the efficacy of Preschool RULER and move the field toward a better understanding of high quality early childhood interventions that promote school readiness."
R305A180374,Efficacy of MindUP on Pre-Kindergarteners' Development of Social-Emotional Learning Competencies and Academic Skills,Education Research Grants,Early Learning Programs and Policies,ECE,"This project evaluated the efficacy of MindUP, a mindfulness-based social emotional learning (SEL) program, on a set of key social emotional learning competencies (i.e., attention skills and social skills) that are associated with kindergarten readiness and later academic success. MindUP provides opportunities for pre-kindergarten children to develop the attention, social, and emotional skills they need to enter kindergarten ready to learn and succeed in school. By implementing activities that target attention and regulatory skills, educators were able to help young children, especially children from disadvantaged backgrounds, build the skills that will support learning and school readiness."
R305A210157,Teaching Together: The Added Value of Tiered School Plus Home Interventions for Young Children At-Risk for Language Difficulties,Education Research Grants,Early Learning Programs and Policies,ECE,"The purpose of this project is to examine the efficacy of the Teaching Together program for pre-kindergarten (pre-k) children who are at risk of academic difficulties due to limited oral language skills. This project is unique in its focus on oral language supports in both the classroom and home settings. In early childhood classrooms serving low-income students, up to 50% of children may exhibit language difficulties, which are associated with long-term challenges for reading and academic success. Yet evidence demonstrates that early language difficulties can be reduced or ameliorated by providing universal/Tier 1 or targeted/Tier 2 language interventions at school and home. Tiered language supports may ameliorate language difficulties for many pre-k children who need increased opportunities to build language skills, including English learners (ELs)."
R305A210506,A Lottery-Based Efficacy Study of the District of Columbia Public Prekindergarten Program,Education Research Grants,Early Learning Programs and Policies,ECE,"While the evidence on short- and longer-term prekindergarten efficacy has grown in recent years, nearly all existing research comes from studies of programs for 4-year-olds. Increasing policy interest in programs for 3-year-olds, persistent disparities in access, and theories and evidence from economics, neuroscience, and developmental psychology highlight the need for new research so that policymakers, practitioners, and the public can make informed choices about investments in children's success. The purpose of this study is to evaluate the District of Columbia's large-scale 3-year-old PreK program with rigorous methods based on the program's centralized admissions lottery."
R305J030120,Building Language for Literacy and Core Knowledge,Education Research Grants,Early Learning Programs and Policies,ECE,"In this project, the researchers proposed to evaluate the efficacy of two widely used prekindergarten-Building Language for Literacy and Core Knowledge-against business-as-usual. Through their evaluation, the researchers aimed to produce findings about the curricula and the different levels of implementation necessary for student learning. They were also to provide data about how well specific kinds of students learn in the various conditions."
R305F050006,Efficacy of Conversational Responsiveness Preschool Intervention,Field Initiated Evaluations of Education Innovations,NA,ECE,"In this study, the researchers proposed to evaluate the Hanen approach, a research-based technique for improving preschool teachers' interactions with children. The intervention was designed to improved instructional quality, thereby fostering children's language, literacy, and social skills in both the short and long term. In the early 2000s, research indicated that the academic and social problems of disadvantaged students begin well before they enter elementary school, so a strategy for addressing such problems was to train preschool teachers to apply evidence-based solutions in the classroom. At the end of the project, the researchers provided evidence as to whether providing the professional development to preschool teachers in one state improved instructional quality children's cognitive achievements and children's social skills."
R305F050245,"Promoting School Success in Children Attending Pre-K Programs in Poor, Urban Schools",Field Initiated Evaluations of Education Innovations,NA,ECE,"The purpose of this project was to test ParentCorps, a universal, preventive school- and family-based mental health program for pre-kindergarten children from poor, urban communities. The program aims to prevent conduct problems and improve academic achievement among children by promoting effective parenting and teaching strategies and parent-school involvement at the transition to kindergarten."
R305J020014,Evaluation of Pre-Kindergarten Curricula in Head Start and Public School Settings,Preschool Curriculum Evaluation Research,NA,ECE,This project will evaluate the effectiveness of the two language/literacy curricula for pre-kindergarten children in Head Start and public school pre-K programs. Complementary research will investigate the conditions under which each curriculum achieves the greatest impact on children's developmental outcomes.
R305J020020,Focus in Early Childhood Curricula: Helping Children Transition to School,Preschool Curriculum Evaluation Research,NA,ECE,"In this project, the research team planned to evaluate the effects of a developmental model curriculum (Creative Curriculum 3rd ed.) and an educational model curriculum (Bright Beginnings) with children ages 4 and 5 who are predominately poor, rural, and Caucasian. Also, the researchers planned to complete complementary research focused on the level of children's engagement in literacy-based classroom activities, language development, self-regulation, narrative comprehension, and concepts about numeracy. The researchers expected that the educational model curriculum would lead to greater literacy outcomes and that the developmental model curriculum would lead to greater progress on measures of self-regulation and motivation."
R305J020026,A Longitudinal Study of the Effects of a Pre-Kindergarten Mathematics Curriculum on Low-Income Children's Mathematical Knowledge,Preschool Curriculum Evaluation Research,NA,ECE,"In this project, the researchers evaluated the short-term and long-term effects of the prekindergarten mathematics curriculum on low-income children in California and New York."
R305J020027,Impact of the Project Approach on Children's School Readiness and School Achievement,Preschool Curriculum Evaluation Research,NA,ECE,"The purpose of this study is to determine if The Project Approach enhances young children's school readiness during preschool, and their subsequent school achievement in kindergarten and first grade. Complementary research focuses on the development of children's academic and metacognitive skills, as well as the experiences of teachers going through a professional development experience."
R305J020039,Evaluation of the Effects of Creative Curriculum on Classroom Quality and Child Outcomes in Head Start,Preschool Curriculum Evaluation Research,NA,ECE,"In this project, the researchers examined the effectiveness of Creative Curriculum (4th ed.) as an intervention with low-income children enrolled in Head Start. Additionally, the researchers planned to investigate the impact of Creative Curriculum on the developmental outcomes of children with special needs through complementary research."
R305J020040,Evaluation of the Early Literacy and Learning Model (ELLM): a Curriculum and Instructional Support System,Preschool Curriculum Evaluation Research,NA,ECE,"In this project, the researchers evaluated the effectiveness of the preschool intervention, Early Literacy and Learning Model (ELLM), on literacy achievement of children from low-income families during preschool and their subsequent achievement in kindergarten and first grade. This research aimed to explore the relationship between child, teacher, and instructional environment characteristics and the impact of ELLM teacher support infrastructure on preschool teachers' classroom practices, efficacy, retention rates, and job satisfaction."
R305J020051,Granite Ladders: An Experimental Evaluation of an Early Literacy Curriculum for New Hampshire's Preschoolers,Preschool Curriculum Evaluation Research,NA,ECE,"In this project, the research team examined the effects of an early literacy preschool curriculum, Ladders to Literacy, used as a supplement to Creative Curriculum on the pre-reading skills of young children living in poverty in New Hampshire. Additionally, the researchers examined differences in outcomes for children in urban and rural classrooms, half-day and full-day classes, English language learners and English-fluent learners, and children with disabilities."
R305J030037,A Longitudinal Study of the Effectiveness of a Pre-K Multisensory Literacy Curriculum,Preschool Curriculum Evaluation Research,NA,ECE,"In this study, researchers proposed to examine the efficacy of the Ready, Set, Leap! (RSL) literacy curriculum for with at-risk pre-k children. The RSL curriculum focuses on important literacy skills that are essential to reading success in the first grade. It was an interactive, multi-sensory curriculum that was based upon research in literacy and early childhood education. Preliminary research at the time found that it improved literacy learning outcomes for young children."
R305J030084,Evaluation of the Language-Focused Curriculum,Preschool Curriculum Evaluation Research,NA,ECE,"In this project, the researchers evaluated the efficacy of the Language-Focused Curriculum on preschool children's learning. The Language-Focused Curriculum was designed to improve at-risk children's language development. At the time of this project, evidence suggested that early language delays could lead to later problems in literacy skills and social relations. This research team investigated whether The Language-Focused Curriculum fostered children's oral language development, thereby reducing the chances of later language and social difficulties."
R305J030093,Evaluating the Effectiveness of Preschool Literacy Curriculum for Children At-Risk,Preschool Curriculum Evaluation Research,NA,ECE,"In this project, the researchers aimed to evaluate the efficacy of two preschool curricula that emphasize building beginning reading skills-Open Court Pre-K/DLM Express and Literacy Express-against business-as-usual. In addition, the investigators proposed to evaluate the effects of using standard workshops as the method of teacher training with the curricula and business-as-usual compared to workshops with follow-up in-class coaching. The researchers' goal was to determine whether the curricula and teacher training strategies lead to different learning results for students with various characteristics."
R305J030103,Project Construct: A Catalyst for Early Achievement,Preschool Curriculum Evaluation Research,NA,ECE,"In this project, the research team proposed to assess the efficacy of Project Construct, a curriculum shaped by research about children's thinking. Project Construct was based on the idea that children actively construct their own knowledge through ""hands-on, minds-on"" learning experiences. In this study, the investigators intended to examine the impact of Project Construct on students' general knowledge, language, mathematical, and socio-emotional development."
R305J030138,Randomized Evaluation of Curiosity Corner With Follow-Up Into SFA and Control Elementary Programs,Preschool Curriculum Evaluation Research,NA,ECE,"In this project, the researchers aimed to determine the efficacy of combining Curiosity Corner, a comprehensive preschool program, and a subsequent comprehensive school reform program called Success for All for students in kindergarten and first grade. Curiosity Corner was a program that provided an integrated curriculum, professional development, and materials for serving at-risk preschool children. Success for All was an extensively evaluated program for older children that used systematic phonics, tutoring, and family support to ensure children's reading success. The researchers were supposed to evaluate whether children in full-day programs serving mostly low-income families benefit from Curiosity Corner in preschool classes, followed by Success for All in kindergarten and first grade."
R324A080026,A Randomized Efficacy Trial of the Kids in Transition to School (KITS) Program for Children with Developmental Disabilities and Behavioral Problems,Special Education Research Grants,Early Intervention and Early Learning,ECE,"Children with disabilities often experience a gap in services during the summer before kindergarten. During this time, they may lose school readiness skills that would have facilitated their transition to early elementary school. This gap in services is a particular problem for children with co-occurring developmental disabilities and behavior problems. These children are likely to have low levels of school readiness and are at risk for academic failure. In addition, their behavior and social problems are likely to interfere with school adjustment. In this project the researchers will evaluate an intervention designed to fill the gap in services as children transition from preschool to kindergarten and enable children to experience a smoother transition into kindergarten. They will conduct an efficacy evaluation of a short-term intensive intervention, Kids in Transition to School, for improving social-emotional, early literacy, and school readiness skills of young children with developmental disabilities and behavior problems."
R324A080037,Sit Together and Read: Early Childhood Special Education,Special Education Research Grants,Early Intervention and Early Learning,ECE,"Children who exhibit primary language impairment in preschool often fail to become good readers. In fact, more than half of these children exhibit a reading disability in second grade. Reading proficiently is a vital skill for academic success and gainful employment. Current practices for preschoolers with language impairment focus on teaching language skills such as vocabulary or grammar. These traditional practices are largely inadequate for improving these children's pre-literacy skills. Therefore, alternative practices, such as print-referencing, need to be tested to determine whether they improve the language and pre-reading skills of preschool children with language impairment.

Researchers are addressing this need by examining the efficacy of a fully-developed, print-referencing intervention for improving pre-reading skills of preschoolers who have a primary language impairment and are educated in early childhood special education classrooms. They will also determine the extent to which children's pre-reading skills are accelerated by combined use of print-referencing in the classroom by teachers and at home by parents."
R324A080071,"Establishing the Efficacy of the ""Special Friends"" Project",Special Education Research Grants,Early Intervention and Early Learning,ECE,"Successful peer interactions lead to positive social and emotional development. Children with disabilities engage in social interaction with peers less frequently than typically developing children do. Children with disabilities who fail to develop positive social relationships with peers are at elevated risk for social maladjustment and academic failure. In addition, they are at great risk of being rejected by their peers. Therefore, effective interventions that can be used in education settings to engage children with disabilities in social interactions with peers, improve social outcomes of children with disabilities, and support acceptance are needed.

Researchers are evaluating the efficacy of a class-wide kindergarten program called Special Friends. Special Friends is designed to improve social outcomes of children with disabilities. The purpose of this study is to test the efficacy of Special Friends as a class-wide approach for promoting social acceptance and friendships among kindergarteners with and without disabilities."
R324A090044,Efficacy Trial of Carescapes: Promoting Social Development in Home-based Child Care,Special Education Research Grants,Early Intervention and Early Learning,ECE,"Social competence is critical to the development and adjustment of preschool-age children and is linked to later school success. Child care provides an opportunity for young children to develop relationships with other young children, and has the potential to facilitate the development of children's social competence. The quality of the child care environment may have lasting impacts on children's social development, yet many child care facilities fall short of providing an optimal environment. This is particularly the case for family child care settings, in which care is provided by a nonrelative in a caregivers' home. Compared to center-based care, the quality of care in child care homes varies greatly. Evidence supports positive relations between the quality in center-based child care and social outcomes, but much less is known about the relation between quality of care in home-based child care settings and young children's social competence.

This research team will test the efficacy of the Carescapes program ""Promoting Children's Social Competence."" This video-based training program was developed to improve home-based child care providers' practices and the quality of the child care environment and, in turn, to facilitate children's social development and prevent the escalation of behavioral difficulties that interfere with learning. This research will be the first randomized efficacy trial to investigate the extent to which training promotes positive caregiver practices in family child care and can enhance children's subsequent social outcomes."
R324A090181,An Efficacy Trial of Milieu Teaching Language Intervention in Preschoolers with Language Disorders,Special Education Research Grants,Early Intervention and Early Learning,ECE,"Children who experience early language delays include children with production delays only, children with both production and comprehension delays, and children who have global cognitive and other disabilities that affect their language development. Considerable research has focused on young children with only delays in productive language and on children older than 4 years with specific language impairment. Relatively less is known about children with co-occurring production and comprehension language delays under age 4 who do not have cognitive disabilities. These children are at relatively greater risk for persistent delays than young children with expressive delays only.

This efficacy trial is designed to examine the effects of therapist-plus parent implemented Enhanced Milieu Teaching (EMT) on young children 24–36 months of age with significant delays in expressive and receptive language. EMT is a conversation-based model of early language intervention that uses child interest and initiation as opportunities to model and prompt language use in everyday contexts. EMT is a well-established intervention for facilitating language and communication skills in young children with cognitive impairment; however, the effects of EMT on language-delayed children who do not have significant global cognitive impairments have not been examined in an efficacy trial. The study will test whether EMT can be effective in remediating language delays and preventing the development of secondary impairments."
R324A100215,Examining the Efficacy of Banking Time: A Teacher-Child Early Intervention to Improve Children's Emotional and Behavioral Development,Special Education Research Grants,Early Intervention and Early Learning,ECE,"Strong and supportive relationships between teachers and their students can be important to academic and social development. Children with significant problem behaviors, though, are less likely to develop close, positive, high quality relationships with their teachers. The purpose of this project is to assess the efficacy of a preschool program called Banking Time with preschoolers most at risk for developing a disruptive behavior disorder and receipt of special education services due to serious emotional disturbance. The intervention is intended to strengthen teachers' interactions with their students, reduce problem behaviors, and improve the students' behavioral and social emotional skills."
R324A100305,Efficacy of a Parent-Mediated Intervention for One-Year-Olds at Risk for Autism,Special Education Research Grants,Early Intervention and Early Learning,ECE,"Early intervention with children with autism may promote better long-term outcomes and preempt more serious consequences associated with this disorder. There is little research about the efficacy of interventions with infants and toddlers who, at this point, have not yet demonstrated all of their autism diagnostic symptoms. The purpose of this project is to assess the efficacy of an early intervention program called Adaptive Responsive Teaching with one year olds most at risk for autism spectrum disorder. The intervention is intended to improve developmental outcomes and ameliorate symptom severity."
R324A110048,Efficacy Trials with a New Early Literacy and Language Curriculum for Preschool Children with Developmental Speech and/or Language Impairment,Special Education Research Grants,Early Intervention and Early Learning,ECE,"Eighty-two percent of children receiving special education services demonstrate a developmental speech and/or language impairment (DSLI) either as a primary diagnosis (i.e., DSLI is the sole impairment) or as a condition secondary to another primary diagnosis (e.g., developmental delay, mental retardation). Regardless of the underlying diagnosis, children with DSLI often fail to develop crucial pre-literacy skills, such as oral language skills, which can lead to later literacy difficulties and reading failure. The purpose of this study is to assess the efficacy of a recently developed preschool oral language and early literacy curriculum package, Teaching Early Literacy and Language Across the Curriculum (TELL), for children with DSLI either as a primary or secondary impairment. TELL targets skills that have been shown to be important in reading decoding and comprehension: phonological awareness, alphabet knowledge, print concepts, writing, vocabulary, and sentence length/complexity."
R324A110079,Testing an Integrated Preschool Curriculum for English Language Learners,Special Education Research Grants,Early Intervention and Early Learning,ECE,"The number of English language learners (ELL) has grown considerably in recent years, and the number of children classified as limited English proficient rose 76 percent in a 10-year span. The ELL population is also impoverished: over three-quarters of Spanish-speaking ELL children in the United States come from low-income families. Many of these children are at risk for developing disabilities and special education referrals. Yet there is a lack of empirically validated instructional approaches and effective tools for helping teachers deliver individualized instruction to this population. The current study will evaluate the use of a Spanish adaptation of a comprehensive curriculum, Literacy Express, which focuses on cognitive instruction in small groups in preschool classrooms. It will be compared to a ""business as usual"" condition with teachers using the Scholastic Early Childhood Program (SECP) curriculum, developed for large group and center-based activities without attention to the use of small group instruction. Both conditions will receive paraprofessional support for 90 minutes, four days each week. In the treatment condition, paraprofessionals will be trained on the implementation of small group activities using Literacy Express. In the business as usual condition, teachers will use the paraprofessionals in any way they want in their classrooms."
R324A110183,Relative Effectiveness of Contrasting Approaches to Response-Contingent Learning Interventions,Special Education Research Grants,Early Intervention and Early Learning,ECE,"Young children with profound developmental delays often do not draw associations between their actions and the resulting effects. Young children gain understanding of the relationship between their behavior and its consequences through response-contingent learning opportunities. These learning opportunities involve the use of a targeted behavior to produce interesting social or nonsocial responses. Understanding these associations is a building block for future adaptive behaviors, and it is foundational for further learning. Early intervention service providers typically use strategies that target behaviors a child needs to learn despite their current levels of functioning. The researchers in this study are testing the efficacy of an ability-based intervention. Ability-based interventions build upon behaviors that children are already capable of doing but may not use intentionally to affect consequences. The researchers are evaluating whether the ability-based approach to targeting behavior leads to greater improvement in current skills/associations when compared to a needs-based approach commonly used by service providers."
R324A110256,Advancing Social-Communication and Play (ASAP): An Intervention Program for Preschoolers with Autism,Special Education Research Grants,Early Intervention and Early Learning,ECE,"Core diagnostic features of autism include deficits in social-communicative functioning. Two pivotal skills for young children with autism include joint attention and pretend play, which constitute early foundations upon which later social-communicative skills are built. Joint attention (characterized by behaviors such as pointing, showing, and coordinated looking to share attention toward objects or events with another person) and symbolic play (characterized by the ability to pretend), play important roles in language development and social engagement with peers. Children with autism show deficits in these skills. Advancing Social-Communication and Play (ASAP) is an intervention that has recently been developed to help preschool children with autism learn and practice these important skills.

The purpose of this research is to conduct a cluster randomized trial to evaluate the efficacy of ASAP. The major goals of the project include investigating whether children experiencing the intervention, when compared to those who do not, demonstrate greater gains in the proximal child outcomes of social-communication and play skills as well as the more distal outcomes of language development and engagement with classroom objects and peers. The study will also examine whether child-level (i.e., developmental level, problem behaviors) and teacher-level (i.e., teacher burnout, general classroom quality) characteristics moderate the impact of the intervention, and whether the level of implementation fidelity mediates its impact on child outcomes."
R324A110353,Evaluation of a Comprehensive Community-based Intervention for Toddlers with ASD,Special Education Research Grants,Early Intervention and Early Learning,ECE,"Prevalence rates for autism spectrum disorders (ASD) have risen dramatically in recent years and children are being identified earlier (i.e., under the age of 3). This has placed pressure on state early intervention systems to serve young children with ASD. However there are few treatment models available that are both feasible across different types of community settings and have demonstrated effectiveness.

The overarching purpose of the current project is to conduct a randomized trial to evaluate the efficacy of a previously developed and pilot-tested model for very young children with ASD called Project DATA (Developmentally Appropriate Treatment for Autism)–Toddler. The major goals will be to examine whether children receiving this intervention show greater gains in cognitive functioning, language, social relatedness, and adaptive behavior; whether parents of these children demonstrate gains in recommended parenting strategies and decreased stress; and whether the intervention is acceptable in terms of general satisfaction and ability to work effectively within the context of different cultures. The ultimate aim of the research is to enable feasible and beneficial community-based services for toddlers with ASD."
R324A120097,A Randomized Controlled Trial of Prevent-Teach-Reinforce for Young Children,Special Education Research Grants,Early Intervention and Early Learning,ECE,"Students with serious behavioral challenges may experience a host of negative school and life outcomes if their behavior is not addressed early in life. Of students with any category of disability, students with emotional disturbance are at greatest risk for school failure and have the poorest academic records and highest dropout rates. To help improve outcomes for these students, the research team is evaluating the efficacy of a promising intervention to provide young children in preschool settings with the readiness skills that they need to succeed in elementary school and beyond. The purpose of this project is to determine whether a manualized intervention model called Prevent-Teach-Reinforce for Young Children is more effective than typical practice in reducing preschoolers' challenging behaviors and increasing their social skills and engagement."
R324A120153,Efficacy of the Getting Ready Intervention at Supporting Parental Engagement and Positive Outcomes for Preschool Children at Educational Risk,Special Education Research Grants,Early Intervention and Early Learning,ECE,"Despite the efforts of early intervention programs to bolster school readiness, some children arrive in kindergarten demonstrating early cognitive, language, or socio-emotional delays that hinder their progress in school. In addition, despite overwhelming evidence of the benefits of planned coordination between home and school, this coordination occurs all too rarely for individual children. This reality, coupled with the unequivocal finding that early relationships matter in a child's developmental trajectory, point to the importance of intervening with at-risk children and families in ways that support learning. The intervention to be tested in this study, Getting Ready, is designed to improve learning experiences and opportunities for cognitively, linguistically, or socio-emotionally delayed preschool children by strengthening relationships, creating partnerships, and promoting continuity in educational experiences across home and school."
R324A120178,Examining the Efficacy of a Classroom-Wide Model for Promoting Social Emotional Development and Addressing Challenging Behavior in Preschool Children with or at-risk for Disabilities,Special Education Research Grants,Early Intervention and Early Learning,ECE,"Researchers have noted that children are entering elementary school without the behavior skills that are necessary for success. Social and behavior challenges that are not resolved during the early childhood years may lead to problems with socialization, school adjustment, and educational success in later grades. Intervention in preschool may help ameliorate the social, emotional, and behavioral challenges that preschoolers can display which may lead to negative outcomes in the future.

The research team is conducting a randomized controlled trial designed to address this concern. This research will evaluate whether a comprehensive, classroom-wide preschool intervention system, called Teaching Pyramid, promotes social skills, reduces challenging behavior, and enhances the school readiness of young children with and without disabilities. The research team will also investigate whether teachers continue to use the Teaching Pyramid system in the year after the research support has ended."
R324A120291,Joint Attention Mediated Learning Intervention for Toddlers with Autism Spectrum Disorders and Their Families,Special Education Research Grants,Early Intervention and Early Learning,ECE,"The prevalence of autism spectrum disorders (ASD) has grown dramatically in recent years, with advances in early identification now resulting in an influx of toddlers to the early intervention system. Although early intervention providers are required to implement evidence-based practices for this population, few models are available that target social communication, the core difficulty in ASD, at the preverbal stage when neurological development is most malleable. The proposed project directly addresses this need through an efficacy study of Joint Attention Mediated Learning (JAML), an intervention practice for toddlers with ASD that directly targets foundational preverbal social communication competencies from within the parent-child relationship at a critical juncture (by 30 months of age). Specifically, this study will determine the efficacy of JAML on the early preverbal and verbal social communication development of toddlers with ASD and the self-efficacy of their caregivers, assess factors that mediate and moderate intervention effects, and address the feasibility and acceptability of JAML."
R324A120363,Enhancing Early Learning for Infants with Disabilities: A Responsive Parenting Intervention,Special Education Research Grants,Early Intervention and Early Learning,ECE,"Children with physical disabilities associated with spina bifida and cerebral palsy face multiple challenges due to early physical and cognitive difficulties that impact their learning and later academic performance and independence. Parents of these children have the greatest potential for influencing their development due to the number of opportunities they have to interact with their children. However, the field of early intervention often fails to engage parents as active and primary mediators of the developmental services their children receive. Parenting interventions have included teaching responsiveness strategies resulting in improved child development/learning outcomes, or motor support strategies resulting in improved motor learning and development, but rarely are the two types of interventions combined.

This study will investigate whether an integrated parent responsiveness and motor support intervention that targets the specific motor, attention, and organization deficits among infants with physical disabilities results in greater improvements in core skills (attention, motor learning, contingency learning, and goal directed play) and outcomes (cognition, language, social and emotional competence, and motor performance) compared to an intervention that focuses on responsiveness only and a control group receiving developmental information."
R324A120365,The Effects of Online Decision Making Support for Home Visitors Using an RTI Approach to Promote the Language Development of At-risk Infants and Toddlers,Special Education Research Grants,Early Intervention and Early Learning,ECE,"Children who lack key early language and literacy experiences prior to kindergarten face significant challenges learning to read. Because of impoverished early language experiences, many children are not adequately prepared to benefit from the reading instruction they receive when they reach school. Home visitation is a viable model for improving the home language experiences that are known to promote children's growth in language and early communication. However, home visitors face challenges in promoting these outcomes including how to (a) identify children who are on a path toward language delay, and (b) provide the needed supports to parents/caregivers for changing that trajectory.

The long-term goal of this research is to reduce the number of children who are not ready for school because of delays and disabilities in language and early communication skills that have antecedents prior to preschool. The aim of this project is to test the efficacy of a web-based intervention decision support system for home visitors, MOD: Making Online Decisions. This intervention (a) identifies children at risk for early language delay in a Response to Intervention (RTI) approach, and (b) assists home visitors in the design, delivery, and maintenance of a parent-implemented intervention for promoting their child's early language development."
R324A120410,A Randomized Trial of a Tutor-Based Mathematics and Attention Intervention for Low-Performing Pre-Schoolers at Risk for Mathematical Difficulties in School,Special Education Research Grants,Early Intervention and Early Learning,ECE,"Mathematical knowledge at school entry is an important predictor of later academic achievement. Children who are especially low performing on measures of mathematical knowledge at the beginning of preschool often show less growth in mathematical knowledge over the preschool year, remain well below school readiness benchmarks for mathematics, and continue to struggle in mathematics in later grades despite receiving high-quality classroom instruction. These students require more intensive interventions focused on mathematics instruction at an early age. The purpose of this project is to assess the efficacy of a preschool program, Pre-K Mathematics Tutorial, and the combination of this program with attention training, for improving the mathematical knowledge of preschool children who are especially low performing in mathematics. The Pre-K Mathematics Tutorial is an intensified version of Pre-K Mathematics, a classroom program that has evidence of efficacy when implemented at scale. The researchers will compare the relative efficacy of the Pre-K Mathematics Tutorial with a condition that includes the Pre-K Mathematics Tutorial plus attention training and with a business-as-usual control condition."
R324A130066,Read It Again! In Early Childhood Special Education,Special Education Research Grants,Early Intervention and Early Learning,ECE,"The purpose of this project was to examine the efficacy of an intervention called Read It Again! for children with disabilities enrolled in early childhood special education and their typically developing classmates over the academic year and during kindergarten. Many children in early childhood special education programs exhibit disabilities that place them at high risk for future reading difficulties, including primary speech-language impairment or a general developmental delay in which language skills are impaired concomitantly with one or more other developmental domains, typically cognition. Children with primary speech-language impairment or a general developmental delay typically show significant lags in the attainment of important early literacy skills during the preschool years, exhibit significantly poorer kindergarten readiness compared to their peers, and are susceptible to exhibiting a reading disability in the later primary grades. In the last decade, numerous intervention studies have focused on improving the language and literacy skills of young children. However, very few of these interventions emphasize teachers' use of differentiated instructional strategies, which are essential for such interventions to be used effectively in early childhood special education classrooms. Furthermore, very few available language and literacy interventions have been rigorously examined for their relevance to children with disabilities. This project intended to examine the efficacy of one such intervention for this population."
R324A150076,Impact of Professional Development on Preschool Teachers' Use of Embedded-Instruction Practices: An Efficacy Trial of Tools for Teachers,Special Education Research Grants,Early Intervention and Early Learning,ECE,"The goal of this study was to examine the efficacy of Tools for Teachers (TfT), a professional development intervention for using embedded instruction practices with preschool children with disabilities. Embedded instruction involves intentional teaching of individual child learning goals within the context of routine classroom activities. Prior research has found evidence that this approach can be effective with young children with varying disabilities, but embedded instruction practices are not always implemented with fidelity. Therefore, the research team created this professional development intervention to support teachers in implementing embedded instruction with children. This study used a cluster randomized controlled trial to compare the efficacy of two versions of the TfTprofessional development intervention-using on-site practice-based coaching (PBC) versus web-based PBC self-coaching-to one another and a business-as-usual group to determine the impacts on teacher practices and child outcomes."
R324A150094,"An Efficacy Trial of J-EMT: Enhanced Milieu Teaching Language Intervention plus Joint Attention, Engagement and Regulation Intervention for Toddlers with Autism",Special Education Research Grants,Early Intervention and Early Learning,ECE,"This project evaluated the efficacy of an early social communication and language intervention, the J-EMT, on toddlers with autism spectrum disorders (ASD). Social communication skills are particularly important for this population, as a deficit in this area constitutes a core characteristic of ASD. The intervention is aimed at toddlers because the majority of children with ASD can be identified accurately by 24 months and acquisition of communication skills by 36 months is a significant predictor of long-term language outcomes. This study investigated the impact of J-EMT on the social communication skills, receptive and expressive language, symbolic play, and symbol-infused joint engagement on toddlers with ASD and on parental use of language support strategies. The use of symbols (communicative gestures, words, or signs) during engagement with a partner is a critical transition into fluent social spoken language. In addition to examining outcomes immediately after the intervention and 6 months later, the study explored which children benefited most from J-EMT and whether fidelity of implementation moderated the relationship between the intervention and child outcomes."
R324A150103,Efficacy of the START-Play Program for Infants with Neuromotor Disorders,Special Education Research Grants,Early Intervention and Early Learning,ECE,"The purpose of this project was to evaluate the efficacy of Sitting Together And Reaching To Play (START-Play), an intervention designed to target sitting, reaching, and motor-based problem solving to improve development and readiness to learn in infants with motor delays or movement dysfunction. There is limited research examining the efficacy of early physical intervention on infants with neuromotor dysfunction. In addition, most early motor interventions have not been directly linked to learning, despite the research demonstrating an association between motor activity and cognitive skills. START-Play specifically targets motor and cognitive skills that lead to greater physical exploration, which has been associated with improved problem solving and global development. A randomized controlled trial of START-Play was conducted across five states to investigate the impact of the intervention on changes over time in sitting and reaching, subsequent changes in global cognitive development, and the mediating influences of motor skill changes and problem solving."
R324A150149,Long-Term Effects of the Kids in Transition to School (KITS) Program for Children with Developmental Disabilities and Behavioral Problems,Special Education Research Grants,Early Intervention and Early Learning,ECE,"This research set out to examine the long-term effects of the Kids in Transition to School (KITS) Program, an intervention aimed at enhancing the school readiness of young children with co-occurring developmental disabilities and behavioral problems, on children's functioning in elementary school. Children with these co-occurring problems are at particularly high risk for problems with school readiness, which may lead to further negative educational outcomes. In a prior IES-funded study, the PI conducted a randomized controlled trial with preschool children with developmental disabilities and behavior problems and their families to examine the impact of KITS on school readiness through Grade 1. The intervention demonstrated positive effects on early literacy, self-regulation, and parent involvement in school at the end of kindergarten. The current study planned to follow children and families who participated in the original efficacy trial to determine child outcomes through grade 5. The research aimed to examine the impact of KITS on children's academic competence, social and self-regulation skills, and teacher-student relationships."
R324A150221,Preschool First Step to Success: An Efficacy Replication Study,Special Education Research Grants,Early Intervention and Early Learning,ECE,"The purpose of this project is to replicate, via a randomized controlled trial, the efficacy of the preschool adaptation of the First Step to Success intervention for improving child behavior and social skills outcomes, as well as the overall school readiness, of preschool children who are at high risk for the development of oppositional and conduct disorders. There is a need to intervene early with young children who are exhibiting early signs of these disorders, before the severity and intensity of their problems increase. Results from a prior efficacy trial provide promising evidence that participating in Preschool First Step to Success (PFS) reduces children's problem behaviors and increases their social skills, and this project aims to replicate those findings with a diverse population of students."
R324A190177,EMT en Español: Comprehensive Early Intervention to Support School Readiness Skills for Spanish-Speaking Toddlers with Language Delays,Special Education Research Grants,Early Intervention and Early Learning,ECE,"The goal of this study was to examine the efficacy of EMT en Español, a cultural and linguistic adaptation of Enhanced Milieu Teaching (EMT), to improve the language and related school readiness skills of young Spanish-speaking children with receptive and expressive language delays. Early language delays impact children's later communicative, social, behavioral, and academic skills and put children at risk for persistent language impairment. Therefore, early language intervention, particularly intervention utilizing caregivers to provide language development support for their children in the home, is crucial. Yet, there is limited research on such interventions for Spanish-speaking children with language delays and applications of current evidence-based intervention are likely limited due to linguistic and cultural differences. This project aimed to provide needed research on early language intervention with this population. EMT is an existing naturalistic communication intervention that has demonstrated efficacy with English-speaking toddlers. Pilot data suggest that the Spanish adaptation, EMT en Español, leads to improvements in caregiver-child communication during interactions, increases linguistic input to facilitate language learning, and improves the diversity and rate of child talk. In the current project, the research team investigated the efficacy of EMT en Español to improve children's immediate and longer-term expressive and receptive language skills as well as caregivers' use of naturalistic language teaching strategies. The research team also explored the effects of the intervention on children's diagnostic status (DLD vs not DLD) and calculated the costs associated with delivering the intervention."
R324A200179,Efficacy of Story Friends Vocabulary Curriculum Targeting Preschoolers At Risk for Language and Literacy Disabilities,Special Education Research Grants,Early Intervention and Early Learning,ECE,"This project aims to evaluate the efficacy of Story Friends, a supplemental vocabulary curriculum targeting preschoolers who demonstrate oral language deficits that put them at risk for language and reading disabilities. Expanding a child's range of sophisticated academic vocabulary has the potential to contribute to the prevention of later reading problems. Story Friends can be implemented with high fidelity in preschool classrooms within a Multi-Tiered System of Supports framework. Whole-class instruction (Tier 1) is supplemented by small-group intervention for children with oral language delays (Tier 2). Results from pilot studies revealed substantial gains for both children with typical language who received Tier 1 instruction and children with limited oral language who received both Tier 1 and Tier 2 instruction. The current study will determine whether Story Friends has an impact on children receiving Tier 1 and children receiving Tier 1 plus Tier 2 instruction on vocabulary, expressive and receptive language, and listening comprehension outcomes. A cost-effectiveness analysis will examine the relative value of Story Friends compared to storybook listening."
R324E060067,Project Early Reading Intervention,Special Education Research Grants,Early Intervention and Early Learning,ECE,"The purpose of this project is to evaluate the efficacy and study systematic variations of delivery intensity for the Early Reading Intervention (ERI), a commercial program that is designed for kindergarten children at risk of reading difficulty and used in more than 4,000 school districts in all 50 states. Also, the researchers intend to sample participating schools to capture a broad range of demographic diversity and to evaluate ERI's efficacy in sites distal to ERI developers."
R324E060068,LEAP - USA (Using Science-Based Approaches),Special Education Research Grants,Early Intervention and Early Learning,ECE,The purpose of this project is to assess the efficacy of LEAP-USA in achieving positive child and family outcomes as a model of intervention for young children with autism. The researchers intend to examine the differential effects on key outcomes resulting from high-fidelity implementation.
R324E060086,A Randomized Trial of Preschool Instructional Strategies to Improve School Performance and Reduce Use of Special Education,Special Education Research Grants,Early Intervention and Early Learning,ECE,"The purpose of this project is to compare the value added impact of an intervention focusing explicitly on language, literacy, and cognitive skills, with an intervention explicitly focused on these skills plus self-regulation. Recent research supports the promise of targeted and research-based intervention for preschool age children in language, early literacy, and cognitive skills as a preventive tool to reduce the number of children in need of costly special education services in kindergarten and beyond. Research also suggests the potential need for an additional focus on developing cognitive and behavioral self-regulatory skills in preschool children. This research project is designed to further examine this relationship."
R324E060088,Improving Language and Literacy Outcomes for Preschool Children at Highest Risk for Reading Problems,Special Education Research Grants,Early Intervention and Early Learning,ECE,"Language and early literacy skills are foundational to reading and school success. Effective early intervention during the preschool years for children at highest risk for school failure may improve their chances of learning to read and learning from reading in the early elementary school years. Children with Individualized Education Plans (IEP), children with very low language, and children with low language and high problem behaviors who are also enrolled in Head Start are of high risk for later reading problems. The purpose of this project is to examine the differential effects of three approaches to improving language and literacy skills in these very risk high children enrolled in Head Start. These approaches are: 1) Opening the World of Learning (OWL); 2) OWL + Enhanced Milieu Teaching (EMT), and 3) Creative Curriculum (CC), a general curriculum model which is widely used in Head Start."
R305A070063,The Efficacy of the Responsive Classroom Approach for Improving Teacher Quality and Children's Academic Performance,Education Research Grants,"Teaching, Teachers, and the Education Workforce",Other,"In 2005, one in five fourth-grade children in America performed below the basic level on the National Assessment of Educational Progress in math. Among eighth-grade students, one in three students performed below the basic level. Standards-based math curricula were introduced to address this problem. Although standards-based math curricula may provide teachers with strategies for improving student learning of academic content, typically these curricula do not provide teachers with well-articulated strategies for creating classroom environments conducive to learning. The purpose of this study is to conduct a rigorous randomized controlled trial to assess the efficacy of a widely used professional development program, the Responsive Classroom approach, designed to integrate social and academic learning and to create optimal classroom learning environments that enhance children's ability to learn.

The purpose of this study is to conduct a rigorous randomized controlled trial to assess the efficacy of a widely used professional development program, the Responsive Classroom approach, designed to integrate social and academic learning and to create optimal classroom learning environments that enhance children's ability to learn."
R305A090294,Impact of Teacher Study Groups as Observed Teaching Practice and Student Vocabulary Knowledge: A Multi-Site Randomized Control Trial in First Grade,Education Research Grants,"Teaching, Teachers, and the Education Workforce",Other,"The purpose of this efficacy study is to examine the impact of the Teacher Study Group (TSG) professional development program in vocabulary on teacher knowledge, observed teaching practice, and student vocabulary achievement, when implemented with first-grade teachers in Title 1 schools. Most professional development programs only involve one- or two-day trainings, but teachers value continuous training over the course of the school year and appreciate the opportunity to develop collegial relationships with other teachers. In turn, professional development that features ongoing training and collaborative work between teachers may help teachers to improve their knowledge about a specific topic, such as vocabulary, and their use of research-based practices in their teacher, and in turn, students' vocabulary outcomes."
R305A100047,Linear Functions for Teaching: An Efficacy Study of Learning and Teaching Linear Functions,Education Research Grants,"Teaching, Teachers, and the Education Workforce",Other,"The proposed study aims to investigate the efficacy of professional development in algebra both to improve teachers' mathematics understanding as well as mathematics teaching practices and to increase students' resulting algebra proficiency, learning and achievement. Empirical studies have offered evidence for the potential efficacy of the professional development to be tested in this study, Learning and Teaching Linear Functions (LTLF). The growth of this intervention offers a context in which it is now possible to study the impact of the professional development intervention when delivered by trained PD providers, rather than by the LTLF developers and researchers."
R305A100445,Using Data to Inform Decisions: How Teachers Use Data to Inform Practice and Improve Student Performance in Mathematics,Education Research Grants,"Teaching, Teachers, and the Education Workforce",Other,"In this study, the research team will examine whether a professional development program designed to help teachers make better use of assessment and other data, Using Data (UD) will translate into improved student performance in mathematics. The team will evaluate the effectiveness of the intervention using a randomized controlled trial. At the conclusion of the study the team will have answered two primary questions: (a) whether students of treatment teachers, in comparison to control teachers, use a greater number of high-capacity data strategies; and (b) whether students of the UD teachers show greater improvement in mathematics achievement than students of the control teachers?"
R305A100654,The Targeted Reading Intervention: A Web-Based Professional Development Program Targeting K-1 Classroom Teachers and Their Struggling Readers,Education Research Grants,"Teaching, Teachers, and the Education Workforce",Other,"The purpose of this proposal is to examine the effects of the Targeted Reading Intervention (TRI) professional development program in helping rural kindergarten and first grade classroom teachers in low-wealth schools implement evidence-based, individualized reading instruction for the children in their classrooms who are struggling in learning how to read. Specifically, this proposal aims to understand whether the TRI can improve teacher knowledge in both the foundation and the pedagogy of the teaching of reading, but, more importantly, understanding whether the TRI can improve teacher practices in the teaching of reading that are linked to reading gains for struggling readers. The TRI was initially developed and tested via a series of small, randomized clinical trials. Results yielded large effect sizes for student outcomes (.4 to .7) that highlight the need to validate the mechanisms of change for teacher pedagogical content knowledge and practice through a large randomized controlled field trial."
R305A110515,Making Sense of SCIENCE: Efficacy Study of a Professional Development Series for Middle School Science Teachers,Education Research Grants,"Teaching, Teachers, and the Education Workforce",Other,"In the United States, districts do not generally have coherent, coordinated professional development programs, nor are they likely to have the internal resources and capacity to meet their teachers' content-specific needs in science. Examination of the TE-MAT website (http://www.te-mat.org), a database of nearly 600 professional development resources in mathematics and science run by the National Science Teacher Association's NSTA Recommends program, reveals that only a handful attend to deepening teacher's content knowledge, and a rare few consider the critical overlap between science content and classroom practice that is needed to develop teachers' pedagogical content knowledge. Given this need, WestEd developed the Making Sense of SCIENCE professional development program. The purpose of this study is to test the efficacy of this program. The study evaluates the program's series of physical science courses for middle school teachers, a coherent program that covers nearly 100 percent of the physical science standards for students. The WestEd courses are designed to help teachers: learn major concepts in science; examine how children make sense of those concepts; analyze and improve teaching practice; and support student reading, writing, and discussion in science. Each individual teacher course has been iteratively developed, field tested, and evaluated separately, showing significant impact on student learning in the elementary grades and somewhat more modest gains in middle school grades in addition to evidence of scalability. The professional development model has been revised to incorporate a substantial literacy component and hopefully improve the middle school outcomes. This study examines cumulative effects of the full series of courses."
R305A120125,An Efficacy Study of Online Mathematics Homework Support: An Evaluation of the ASSISTments Formative Assessment and Tutoring Platform,Education Research Grants,Education Technology,Other,"The purpose of this study was to evaluate the efficacy of the fully developed intervention, ASSISTments. ASSISTments is an online formative assessment and tutoring platform in mathematics that provides coached, practice problem-solving support for students and cognitive diagnostic reports to teachers, supports students' mathematics homework completion, and facilitates differentiated instruction."
R305A120781,Replicating the CGI Experiment in Diverse Environments,Education Research Grants,"Teaching, Teachers, and the Education Workforce",Other,"Cognitively Guided Instruction (CGI) is a widely used professional development program for mathematics instruction in elementary school. Researchers propose to replicate a previous efficacy study to examine the impact of this intervention on student achievement in mathematics when implemented with a larger and more diverse sample of students. The study also seeks to identify the principal, teacher, and student characteristics that moderate intervention impact and to explore the mechanisms through which the intervention affects student mathematics achievement. Results from this study will describe the ideal conditions for CGI implementation and CGI-related work in other mathematical domains (e.g., algebra and fractions)."
R305A120811,Burst: Reading Efficacy Study,Education Research Grants,Education Technology,Other,"The purpose of this study is to examine the efficacy of Burst:Reading, a fully-developed software-based reading intervention designed to improve the literacy skills of students in grades K-3. In this intervention, students' reading ability will be repeatedly assessed and scored dynamically using handheld devices, thereby allowing teachers to make data-driven, in-the-moment instructional decisions at both the individual- and classroom-levels. For example, the assessment data can be used to inform which skills to emphasize for a particular student and how to group students who have similar ability profiles."
R305A130195,GlobalEd 2,Education Research Grants,Education Technology,Other,"GlobalEd 2 (GE2) was developed and tested through an IES Development and Innovation grant (Expanding the Science and Literacy Curricular Space: The GlobalEd II Project). GE2 is a set of online, problem-based learning (PBL) simulations for middle school students that focus on the multidisciplinary nature of social studies as an expanded curricular space for students to learn and apply scientific literacies and concepts in an international context. GE2 is grounded in empirical research findings drawn from multiple fields that influence science education. The purpose of this study was to ascertain the direct impact of GE2 on eighth-grade students' STEM literacies, knowledge and attitudes, and to determine if these results vary across diverse groups from both urban and suburban environments."
R305A130400,Efficacy of an Integrated Digital Elementary School Mathematics Curriculum,Education Research Grants,Education Technology,Other,"The purpose of this project was to evaluate the efficacy of a fully developed digital mathematics curriculum (RM-CC5). In particular, the project evaluated a full-year, grade 5 curriculum that strongly implements blended and adaptive learning. RM-CC5 uses technology to give students and teachers instant feedback, implement a differentiated instruction model, provide supports for learning, and offer engaging activities. The curriculum is oriented to developing students' understanding of the key topics on the pathway to algebra; topics include place value system, fractions, rational numbers, geometric measurement, and graphing points in a coordinate plane, and is aligned with recently-adopted state standards. Researchers in this project contrasted RM-CC5's digital approach to business-as-usual curricula, which leave to teachers' discretion differentiated instruction, integration of technology, and selection of additional student supports - and do not prioritize blended and adaptive learning."
R305A140221,Efficacy of ALEKS for Improving Student Algebra Achievement,Education Research Grants,Education Technology,Other,"The purpose of this project is to evaluate the efficacy of Assessment and LEarning in Knowledge Spaces (ALEKS), a fully developed digital curriculum supplement for Algebra 1. For an entire academic year, students will use ALEKS daily for approximately half of the district's 90-minute algebra class period. Remaining class time will be led by the classroom teacher, employing traditional classroom activities informed by data provided by ALEKS, based on the students' usage."
R305A140488,Math for All: Assessing the Efficacy of a Professional Development Program for Elementary School Teachers,Education Research Grants,"Teaching, Teachers, and the Education Workforce",Other,"Teachers often are not adequately prepared to implement standards-based mathematics instruction with the heterogeneous groups of students that are being served in general education classrooms, including students with disabilities and students with different capabilities and needs. A small number of professional development (PD) interventions integrate instruction about how to differentiate instruction with learning about mathematics content; however, rigorous evaluation on larger scale implementation of these interventions has been limited. Research about one of these interventions, Math for All (MFA), has demonstrated the feasibility of its implementation in a variety of different school districts, its promise for improving teachers' knowledge, skills, and classroom practices, and students' learning outcomes, and the possibility that staff developers other than the developers can implement the program with fidelity. In this efficacy project, researchers will conduct a clustered randomized controlled trial of the effect of the Math for All (MFA) intervention on teacher outcomes (i.e., knowledge, skill, and classroom practice) and student outcomes (i.e., academic achievement in mathematics and efficacy)."
R305A150043,Improvement of Elementary Fractions Instruction: Randomized Controlled Trial Using Lesson Study with a Fractions Resource Kit,Education Research Grants,"Teaching, Teachers, and the Education Workforce",Other,"The purpose of this study is to test the independent and combined impacts of lesson study and a fractions resource kit, developed and pilot tested with IES funding (Improving the Mathematical Content Base of Lesson Study: Design and Test of Two Research-Based Toolkits). In this efficacy study, the team will incorporate more extensive and rigorous control conditions in a field-based randomized test to gauge the impact of the interventions on student learning. The researchers are also making adjustments to the fractions resource kit and trying to uncover the processes that affect teachers' learning during lesson study."
R305A150407,Examining the Efficacy of Differential Levels of Professional Development for Teaching Content Area Reading Strategies,Education Research Grants,"Teaching, Teachers, and the Education Workforce",Other,"This project examined the efficacy of a distributed professional development model featuring STRIVE-a set of literacy practices infused into social studies content-on 4th grade students' content knowledge and literacy outcomes. Many upper elementary students struggle with understanding what they read. Evidence suggests that reading in the social studies benefits students' general reading ability, but many teachers are not provided adequate professional development in how to leverage both literacy practices and social studies content to benefit student reading outcomes. In this project, teachers participated in a full-day professional development session followed by two teacher study team meetings to learn the STRIVE instructional practices. Over the course of 18 weeks, they also delivered STRIVE lessons to their students."
R305A150429,Digital Scaffolding for English Language Arts,Education Research Grants,Education Technology,Other,"In this project, researchers will examine the efficacy of Visual Syntactic Text Formatting (VSTF), a technology for reformatting text to make it easier to understand, on 7th and 8th grade students' reading and writing outcomes. Students are expected to read and understand more and more complex texts as they get older, and many of these texts are complicated both in their language and their structure. One way to help students better understand the complex text they read is to adjust the print itself; even changing the size or spacing of letters can help students' reading comprehension. VSTF is a new type of organization for text that arranges phrases so that it highlights the meaning of the text. Researchers will examine whether reading text in VSTF improves students' reading and writing as compared to reading text in standard blocks."
R305A150463,Testing the Effectiveness of Professional Development in Academic Vocabulary on Observed Teaching Practice and Academic Vocabulary Knowledge of English Learners in 8th Grade Social Studies Classrooms,Education Research Grants,"Teaching, Teachers, and the Education Workforce",Other,"The purpose of this study is to assess the impact of the Teacher Study Group (TSG) professional development on observed teaching practice and on academic vocabulary knowledge of English learners. The TSG approach will be tested when implemented with eighth-grade teachers in low-achieving Title I schools, within the context of the social studies curriculum."
R305A160223,The Impact of New Mexico's Teacher Evaluation System on Student Academic Outcomes,Education Research Grants,"Teaching, Teachers, and the Education Workforce",Other,"Twenty-six States and the District of Columbia use high-stakes teacher evaluation systems to assign teachers who are rated ""ineffective"" and ""minimally effective"" to mandatory professional growth plans (PGPs). However, evidence on the impact of these policies on student academic and socio-behavioral outcomes is limited. Researchers will examine the impact of teachers being assigned PGPs on the outcomes of K-12 students and their teachers throughout the State of New Mexico. Researchers will also examine the impact of the ""minimally effective"" label on teacher and student outcomes."
R305A170641,Efficacy of ASSISTments Online Homework Support for Middle School Mathematics Learning: A Replication Study,Education Research Grants,"Teaching, Teachers, and the Education Workforce",Other,"The purpose of the project was to conduct a replication study of the impact of a fully developed, widely adopted intervention called ASSISTments on student mathematics outcomes. Findings from a previous IES-funded efficacy study, conducted in Maine, indicated this intervention led to beneficial impacts on student-learning outcomes. The current study examined the impacts of this intervention with a more diverse sample and relied on mathematics coaches (instead of the intervention developers) to provide professional development and support to teachers. These differences were important to policymakers and educators who wanted to know whether interventions work, whether they contribute to closing achievement gaps, and whether they can be supported sufficiently via local teacher professional development and local implementation conditions and practices."
R305A180241,Efficacy Replication Study of the Impact of MyTeachingPartner-Secondary (MTP-S),Education Research Grants,"Teaching, Teachers, and the Education Workforce",Other,"In this project, researchers will evaluate the impact of MyTeachingPartner-Secondary (MTP-S) on classroom practice, student engagement, and student achievement, and explore moderating and mediating effects. In contrast to two prior MTP-S trials, which relied on vendor-based coaches, this study will examine a scalable model for implementation in which school districts select local coaches who are to be trained and supported by Teachstone, the licensed vendor for MTP-S. This study will build evidence on how to scale coaching interventions. In addition, the study will explore how the effects of this content-neutral professional development differ for mathematics and English Language Arts teachers."
R305A180429,Follow-up to the Replicating the CGI Experiment in Diverse Environments Study,Education Research Grants,"Teaching, Teachers, and the Education Workforce",Other,"The purpose of this efficacy follow-up study was to evaluate the long-term effects of a teacher professional-development program based on Cognitively Guided Instruction (CGI) on school mathematics achievement in grades K through 5, which had been previously evaluated under an earlier IES grant (R305A120781). A further purpose was to conceptualize and develop an observational measure of the facets of mathematics instruction that are consistent with implementation of CGI principles to be used to examine the role of instructional practice as a mediator of the effect of the CGI program on student outcomes."
R305A190065,Developing Talkers: Building Effective Teachers of Academic Language Skills,Education Research Grants,"Teaching, Teachers, and the Education Workforce",Other,"Researchers will evaluate the impact of two theoretically distinct versions of an intervention called Developing Talkers (DT) that uses a Multi-tiered System of Support (MTSS). DT is designed to improve teacher facilitation of academic language skills and the academic language skills of kindergarten students. The two versions are the Scripted Approach and the Teacher-Inspired Approach. Researchers will monitor teacher uptake of evidence-based practices during a first stage of intervention. At the second stage, researchers will provide additional individualized professional development (PD) resources based on teacher performance. Researchers will explore aspects of cognition, such as memory and vocabulary and other behavioral factors, including, self-efficacy and social norms, that may explain changes in teacher knowledge and behavior."
R305A190256,An Efficacy Study of the MathSpring Personalized Learning System That Responds to Student Affect,Education Research Grants,Education Technology,Other,"This purpose of this project was to evaluate the efficacy of MathSpring, an online intervention that provides individualized affective and strategic support to students as they solve math problems."
R305A190360,Project Citizen Research Program,Education Research Grants,Civics Education and Social Studies,Other,"In this study, researchers evaluated the efficacy of Project Citizen for improving outcomes in middle and high school level civics. Project Citizen is a widely used civics intervention. Students identify and research a public policy problem in their community, evaluate alternative solutions, and create an action plan to enlist local or state authorities to adopt their proposed policy. Prior research demonstrates the promise of Project Citizen to improve students' civic skills under researcher-controlled conditions."
R305A210008,Exploration of Departmentalized Instruction,Education Research Grants,"Teaching, Teachers, and the Education Workforce",Other,"Researchers will investigate the effects of departmentalized instruction in primary schools with a focus on assessing implementation in routine settings and the contributions of specific causal mechanisms. Researchers will study whether the effects of departmentalization on student outcomes change with the number of years of implementation. Researchers will explore the extent of teacher specialization in the years following the policy change. This analysis will both provide evidence on the implementation and effects of these policies and provide an opportunity to assess the external validity of recent experimental evaluations. Primary research questions include:

What are the short-run effects of DI on student achievement, attendance, school climate, and grade promotion?
How do the effects of DI vary by the number of years it has been implemented at a given school?
What are the long-run effects of DI on students' academic achievement in middle school?
How do schools implement DI and change hiring and staffing practices?
Are the returns to teaching experience different in specialized classrooms?"
R305H060080,Test-Enhanced Learning in the Classroom,Education Research Grants,Cognition and Student Learning,Other,"Achievement of American students falls behind that of students in many other industrialized countries, especially in science and mathematics. This project builds on earlier work on test-enhanced learning, or the use of frequent quizzes as learning events. Test-enhanced learning has been shown to be highly effective in promoting student learning in laboratory situations. The purpose of this project is to import the Test-Enhanced Learning Program into school settings to examine its efficacy at two different educational levels."
R305M030052,Teacher Quality Study: An Investigation of the Impact of Teacher Study Groups as a Means to Enhance The Quality of Reading Instruction for First Graders in High Poverty Schools in Two States,Education Research Grants,"Teaching, Teachers, and the Education Workforce",Other,"Reading First includes the use of professional development with teachers in low-performing schools to improve low-income students' reading achievement. Although solid research evidence supports the core classroom practices and instructional assessment principles of Reading First, some of the specific professional practices under consideration for use as part of the Reading First initiative lack such evidence. Research has not yet used rigorous techniques to test these practices sufficiently across a variety of settings (e.g., schools, States and districts)."
R305M030090,Identifying Key Components of Effective Professional Development in Reading for First-Grade Teachers and Their Students,Education Research Grants,"Teaching, Teachers, and the Education Workforce",Other,"In this project, the research team proposed to compare the efficacy of three models of professional development for first grade reading teachers. The researchers’ goal for this project was to produce evidence to help school districts select effective, affordable models. In the early 2000s, finding such professional development models was important because of the Reading First Initiative of the No Child Left Behind Act of 2001. This initiative was designed to improve students' reading skills by requiring professional development for teachers who teach reading. The success of this initiative depended on being able to choose professional development models that successfully increase teaching skills and student reading achievement."
R305M030099,Mastering Reading Instruction: A Professional Development Project for First Grade Teachers,Education Research Grants,"Teaching, Teachers, and the Education Workforce",Other,"At the time of this project, much was already known about how to teach children beginning reading skills. However, many teachers were not aware of some elements of reading instruction that are key to helping students avoid common reading problems. At the same time, some research was finding that teachers who learned about effective reading strategies included those strategies in their instruction and student achievement improved. This research team planned to evaluate the effects of a research-based professional development program with mentoring on classroom teachers' ability to teach reading in first grade.

The research team is focusing on five research-based elements of reading development:

phonological awareness
the alphabetic principle and code
fluent and automatic word-recognition
vocabulary
comprehension"
R305M040086,Can Literacy Professional Development be Improved with Web-based Collaborative Learning Tools: A Randomized Field Trial,Education Research Grants,"Teaching, Teachers, and the Education Workforce",Other,"In this project, the researchers proposed to test the efficacy of an existent professional development program, the Literacy Collaborative (LC), and whether the efficacy of LC is enhanced through the addition of a web-based collaborative learning environment, the Literacy Coaching toolkit (LCtk). The study examined the interventions' efficacy on the work of school-based literacy coaches, the professional development of teachers whom these coaches support, and kindergarten through third grade students' literacy learning. The researchers proposed to also explore possible mechanisms that might contribute to variability in LC and LCtk effects among schools and among classrooms within schools and for different types of students categorized by race/ethnicity and family income. In addition, the researchers also aimed to develop a new set of web-based tools to support teacher learning."
R305M050031,A Randomized Controlled Study of the Efficacy of Reading Apprenticeship Professional Development for High School History and Science Teaching and Learning,Education Research Grants,"Teaching, Teachers, and the Education Workforce",Other,"In this project, the researchers proposed to investigate the efficacy of the reading apprenticeship professional development program that aimed to improve teachers' integration of reading instruction into high school science and history and, thereby, to increase student reading and content proficiency. The professional development program was a response to the observations that many students who reach middle and high school do not possess sufficient reading skills to learn new knowledge when reading content texts and that many subject-area teachers in those grade levels may not be prepared to teach reading skills to students who need extra help in deciphering complex subject-matter textbooks. By the end of this project, the researchers aimed to have evidence about the effectiveness of the professional development on both teacher and student outcomes."
R305M050072,Examining the Efficacy of Two Models of Preschool Professional Development in Language and Literacy,Education Research Grants,"Teaching, Teachers, and the Education Workforce",Other,"In this project, the researchers proposed to test the efficacy of two approaches to implementing empirically based early literacy professional development: the Literacy Environment Enrichment Program (LEEP) and Technology-Enhanced LEEP (T-LEEP). These PD programs grew in response to a recognition that children who come from homes where oral language interactions are sparse enter school at a disadvantage and that many early childhood teachers lack a solid foundation in early teaching and learning pedagogy. By the end of this project, the researchers aimed to have evidence about the programs' impact on educators and learners."
R305M050223,Replication and Outcomes of the Teaching SMART® Program in Elementary Science Classrooms,Education Research Grants,"Teaching, Teachers, and the Education Workforce",Other,"In this study, the researchers proposed to test the efficacy of the Teaching SMART®, a widely used professional development program for elementary school teachers for improving grade 3 -5 teacher performance and student learning in science. In addition, the study will identify instructional methodologies and strategies that are effective in improving teacher performance and, in turn, student achievement."
R305M050226,"Comparing the Efficacy of Three Approaches to Improving Teaching Quality in Science Education: Curriculum Implementation, Design, and Adaptation",Education Research Grants,"Teaching, Teachers, and the Education Workforce",Other,"In this study, the researchers proposed to test the efficacy of three competing approaches to improving teaching in middle school science education. The first would be providing teachers with high-quality curriculum units and with professional development and follow-up. The second would be to provide teachers with training in how to develop high-quality curriculum units aligned to local standards and time to develop these units, along with follow-up mentoring. The third approach would be providing training to adapt a curriculum to align with local standards. At the end of this project, the researchers aimed to have evidence of the efficacy of the three approaches."
R305M050270,Investigating the Efficacy of a Professional Development Program in Classroom Assessment for Middle School Reading and Mathematics,Education Research Grants,"Teaching, Teachers, and the Education Workforce",Other,"In this study, the researchers proposed to conduct a replication field trial to determine how best to implement and deliver standardized professional development in classroom assessment to meet teachers' needs in math and reading across grade levels."
R305W060016,The Pathway Project: A Cognitive Strategies Approach to Reading and Writing Instruction for Teachers of Secondary English Language Learners,Education Research Grants,"Teaching, Teachers, and the Education Workforce",Other,"Through this project, researchers planned to replicate an impact study of an existing, successful professional development program based on a reading and writing intervention designed to enhance the higher level academic literacy of secondary (high school) English language learners (ELs). The researchers' objective was to improve the practices of classroom teachers in ways that positively impact student learning and school achievement."
R305W060027,Content-Focused Coaching (SM) for High Quality Reading Instruction,Education Research Grants,"Teaching, Teachers, and the Education Workforce",Other,"In this project, the research team planned to study a structured coaching program designed to improve reading comprehension instruction in the upper elementary grades. At the time of this study, findings showed that 69 percent of fourth graders scored below a proficient level in reading and 36 percent in the below-basic category. In response, some school districts hired ""instructional coaches,"" but there was no agreed upon definition of coaches, so performance varied widely."
R324A100225,Efficacy of Broad Target Speech Recasts on Students with Down Syndrome,Special Education Research Grants,Educators and School-Based Service Providers,Other,"Over 95 percent of parents of children with Down Syndrome report that their child has difficulty being understood by persons outside of their immediate family or social circle. This difficulty tends to persist into adulthood. Problems with speech comprehensibility can have negative consequences on educational achievement and post school outcomes. There is a widely held belief that improving speech accuracy (e.g., producing particular speech sounds) will lead to improved speech comprehensibility, yet traditional speech services in schools that focus on speech accuracy have not led to improvements in speech comprehensibility. The goal of this project is to evaluate the efficacy of a promising speech therapy compared to traditional speech therapy. The research team will test the efficacy of Broad Target Speech Recasts (BTSR) compared to the Easy Does It for Articulation (EDI) program in improving speech comprehensibility of elementary school students with Down Syndrome. BTSR focuses on the speech context through speech recasts (adult repeats words child is attempting to say, providing a model of correct pronunciation, pitch, stress, and intonation). The comparison program emphasizes drill and practice of individual sounds and sound combinations, reflecting typical services provided in school settings."
R324A150047,An Efficacy Study of the School-based National Professional Development Center on Autism Spectrum Disorders Model (NPDC),Special Education Research Grants,Educators and School-Based Service Providers,Other,"This project assessed the efficacy of a widely used professional development model that promotes program quality, teachers' use of evidence-based practices (EBPs), and positive outcomes for elementary school students with autism spectrum disorder (ASD). The study responds to a national need to prepare teachers to implement effective, research-based educational programs to improve behavioral, social, and academic outcomes for students with ASD."
R324A170069,Efficacy of Paraprofessional Behavior Support Coaching for Elementary School Students with Externalizing Behavior Disorders,Special Education Research Grants,Educators and School-Based Service Providers,Other,"This project tested the efficacy of the Behavior Support Coaching for Paraprofessionals (BSC-P) model for improving paraprofessionals’ classroom intervention practices and the behavioral and academic outcomes of elementary school students with or at risk for externalizing behavior disorders. Although paraprofessionals play a substantial role in providing classroom-based behavioral interventions for students, they often receive very little training or job-embedded support in behavior management. Given the challenges of providing adequate support to students with externalizing behavior disorders and their risk for negative outcomes (such as poor academic performance, drop-out, and juvenile delinquency), there is a significant need to identify effective models for supporting these students and the professionals who work with them. Thus, the purpose of this project was to test the efficacy of the BSC-P coaching model for supporting paraprofessionals in the implementation of data-driven behavioral intervention supports and subsequently improving the behavioral and academic outcomes of students with or at risk for externalizing behavior disorders."
R324A190145,Liberate,Special Education Research Grants,Special Topics,Other,"The purpose of this study is to test the efficacy of Read 180® with struggling adolescent readers in juvenile justice schools. Read 180® is a widely used literacy program for differentiating instruction in typical school settings. Research indicates that students with and without disabilities in juvenile justice schools often demonstrate serious literacy deficits. In addition, the prevalence of students with disabilities in juvenile justice schools is about three times greater than in typical schools, with the majority having learning disabilities and emotional and behavioral disabilities. Juvenile justice schools need evidence-based programs in which to invest. This project seeks to address this need by building onto a previous IES-funded study to develop and pilot test an intervention package for students in juvenile justice settings that included Read 180® and an enhanced professional (PD) model to supplement Read 180®. The intervention package demonstrated feasibility and promise for improving the literacy outcomes of students in juvenile justice schools, but the efficacy of Read 180® (with this enhanced PD supplement) has not yet been tested in this setting. Thus, the current study will examine the efficacy of Read 180® for improving the literacy outcomes of struggling adolescent readers in juvenile justice schools, including students with disabilities, as well as factors that mediate or moderate intervention impacts."
R324A210266,Project PRIME2: Planning Realistic Intervention implementation and Maintenance by Educators,Special Education Research Grants,Educators and School-Based Service Providers,Other,"The purpose of this study is to evaluate the efficacy of Planning Realistic Intervention implementation and Maintenance by Educators (PRIME2) for improving elementary school teachers' implementation of function-based behavioral interventions for students with and at risk for disabilities. PRIME2 is a theory-informed, consultation-based, individually tailored, tiered system of implementation support developed with previous IES funding. Research-based interventions implemented with fidelity can improve behavioral and academic outcomes for elementary students with or at risk for disabilities. Yet, research consistently indicates interventions are not implemented with sufficient fidelity. Insufficient implementation can result in referral for more intensive intervention, possibly resulting in expensive special education services or restrictive placements that could have been avoided. The current project aims to address this by evaluating the efficacy of PRIME2 relative to a condition representing behavioral consultation without tiered implementation support."
R305U070006,The Effects of Disadvantaged Schools and Neighborhoods on the Education of Low-Income Youth,Unsolicited,NA,Other,"This research team seeks to address the substantial variation across neighborhoods of different socio-economic compositions in graduation rates, achievement test scores, and other education outcomes. The researchers will try to find out how neighborhood contexts affect youth education outcomes over the long term, and what the primary mechanisms are through which neighborhoods influence youth education outcomes. The objective is to produce evidence that will help guide the development of education and social policies designed to improve the life chances of low-income youth living in some of our nation's most disadvantaged urban communities."
R305A070117,Determinants of Student Outcomes in an Urban School District: Educational Interventions and Family Choices,Education Research Grants,Improving Education Systems,Policy,"Like many urban school districts, the Pittsburgh Public School District has sustained declining enrollments, increased budgetary pressures, low student achievement relative to state and national norms, and large racial gaps in achievement. In 2005, the Pittsburgh Public Schools enacted a plan for reform. The purpose of this project is to study and evaluate the effect of this reform agenda on student outcomes."
R305A080372,Massachusetts Expanded Learning Time: Implementation and Outcomes,Education Research Grants,Improving Education Systems,Policy,"The Massachusetts Legislature funded the Expanded Learning Time (ELT) initiative, which provides successful district applicants with grants to plan for and implement expanded schedules (providing additional instruction time in the school day and school year) in selected schools. Over the past year, the Massachusetts Department of Education and Abt Associates have collaborated to evaluate this new state initiative. The purpose of this project is to expand the current evaluation effort by extending the time period in which schools, teachers, and students are studied, and gathering additional data to support implementation and impact findings."
R305A080696,A Randomized Control Trial to Assess the Efficacy of the Balanced Leadership Program,Education Research Grants,Education Leadership,Policy,"The purpose of the proposed research is to assess the efficacy of The Balanced Leadership Professional Development Program for School Leaders developed by Mid-Continent Research for Education and Learning (McREL). Although the program is grounded in extant research, fully developed, and widely implemented in the United States, it has yet to be rigorously evaluated."
R305A090019,The Impact of School Accountability Sanctions on Student Outcomes: Evidence from North Carolina,Education Research Grants,Improving Education Systems,Policy,"This study examines whether various forms of sanctions included in school accountability policies, including the No Child Left Behind Act and North Carolina's ABC program, improve student achievement with particular attention to traditionally underperforming disadvantaged students."
R305A090032,The Effects of No Child Left Behind on Student Outcomes and School Services,Education Research Grants,Improving Education Systems,Policy,"The purpose of this project is to study whether the incentives built into the No Child Left Behind Act (NCLB) have a net positive impact on students' academic achievement, students' non-academic outcomes, and school resource allocation. Under NCLB, states annually determine whether public schools satisfy Adequate Yearly Progress (AYP) based on the fraction of students demonstrating proficiency on a statewide exam. Public schools have strong incentives to satisfy AYP: failure triggers sanctions that escalate over consecutive years, and states are required to publish annual school report cards, which can affect school prestige, local property values, and financial rewards to schools and teachers. Using quasi-experimental methods, the project will evaluate the efficacy of the accountability pressure put on schools that expect to be near the margin for meeting AYP using a nationally representative sample of schools and students."
R305A090039,Modeling Longitudinal Effects of New York City's 5th Grade Promotion Policy on Student Achievement through a Regression Discontinuity Design,Education Research Grants,Improving Education Systems,Policy,This project will examine the effects of grade retention and supportive interventions under the promotion policy currently in place for 5th graders in New York City. This project is taking place within an already existing larger evaluation of the New York City promotion policy and is focusing specifically on the subset of at-risk students who qualify for support in both English and math. These students have been left out of similar past studies but are to be included in this study through the methodological extension of defining a unidimensional treatment assignment variable for the regression discontinuity design being used in the main evaluation.
R305A090162,A Randomized Trial of Reducing Stereotype Threat Among Minority and Economically Disadvantaged Students,Education Research Grants,Improving Education Systems,Policy,"Two recent field trials (Cohen et al. 2006; Good, Aronson, and Inzlicht 2003) suggest that modest interventions designed to buffer middle-school students against stereotype threat are effective at closing achievement gaps (e.g., raising minority student achievement by as much as 0.50 standard deviations, which is roughly equivalent to 50 percent of the minority achievement gap). This study replicates the Cohen et al. (2006) study using a more comprehensive set of student-level outcome measures, expanding it from 7th to 8th grade, and examining the intervention's impact not only in racially integrated schools but also in schools that serve more economically disadvantaged and largely minority communities."
R305A090369,"Summer School and Summer Learning: An Examination of Selection, Implementation, and Program Effects in a Multiyear Randomized Trial",Education Research Grants,Improving Education Systems,Policy,"The purpose of this study is to conduct a rigorous evaluation of a multiyear summer school literacy program initiative delivered to kindergarten, first, and second grade students identified as at-risk for future reading difficulty and aimed at closing the performance gap between strong and struggling readers and to ensure that struggling readers gain the skills requisite to meet reading proficiency targets."
R305A090481,Systems Leadership in Middle School: A School Policy Intervention With Random Assignment,Education Research Grants,Education Leadership,Policy,"This project will conduct a cluster randomized field trial assessing the efficacy of a fully-developed, whole-school improvement program known as Systems Leadership in Middle Schools (SLMS) developed by the Modern Red Schoolhouse."
R305A100289,Learning Leadership: Kernel Routines for Instructional Improvement,Education Research Grants,Education Leadership,Policy,"The purpose of this project is to assess the efficacy of The Learning Walk routine as a strategy for developing school leaders. The Learning Walk routine, developed by the Institute for Learning at the University of Pittsburgh, is a form of ""walkthrough"" or ""learning walk"" practice in which school leaders conduct brief classroom visits on a regular basis for the purpose of observing classroom instruction and providing feedback to teachers."
R305A100995,A Multisite Evaluation of the Implementation and Impact of Supplemental Educational Services,Education Research Grants,Improving Education Systems,Policy,"The project will evaluate the efficacy of supplemental education services provided to low-income students as required under the No Child Left Behind Act of 2001. As part of this work, the project will: (1) estimate the net impacts of supplemental education services on student achievement; (2) identify the particular design elements and curricular and instructional components of programs that contribute to these impacts; (3) investigate whether those students who are most in need of extra academic assistance are enrolling in and attending these services; (4) investigate which factors influence parent and student choices in selecting and staying with service providers; and (5) identify what policy levers are available to state and local educational agencies to increase service program effectiveness."
R305A110136,An Efficacy Trial of Two Interventions Designed to Reduce Stereotype Threat Vulnerability and Close Academic Performance Gaps,Education Research Grants,Improving Education Systems,Policy,"This project tested the efficacy of reducing gaps in academic performance between minority and White students and between students of lower and higher socioeconomic status through two types of interventions aimed at reducing stereotype threat. Stereotype threat refers to the apprehension individuals experience when confronted with a personally relevant stereotype that threatens their social identity or self-esteem. Prior work has proposed that the phenomenon could help explain group differences in performance on standardized tests and in school. Stereotype threat is predicated on the notion that people often fear behaving in a way that fits the negative cultural image associated with a group stereotype, thereby marking them as inferior. This largely unconscious fear elicits anxiety and other counterproductive responses that can severely interfere with thinking and performance on standardized tests or other evaluative activities in the classroom.

This project team proposed to determine the impacts of two similar but theoretically distinct stereotype threat-reduction interventions. The first intervention is a self-affirmation intervention and the second is a social-belonging intervention. Both interventions are carried out through student writing exercises. The self-affirmation intervention is based on protecting the self from perceived threats and the consequences of failure by encouraging affirmation of self-worth. The social-belonging intervention is intended to help students think about social and academic stressors as common and temporary, which normalizes these stressful experiences and allows for improved achievement, behavior, and well-being. Prior research has found promising evidence regarding student achievement for both interventions."
R305A110149,Assessing the Efficacy of Online Credit Recovery in Algebra I for At-Risk Ninth Graders,Education Research Grants,Improving Education Systems,Policy,"Failing Algebra I in the first year of high school significantly decreases a student's likelihood of graduating. Getting students back on track is a high priority, yet little rigorous evidence exists about credit recovery options. This study will test the efficacy of offering an online Algebra I course in the summer after 9th grade for first time 9th graders who failed the second semester of Algebra I."
R305A110967,"The Impact of Incentives to Recruit and Retain Teachers in ""Hard-to-Staff"" Subjects: An Analysis of the Florida Critical Teacher Shortage Program",Education Research Grants,Improving Education Systems,Policy,"This project will evaluate the efficacy of programs created under the statewide Florida Critical Teacher Shortage Program (FCTSP) and a related set of teacher bonuses, the Teacher Recruitment and Retention Fund (TRRF). Components of the programs were in place starting in 1984 and ending in 2010 and provided a variety of incentives to become fully certified to teach in hard-to-staff disciplines like math, science and special education."
R305A120269,"Why are Some Charter Schools More Effective than Others? Econometric Methods and Empirical Evidence from Massachusetts, Michigan, and Texas",Education Research Grants,Improving Education Systems,Policy,"Enrollment in charter schools has tripled over the last decade, and more states are making it easier to open charter schools. These two factors make it likely that growth in charter school enrollment will continue in the coming years. The goal of the proposed research plan is to use a diverse sample of charter schools from three states to determine what makes some charter schools reliably succeed at increasing learning while others do not. A key feature of this study is that charter enrollment will be determined by a lottery system. Such an approach allows comparisons between charter school students and non-charter school students in a manner that meaningfully reduces selection bias. The results of this study are intended to contribute to the body of literature available to policy makers when developing or refining charter school initiatives."
R305A120466,Doubling Up? The Impact of Remedial Algebra on Students' Long-Run Outcomes,Education Research Grants,Improving Education Systems,Policy,"Over the past twenty years, there has been a movement across the nation for districts to implement ""Algebra-for-all"" policies in which 9th (or even 8th) grade students are required to take introductory algebra regardless of whether the students are academically prepared. School districts, especially those with high concentration of 9th grade students who lack foundational math skills, are concerned that early failure in algebra may lead to a series of negative consequences for struggling students' future academic achievement and ability to graduate from high school. One emerging remediation strategy is ""double-dose"" algebra, a scheduling mechanism in which students in need of math remediation are required to take two periods of algebra per day instead of one.

Since 2003, a large urban school district in Illinois has implemented a version of double-dose algebra for students entering high school with math test scores below the national average. The underlying theory is that increasing algebra instructional time for these students will lead to improved student outcomes. An earlier IES study found that the district's double-dose algebra policy had positive and substantial impacts on 9th and 10th grade outcomes such as G.P.A, course failure rates, and standardized test scores. In this follow-up study, researchers will examine the impact of the double-dose algebra policy on long-term outcomes such as advanced math coursework and performance, ACT scores, high school graduation rates and college enrollment."
R305A120677,Getting Students to the Finish Line: An Efficacy Study of a Ninth Grade Early Warning Indicator Intervention,Education Research Grants,Improving Education Systems,Policy,"Each year in the United States, more than a million students fail to graduate with their high school class. The process of disengagement with schooling which culminates in students dropping out generally manifests itself behaviorally in high absenteeism, behavior problems, and course failure, including both the failure to complete assignments and failure to pass courses. These three factors-the ABCs-are the strongest predictors of dropping out, are often interrelated, and can serve as early warning indicators of students who absent effective intervention are likely to dropout. In this project, researchers will evaluate the effectiveness of the Early Warning Intervention (EWI) Team model, developed by the Center for Social Organization of Schools at Johns Hopkins University, on absenteeism and other proximal outcomes that are related to high school graduation. In this model, facilitators are trained to work with school teams to intervene with students displaying early warning indicators of not being “on-track” to graduation."
R305A120809,Preventing Truancy in Urban Schools Through Provision of School Services by Truancy Officers,Education Research Grants,Improving Education Systems,Policy,The purpose of this study is to carry out a large-scale randomized efficacy trial of a case management program that focuses on reducing chronic absenteeism and improving school engagement by pairing mentor/monitors with students at risk for school dropout.
R305A130044,Testing the Promise: A Randomized Trial of a Promise College Scholarship for Urban Public School Students,Education Research Grants,Improving Education Systems,Policy,"This research project assesses the efficacy of The Degree Project (TDP), a ""promise program"" which seeks to increase college preparation, enrollment, and degree completion among low-income, urban high school students by promising ninth-grade students a scholarship if they engage in college-preparation activities during high school. Promise programs are widely used (73 programs nationally) and are feasible alternatives to traditional ""late commitment"" grant and loan programs (e.g., Pell grants) that wait to inform students until after they are leaving high school-when many are already off track. This study is the first United States-based randomized trial of a promise program. By evaluating the impact of TDP on college enrollment and persistence, the research team will provide knowledge about the effects of this promise scholarship program."
R305A140363,On the Importance of School Facilities Spending to School Outcomes,Education Research Grants,Improving Education Systems,Policy,U.S. school districts invest billions of dollars to upgrade school facilities on the assumption that this will improve student outcomes. Empirical evidence about the allocation of facilities spending and its effect on student performance is necessary to enable financially constrained school districts to judiciously invest their resources. The purpose of this project is to inform policies regarding capital investments in school facilities. Researchers will examine the following questions: (1) How much do school facility investments affect student performance? (2) Do school facility investments improve school building conditions? and (3) Do the effects of school facility investments on student outcomes operate through mediators?
R305A150477,Early College High Schools at Scale: Probing Impacts and Generalizability with a Quasi-Experiment Benchmarked Against an RCT,Education Research Grants,Improving Education Systems,Policy,"This project provides evidence about the effectiveness of Early College High Schools (ECHS) in North Carolina (NC) which are small schools of choice primarily located on campuses of two- or four-year colleges or universities. Students who attend ECHS have the opportunity to earn, at no financial cost to them, two years of transferable college credit or an associate's degree while simultaneously satisfying high school graduation requirements. This study leveraged existing data to provide information about whether, how, and for whom NC ECHS are effective. Prior IES-funded research (Follow-Up to the Study of the Efficacy of North Carolina's Early College High School Model) examined impacts from 19 of the 70 ECHS sites in NC. These 19 sites used a lottery for admissions to ECHS. Lotteries approximate random assignment designs and allow for rigorous assessment of efficacy. This study built on the prior study by examining longer term outcomes, including civic outcomes such as incarceration and voting. In addition, this study used the data and results of the prior study to build complex statistical models to replicate the RCT and apply, retrospectively, to the other 51 NC ECHS to estimate their effects. A secondary aim of the project was to develop and refine this new statistical technique. A third aim was to assess the generalizability of the ECHS effects to sites that did not hold a lottery."
R305A160188,"Alignment, Timing and Support: The Effect of Early Intervention on Student College Readiness",Education Research Grants,Improving Education Systems,Policy,"Weak academic preparation before college matriculation is often cited as a key reason for persistently low college graduation rates. To address this issue, about 40 states provide high school-to-college transition interventions at the state and local levels. This study examined the efficacy of one such effort-Kentucky's Targeted Interventions Program (TIP)-and explored the conditions under which TIP may help close the college readiness gap. The study focused on transition interventions that high school seniors received as a result of missing college readiness benchmarks on the ACT that they took in the Spring of their junior year. Each intervention cycle typically includes a diagnostic pretest, the development of instructional targets and their associated formative assessments, direct delivery of instruction, and a posttest. The study found that TIP achieved its policy goal of significantly reducing students' need for developmental education (DE) in college. However, gains made during the first year in college did not lead to higher likelihood of completing college or successful transfers to 4-year colleges among students who started in 2-year colleges. The study explored several possible reasons for the lack of longer-term benefit."
R305A170152,Assessing the Efficacy of Online Credit Recovery on Student Learning and High School Graduation,Education Research Grants,Improving Education Systems,Policy,"School districts across the country are increasingly considering using online courses to expand credit recovery options for high school students who need to get back on track toward graduation. This study aimed to determine how such online programs compare to more traditional, in-person, teacher-led programs in terms of student content knowledge, credit accumulation, and high school graduation rates. The study focused on two common credit recovery courses – Algebra 1 and ninth grade English (English 9) – in a large, urban school district."
R305A170180,Evaluation of a Training Program to Promote Effective School Leadership,Education Research Grants,Education Leadership,Policy,"The purpose of this project is to evaluate the efficacy of Safe and Civil School Leadership (SCSL), a professional development program designed to promote effective school leadership skills. SCSL focuses on equipping principals with the knowledge and skills to foster positive and safe learning climates using practical data-based decision making tools. Although SCSL was developed over a decade ago and has been implemented in dozens of states with thousands of principals, its effects on principal, teacher, and student outcomes have never been independently evaluated in a controlled trial."
R305A170250,"P-TECH 9–14 Schools: An Impact, Implementation and Cost Study",Education Research Grants,Improving Education Systems,Policy,"In this project, researchers assessed the implementation, impact, and cost of P-TECH, an approach to career and technical education that begins in high school and includes pathways to college and careers, employer and college partnerships, work-based learning, and opportunities to earn a high school diploma and an associate in applied science or an associate degree in a high-skills field awarded by the high school's lead postsecondary partner. Upon graduation, students are prepared for entry-level jobs in the field of the industry partner(s). The P-TECH model is being rapidly expanded and scaled. To date, close to 300 P-TECH schools have opened nationally. The first implementation of P-TECH in New York City (NYC) in 2011 used a 9-14 model. This study provided the first rigorous evidence from an impact evaluation to demonstrating the effects of the P-TECH model for grades 9 through 14 (hereafter referred to as P-TECH 9-14) in NYC."
R305A200060,The Impact of Integration: An Analysis of the METCO Voluntary Desegregation Busing Program,Education Research Grants,Improving Education Systems,Policy,"This project analyzes the impact of integration on Black, Hispanic, Asian, and White students' outcomes using the applicant records of the 50-year-old Metropolitan Council for Educational Opportunity (METCO) voluntary desegregation busing program. Findings from the study will increase understanding of the impact of reduced racial isolation and of access to high-performing suburban schools for urban students of color."
R305A200254,The Impact of CSI Designation in Multiple Measure ESSA Accountability Systems,Education Research Grants,Improving Education Systems,Policy,"The purpose of this project is to examine accountability systems under the Every Student Succeeds Act (ESSA). Although research has examined the effects of accountability policies, little is known about why accountability is or is not showing results. The project team will examine causal pathways to help explain such results. Researchers will take advantage of newly introduced accountability measures to examine a richer set of outcomes beyond student test scores. This study will be one of the first to examine accountability systems as implemented under ESSA."
R305A210292,An Experienced School Support Organization at Scale: A Study of The Urban Assembly Network,Education Research Grants,Improving Education Systems,Policy,"Amidst modest increases in high school graduation rates for all students, stark differences still exist between the supports and quality of secondary schooling provided to low-income students of color. In response to this equity issue, there has been a growth in third-party ""school support"" organizations like Urban Assembly (UA): groups created to independently interface with schools to provide additional monetary, organizational, instructional, personnel and professional development resources. This growth has occurred nationally, within school districts as ""intermediary organizations"" or ""partnership support organizations"" and within the charter school sector as ""charter management organizations."" Despite the large monetary investment in these organizations there is little rigorous, peer-reviewed research on their effectiveness. The project will help fill this gap with a robust set of activities that would yield lessons for other school support organizations on best practices, as well as apply the most rigorous causal approach to understanding what works to improve student outcomes."
R305B070702,A Randomized Efficacy Trial of Academically Enhanced Rigorous Career Academies: Studying the Impact of the National Academy Foundation (NAF) Model,Education Research Grants,Improving Education Systems,Policy,"Career Academies combine several key school improvement strategies, including creation of small learning communities, use of school-to-work curriculum to better align high school learning with anticipated professional pursuits, and creation of partnerships with local employers and social institutions to strengthen the relationships between schools and communities. In previous evaluations of Career Academies, researchers found a positive effect on labor market outcomes for males but no significant impact on academic outcomes in high school or at the postsecondary level. The National Academy Foundation responded to these findings by designing an academically enhanced Career Academy model. The purpose of this project is to evaluate the effect of the enhanced academies on academic outcomes during high school."
R305E040085,Assessing the Impact of Principals' Professional Development: An Evaluation of the National Institute for School Leadership,Education Research Grants,Education Leadership,Policy,"In this project, the researchers proposed to evaluate impact of the National Institute for School Leadership (NISL) on principals' knowledge and practice. NISL was a district-level strategy for improving student achievement by developing principals. The researchers aimed to address the following research questions:

How does participation in the NISL leadership development program influence the knowledge and practice of school principals who participate in the program?
How do the beliefs, practices, and opportunities for instructional improvement of teachers in schools led by NISL participants differ from those of teachers in schools not led by NISL participants, and how do these continue to develop over time?
In what ways does student achievement change in schools led by NISL participants?"
R305E050052,"Implementing Public School Choice in Charlotte, NC: Impacts on Student Outcomes, Competitiveness and Racial Segregation",Education Research Grants,Improving Education Systems,Policy,"In this study, researchers examined the impact of implementing lottery-based public-school choice, a systemic school reform strategy focused on allowing parents the right to choose which public school their child may attend within their home school district in Charlotte, North Carolina. Over the duration of this project, the researchers examined the impact of this program on several outcomes, including performance on standardized tests, student absences, disciplinary problems, parental satisfaction, participation in after-school activities, school demand, and racial re-segregation."
R305E050135,Study of Innovative School Leadership Performance Evaluation Systems,Education Research Grants,Education Leadership,Policy,"The purpose of this project was to provide evidence of the potential efficacy of standard-based leadership evaluations in helping principals develop the proficiencies needed to support improved student achievement. Those same accountability demands require that school districts evaluate school leadership as well as assist principals in obtaining the skills needed to improve student performance. However, little rigorous research exists on specific school leadership skills that are associated with student success, assessment practices that can identify leaders who possess these skills, and procedures that might assist principals in developing these skills. The researchers for this project proposed to explore these factors to help address this gap."
R305R060022,Study of the Efficacy of North Carolina's Learn and Earn Early College High School Model,Education Research Grants,Improving Education Systems,Policy,"In this project, the researchers proposed to evaluate the impact of early college high schools. Early college high schools, often located on college campuses, were designed to accelerate the academic progress of students while minimizing the barriers between high school and college. At the time of this study, they were a recent intervention with very little research on their impact. Therefore, the researchers aimed to

determine whether students who attend early college high schools perform significantly better than students in traditional high schools
examine the extent to which effects on student outcomes vary by student characteristics
identify the extent to which specific early college high school components are associated with positive student outcomes.
an articulated program of study for grades 9 to 12 or 13 leading to the associate's degree"
R305R060059,Comprehensive Evaluation of the Effects of District-Wide High School Curriculum Reform on Academic Achievement and Attainment in Chicago,Education Research Grants,Improving Education Systems,Policy,"There is increasing recognition and concern in the U.S. that too few high school students, especially those in urban areas, are graduating with the skills needed for college and the workforce. Currently, there are two major curriculum reform movements at work in high schools: one to engage all students in traditional college preparatory work, and another to increase the difficulty of college preparatory curriculums. These movements are based on studies showing that students who take more rigorous coursework have higher achievement and educational attainment. However, the applicability of this research to diverse high schools is weak. In fact, at the same time that enrollment in rigorous coursework has increased dramatically, achievement scores in reading and math among 17-year-olds have been stagnant. The value of these types of curriculum reform in a broader educational context is in need of study."
R305A040082,Center for Data-Driven Reform in Education,Education Research and Development Centers,Improving Low Achieving Schools,Policy,"The purpose of the Center for Data-Driven Reform in Education (CDDRE) was to study how school districts can use data-driven reform to improve student achievement. This question was examined through randomized controlled trials at the district level. In response to the need for success on measured objectives under No Child Left Behind, CDDRE provided the following services to state, district, and school leadership teams through its Raising the Bar program:

Training in and coaching on using a data-driven decision-making process for planning and achievement.
Information on research-proven solutions to student-achievement challenges.
Training in and coaching on instructional leadership and achievement monitoring."
R305A060034,National Center for Performance Incentives (Policy-NCPI),Education Research and Development Centers,NA,Policy,The purpose of the National Center on Performance Incentives (NCPI) was to conduct a focused program of education research on the impact of teacher incentives on student and teacher outcomes.
R305E090003,Evaluation of Core Knowledge Charter Schools in Colorado,Partnerships and Collaborations Focused on Problems of Practice or Policy,Evaluation of State and Local Education Programs and Policies,Policy,"This project will evaluate the impact of Core Knowledge (CK) charter elementary schools in Colorado on student achievement primarily in kindergarten through third grade. It will also examine whether there are differential impacts by student and school characteristics, whether the level of implementation of the Core Knowledge program is associated with the impacts on student achievement, as well as the cost-effectiveness of the CK charter schools."
R305E090005,A Proposal to Measure the Impact of Indiana's System of Diagnostic Assessments on Student Achievement Outcomes,Partnerships and Collaborations Focused on Problems of Practice or Policy,Evaluation of State and Local Education Programs and Policies,Policy,"This project will study the impact of Indiana's statewide Diagnostic Assessment Intervention on changes in teachers' instructional behaviors and on K-8 student performance on state accountability tests using a randomized control design. It will also examine whether variation in implementation of the Diagnostic Assessment Intervention is associated with differences in impacts and whether school, teacher or student characteristics modify the effects of the intervention on student test scores using non-experimental methods. More generally, the evaluation will provide evidence regarding the value of using interim assessments to monitor student progress in order to guide instruction and so increase student achievement."
R305E090009,Evaluating the Effectiveness of Tennessee's Voluntary Pre-K Program,Partnerships and Collaborations Focused on Problems of Practice or Policy,Evaluation of State and Local Education Programs and Policies,Policy,"This project will evaluate the effectiveness of the Tennessee Voluntary Pre-k Program (TN-VPK) in attaining its primary objectives of enhancing the school readiness of economically disadvantaged children and improving their academic performance. It will also examine the relationship between student outcomes and selected policy-relevant characteristics of teachers, classrooms, and schools to determine which are associated with the largest effects and thus provide guidance for program improvement. Many states have undertaken pre-k initiatives with similar expectations, so the results of this study will be of interest both to and beyond Tennessee."
R305E090010,Evaluation of the New Jersey Preschool Expansion (NJPE) Program,Partnerships and Collaborations Focused on Problems of Practice or Policy,Evaluation of State and Local Education Programs and Policies,Policy,"This project will evaluate the effectiveness of the New Jersey Preschool Expansion (NJPE) Program in attaining its primary objectives of enhancing the school readiness of economically disadvantaged children. It will also examine the relationship between student outcomes and characteristics of students, teachers, and districts to determine which are associated with the largest effects and thus provide guidance for program improvement. Many states have undertaken pre-k initiatives with similar expectations, so the results of this study will be of interest both to and beyond New Jersey."
R305E090019,Evaluation of Ninth Grade Academies in Broward County Public Schools,Partnerships and Collaborations Focused on Problems of Practice or Policy,Evaluation of State and Local Education Programs and Policies,Policy,"The purpose of the project is to assess the impact of Ninth Grade Academies (NGAs) on student engagement and performance in ninth grade and throughout high school. NGAs in Broward County and Florida are self-contained units located in a designated area of the school, with their own dedicated teaching faculty, guidance staff, and social services to create an intact community for the transition year of ninth grade. They have interdisciplinary teacher teams that share the same students and have common planning times. The project will also study how NGAs are implemented in Broward County Public Schools (BCPS) and in other schools in Florida, what factors influence high fidelity of implementation, the effectiveness of enhancements, and how implementation and effectiveness vary within BCPS and the State of Florida."
R305E100008,The Impact of the Michigan Merit Curriculum and Michigan Promise Scholarship on Student Outcomes,Partnerships and Collaborations Focused on Problems of Practice or Policy,Evaluation of State and Local Education Programs and Policies,Policy,This project assessed the implementation and impact of two recent reforms in Michigan designed to work in tandem to promote college attendance and success: (1) the Michigan Merit Curriculum the requires a more rigorous high school curriculum; and (2) the Michigan Promise Scholarship that provides funding for college to students who meet academic criteria.
R305E100013,Intended and Unintended Consequences of State High-Stakes Testing: Evidence from Standards-Based Reform in Massachusetts,Partnerships and Collaborations Focused on Problems of Practice or Policy,Evaluation of State and Local Education Programs and Policies,Policy,"This project will evaluate the impact of high stakes (for students and schools or for schools only) testing in Massachusetts. Massachusetts began administering the Massachusetts Comprehensive Assessment System (MCAS) mathematics and English/language arts examinations in 1998. For the class of 2003, the 10th grade tests became high-stakes exit examinations. Students must pass both tests in order to receive a high school diploma."
R305E100030,Evaluation of the Effectiveness of the Ohio Department of Education's Literacy Core Curriculum for Early Childhood Educators,Partnerships and Collaborations Focused on Problems of Practice or Policy,Evaluation of State and Local Education Programs and Policies,Policy,"This project will evaluate the Ohio Department of Education-sponsored professional development course for early childhood educators known as the Literacy Core Curriculum for Early Childhood Educators (""Core"") program. Nearly 1,200 Ohio pre-K educators have been trained in Core since 2008; however; the effectiveness of this program and its companion mentoring program, the Teacher Leader Program, to increase educators' literacy-related knowledge and practices has not been tested against other state-sponsored professional development courses (e.g., those that focus on math or science). Similarly, the effects of such literacy-based programs on literacy-related skills of children in participating teachers' classes are unknown. This research team will address both of these questions by conducting an independent evaluation of Core and the Teacher Leader Program using a randomized controlled trial."
R305E100043,Middle School Intervention Project (MSIP),Partnerships and Collaborations Focused on Problems of Practice or Policy,Evaluation of State and Local Education Programs and Policies,Policy,This project will assess the implementation and impact of a targeted middle grades intervention to improve reading and school engagement among students with reading difficulties taking place within a universal intervention to improve reading and engagement among all students.
R305E110019,Gifted Education Program Participation and Program Impacts,Partnerships and Collaborations Focused on Problems of Practice or Policy,Evaluation of State and Local Education Programs and Policies,Policy,"The goal of this project is to evaluate the impact of gifted education on student achievement in the Broward County Public Schools (BCPS) in Florida. The BCPS gifted program is district-wide and characterized by high-intensity models with separate gifted classrooms, specialized teacher training, and accelerated and differentiated instruction. The research team will also evaluate a BCPS universal screening program aimed at the under-representation of disadvantaged groups in the gifted program. Applying quasi-experimental methods to secondary data, researchers will answer three main questions: (1) What is the effect of gifted education in early elementary grades on subsequent academic achievement? (2) What is the impact of universal screening to identify potentially gifted children on the size and composition of the gifted population? (3) To the extent that universal screening increases the size of the gifted population, how do the program impacts for newly identified students compare to impacts for students identified though traditional channels?"
R305E120003,The Effect of Dual-Language Immersion on Student Achievement in the Portland Public Schools,Partnerships and Collaborations Focused on Problems of Practice or Policy,Evaluation of State and Local Education Programs and Policies,Policy,"Dual-language immersion programs seek to help the growing number of language minority students learn English and achieve academically, while giving language majority students the opportunity to develop proficiency in another language. These programs differ fundamentally from traditional foreign language programs in two important ways: 1) teachers deliver regular curricular content through a ""partner language"" (such as Spanish or Russian), but do not generally teach the partner language directly; and 2) students receive instruction in the partner language as early as kindergarten and may continue to receive language instruction through high school. While the primary goal of dual language immersion programs is for students to learn a second language, these programs have potential to improve student achievement across curricular areas. The researchers will examine the effect of the Portland Public Schools' (PPS) dual-language immersion programs on student achievement in English, mathematics, and science, and on student engagement as measured through student attendance and behavior."
R305E120006,Evaluation of the Long-Term Effects of Retention under New York City's Student Promotion Policy,Partnerships and Collaborations Focused on Problems of Practice or Policy,Evaluation of State and Local Education Programs and Policies,Policy,"A growing number of states and school districts have established policies that link grade promotion decisions to standardized test performance. The assumption underlying such policies is that an additional year of instruction in the same grade will help struggling students acquire the skills needed to succeed in future grades. Grade retention remains highly controversial and considerable uncertainty exists regarding the causal effect of retention on student outcomes. The researchers will examine the impact of grade retention under a comprehensive student promotion policy instituted by New York City Department of Education (NYCDOE). Prior work by the researchers has shown that retention in 5th grade under this policy had significant positive effects on English language arts and mathematics achievement in 6th and 7th grade. This study will extend the earlier work by examining the effects of retention in grades 3 through 8 on high school persistence, behavioral outcomes, and academic measures."
R305E120010,Assessment of the Florida College and Career Readiness Initiative,Partnerships and Collaborations Focused on Problems of Practice or Policy,Evaluation of State and Local Education Programs and Policies,Policy,"Students who receive a high school diploma may not have the requisite skills to successfully complete college-level work and may not recognize that they lack this preparation. As a result, when they enter college they may be required to enroll in remediation courses. To increase these students' college-readiness in high school and reduce their need for remediation at community colleges, Florida has implemented the Florida College and Career Readiness Initiative (FCCRI). The FCCRI uses test scores to identify 11th grade students likely to graduate high school but also likely to need remediation in college and then provides remediation in 12th grade. The researchers will evaluate the impact of the FCCRI on students' college persistence and completion."
R305E130009,Beyond Triage: A Randomized Experiment in Sustained Pre-College Advising,Partnerships and Collaborations Focused on Problems of Practice or Policy,Evaluation of State and Local Education Programs and Policies,Policy,"This project evaluated a state-sponsored college access program known as Advise Texas (Advise TX) run by the Texas Higher Education Coordinating Board (THECB). The primary goal of Advise TX is to provide a uniform and readily available college access program that will raise the rates of college enrollment and completion among low-income, first-generation-college, and underrepresented high school students in Texas."
R305E150005,Using Teacher Evaluation Data to Drive Instructional Improvement: Evidence from the Evaluation Partnership Program in Tennessee,Partnerships and Collaborations Focused on Problems of Practice or Policy,Evaluation of State and Local Education Programs and Policies,Policy,"Building on existing research collaborations between the Tennessee Department of Education (TDOE) and researchers at both Vanderbilt and Brown/Harvard Universities, researchers for this project will examine the implementation and impact of the Evaluation Partnership Program (EPP) on teacher and student outcomes. The EPP is a central component of the state's teacher evaluation system and its ongoing efforts to use the system to promote instructional improvement. Researchers will also focus on developing the research partnership to build on TDOE's capacity to use research to advance agency priorities and to conduct rigorous program evaluation and manage randomized interventions. In addition, the grant will build capacity among all partners to develop and sustain a research agenda that can provide rigorous and actionable evidence to inform state policy."
R305E150006,California's College and Career Readiness Standards in the Era of Common Core Assessments,Partnerships and Collaborations Focused on Problems of Practice or Policy,Evaluation of State and Local Education Programs and Policies,Policy,"In this project, researchers will describe and evaluate the impact of the revised California Early Assessment Program (EAP) that signals 11th grade students about their readiness to take postsecondary for-credit courses (based on their 11th grade state test scores in English and math) and provides advice on improving their readiness during 12th grade. In a previously funded IES study, researchers found that the Early Assessment Program had modest effects of college readiness for students attending the California State University system. The program has undergone two major changes justifying further evaluation. First, the program switched from voluntary to mandatory student participation. Second, California's adoption of the Common Core State Standards was followed by its adoption of the standards-aligned Smarter Balanced Summative Assessments (Smarter Balanced) in 2014-2015, which are now used to determine students' college readiness status."
R305E190002,An Evaluation of Turning Around North Carolina's Lowest Performing Schools: A State Partnership Evaluation,Partnerships and Collaborations Focused on Problems of Practice or Policy,Evaluation of State and Local Education Programs and Policies,Policy,"The research team investigated the implementation and impact of a school turnaround plan for low-performing schools in North Carolina. The plan, called the North Carolina Transformation (NCT) program, identified and targeted increasing each school's leadership and instructional capacities. Rather than the expected positive effects of NCT on student and teacher outcomes, their regression discontinuity study found that student achievement gains were lowered and that teacher turnover increased in the schools. The lowered NCT effectiveness appears to have been related to the timing of implementing the comprehensive needs assessment, reductions in services due to state budget cuts, and a theory of change that omitted several evidence-based practices."
R305H140028,Dual-Credit Courses and the Road to College: Experimental Evidence from Tennessee,Partnerships and Collaborations Focused on Problems of Practice or Policy,Evaluation of State and Local Education Programs and Policies,Policy,"This project team evaluated the impact of Tennessee's dual credit course for Advanced Algebra/Trigonometry on students' high school and college outcomes. Dual-credit courses are courses taken in high school that can provide college credit. These courses are designed to align high school and college curricula by providing college-level instruction within the familiar context of high school. Curricular alignment between high school and college may better prepare students by exposing them to the expectations, skills, and knowledge necessary to succeed in college."
R305H140045,An Evaluation of the Authentic Intellectual Work Initiative in Iowa,Partnerships and Collaborations Focused on Problems of Practice or Policy,Evaluation of State and Local Education Programs and Policies,Policy,"A significant concern among education stakeholders is that many U.S. high schools fall short in preparing students for successful transitions to adult life. The Common Core State Standards were designed to address these concerns by defining the knowledge and skills students need to succeed in entry-level college coursework and workforce training. Many states and school districts are seeking strategies to help teachers teach in ways that align with the Common Core State Standards and subsequently improve the college and career readiness of students. In this evaluation, researchers will study the effect of Iowa's Authentic Intellectual Work (AIW) initiative which is intended to provide students with opportunities to engage in the rigorous manipulation of knowledge through discussion, thinking, and writing – learning experiences that align with the Common Core State Standards."
R305H140065,Evaluating the Impact of CUNY Start through a Researcher (MDRC) – Local Education Agency (City University of New York) Partnership,Partnerships and Collaborations Focused on Problems of Practice or Policy,Evaluation of State and Local Education Programs and Policies,Policy,"Most community college students are referred to developmental education courses to build basic skills. Colleges have typically responded to the needs of students referred to developmental coursework by designing multi-level, non-credit course sequences in reading, English, and math. However, students often struggle in these courses and college more broadly. To help address the needs of incoming students, the City University of New York (CUNY) developed CUNY Start (CS), a multifaceted pre-matriculation program that provides intensive instruction in reading, writing, and math with a prescribed pedagogy delivered by trained teachers. CS is an ambitious initiative designed to help students with low basic skills levels succeed in college. Prior to this project there was no experimental evidence of CS's success. In this study, researchers found evidence of the estimated effect of CS on students' academic outcomes, how these effects vary by population and context, how the program is implemented, and its associated costs. These findings have helped CUNY refine its institutional strategy and contribute to the national discussion on how to increase the success rate of students who enter community college with substantial remedial needs."
R305H150027,Evaluating Maryland State Policies to Improve School Climate,Partnerships and Collaborations Focused on Problems of Practice or Policy,Evaluation of State and Local Education Programs and Policies,Policy,"In this project, researchers evaluated the impacts of Positive Behavioral Interventions and Supports (PBIS), a multi-tiered intervention to prevent student behavior problems and promote a positive school environment to support academic success. The Maryland State Department of Education has built the infrastructure for statewide implementation of PBIS through a long-standing partnership with Johns Hopkins University and Sheppard Pratt Health System. Maryland has provided training to almost 1000 schools on implementing the first tier (school-wide components) of PBIS, has mandated the implementation of PBIS (or an alternative program) in middle and high schools that exceed a truancy threshold, and has begun evaluating an enhanced version for high schools that improves tier 1 and includes tier 2 components (aimed at students who do not respond to the tier 1 components). The State is now in a position to learn whether its past efforts have led to beneficial student outcomes and to consider its plans for wider implementation and implementation of a more intensive version of PBIS."
R305H170006,An Evaluation of the New Graduation Requirements in Texas,Partnerships and Collaborations Focused on Problems of Practice or Policy,Evaluation of State and Local Education Programs and Policies,Policy,"This project is a partnership between the American Institutes of Research (AIR) and the Texas Education Agency (TEA) to investigate the impact of 2013 Texas House Bill 5 (HB 5) on student outcomes. With the enactment of HB 5, the state's previous high school graduation requirements, which included a requirement that all students complete Algebra II, were replaced with were replaced with the Foundation High School Program (FHSP), which gives students who want to go directly into career and technical fields the flexibility to take more classes focused on their interests. HB 5 also introduced career endorsements to high school diplomas that include a CTE pathway for completion. One concern with FHSP is that the elimination of the Algebra II requirement could make students less prepared for college. This partnership will examine the long-term impacts of HB 5 on college readiness, college enrollment, college persistence, and remedial mathematics course-taking. The project will also collect data to help TEA and policymakers in Texas understand how the implementation of FHSP in districts across Texas has evolved since the first year of implementation. Finally, the partnership will build TEA's capacity to conduct and oversee rigorous evaluations that meet What Works Clearinghouse (WWC) design standards and communicate findings to policymakers and the public."
R305H170042,Strengthening School Readiness through Pre-K for All: A University-District Partnership,Partnerships and Collaborations Focused on Problems of Practice or Policy,Evaluation of State and Local Education Programs and Policies,Policy,"In 2014, New York City's Department of Education (NYC DOE) launched PreK for All, a program to make high-quality pubic prekindergarten available to all 4-year olds in the city. NYC DOE assigns each prekindergarten site to one of four tracks, each with its own focus: (1) PreK Explore, which has a math focus; (2) PreK Thrive, which focuses on child behavior and family engagement; (3) PreK Create, which has an arts focus; and (4) PreK Inspire, which allows sites to choose their own focus. NYC DOE provides professional development and some curriculum and materials specific to the first three tracks, while the fourth track, Inspire, receives more general professional development. The project will evaluate student education outcomes within each of the first three tracks and the costs of each."
R305H170085,An Experimental Evaluation of Corequisite Developmental Education in Texas,Partnerships and Collaborations Focused on Problems of Practice or Policy,Evaluation of State and Local Education Programs and Policies,Policy,"The partnership assessed whether placing incoming college students testing near college-ready in writing into a corequisite model that paired a college-level English Composition I course with a concurrent developmental education support produced higher rates of college success than requiring these students to complete a developmental (remedial) Integrated Reading and Writing course prior to enrolling in credit-bearing courses. The evaluation responded to prior research evidence showing that many students required to complete developmental course sequences performed no better than similar students who did not take developmental courses. By implementing a randomized controlled trial (RCT) study design, the partnership determined whether the corequisite model is causally related to higher rates of course and degree completion for students at the margin of college readiness."
R305H190004,"Evaluating Michigan's Early Literacy Law: Impacts, Implementation and Improving State Capacity",Partnerships and Collaborations Focused on Problems of Practice or Policy,Evaluation of State and Local Education Programs and Policies,Policy,"The purpose of this project was to assess the implementation, impact, and cost of the Michigan ""Read by Grade 3"" law which is intended to increase early literacy outcomes for Michigan students."
R305H190035,The Consequences of High School Exit Examinations for Student Life Outcomes: Evidence from a Research-Practice Partnership in Massachusetts,Partnerships and Collaborations Focused on Problems of Practice or Policy,Evaluation of State and Local Education Programs and Policies,Policy,"The partnership team will evaluate Massachusetts' long-standing policy of requiring students to pass high school exit examinations (HSEE) in core subjects to earn a high school diploma. The team will generate robust causal evidence of the impact of Massachusetts exit examinations administered between 2002 and 2019 on long-term student outcomes including educational attainment, labor market earnings, and criminal justice involvement. During the state's transition to a new assessment (2020-2023), the team will track implementation and short-term student outcomes, to gauge the supports schools provide to help students pass the tests, and to identify any adverse impacts or shortcomings."
R305H190036,The Evaluation of Career and College Promise,Partnerships and Collaborations Focused on Problems of Practice or Policy,Evaluation of State and Local Education Programs and Policies,Policy,"In this project, the partnership will examine the implementation, impact, and cost of all components of Career and College Promise (CCP), a set of three structured dual enrollment pathways in North Carolina (College Transfer, Career and Technical Education, and Cooperative Innovative High Schools, which includes early colleges). The partnership will build the capacity of the participating state agencies to support a cross-sector research agenda; allow for an in-depth and comprehensive response to legislative mandates; and enable a thorough investigation of long-term outcomes of CPP, including postsecondary degree attainment, employment, and earnings. Studying the CCP program will also contribute to the broader research base on the implementation and impact of dual enrollment programs and pathways."
R305R220012,Harnessing Retrieval Practice to Enhance Learning in Diverse Domains,Research Grants Focused on Systematic Replication,NA,Policy,"Most students and instructors tend to think of testing only as a method of evaluating students' performance. However, a growing body of research demonstrates that the process of actively recalling information (e.g., by answering fill-in-the-blank questions on a test) can facilitate learning more effectively than other kinds of review. Moreover, several recent studies have shown that strategic use of testing can help students remember information longer. In this project, the research team is applying the principle of active recall of information to the design of software systems that guide students' study of written and visual information. They will experimentally test the potential effect of these software systems on student learning of social studies and geography in classroom settings.

In this project, the research team is applying the principle of active recall of information to the design of software systems that guide students' study of written and visual information. They will experimentally test the potential effect of these software systems on student learning of social studies and geography in classroom settings."
R324A090052,Responsiveness-To-Instruction to Strengthen the Academic Performance of Students with Reading and Math Disabilities,Special Education Research Grants,"Systems, Policy, and Finance",Policy,"The goal of this study was to evaluate the efficacy of integrated reading and mathematics instruction for students with or at risk for disabilities in both areas. The academic needs of students who have concurrent reading and math disabilities are not frequently addressed by practitioners or researchers. When they are addressed, an additive approach is frequently implemented. In this approach, reading interventions and math interventions are provided separately as if students had only a reading disability or only a math disability. This additive instructional approach can represent a major allocation of school resources and can consume a large portion of a student's instructional time. Preliminary evidence suggests that a systemic approach that integrates reading and math interventions may be more efficient and more effective. This study aimed to address this question. It planned to evaluate whether an intervention that integrates reading and math instruction is more effective than an additive intervention for preventing or mitigating disability among students with or at risk for disabilities in both reading and math."
R324A090104,Project ECRI: Enhancing Core Reading Instruction in First Grade,Special Education Research Grants,"Systems, Policy, and Finance",Policy,"Primary- and secondary- reading instruction that is part of a Response to Intervention model is often delivered through a core reading program. Implementation of core programs can vary widely among teachers, and poor implementation may weaken the potential of the program to improve student outcomes. In addition, the core program alone may not be sufficient for addressing all of the needs of students who require more intensive secondary intervention. For these students, practitioners may purchase accompanying materials that often do not align well with the core program. Given the variation in implementation and lack of alignment across instructional materials, intervention provided to students who require secondary intervention may not be optimally effective. The researchers at the University of Oregon have developed an enhanced Response to Intervention system, called Enhancing Core Reading Instruction in First Grade, to improve implementation of high quality instruction and align instruction and intervention materials. In this project, researchers are testing whether this system improves reading instruction, increases reading achievement, and prevents reading problems and the misidentification of students with specific learning disabilities."
R305T210046,Just Discipline and Effective Restorative Practices: Assessing the Potential of Design Innovations and Implementation Science as Catalysts for Sustainable School Transformation,Transformative Research in the Education Sciences,NA,Policy,"The purpose of this study is to test an innovative restorative practice model that uses a full-time restorative practitioner and youth leaders in the school to lead restorative method programming and to provide in-house training and expertise for teachers. Alternatives to exclusionary discipline like restorative practices are sorely needed in education, yet rigorous examinations of restorative practice effects have largely been inconclusive. Scholars and practitioners have noted that restorative practices often falter due to a lack of adequate staffing and training mechanisms, yet fully supported models have not been rigorously tested. The current study also advances the field by including a robust implementation study and a cost-benefit analysis, both of which will be the first of their kind in restorative practice research. Through these critical innovations, the current study holds transformative potential for school discipline reform by answering several vexing questions in the field related to viable alternatives to harmful exclusionary discipline."
R305S210005,A Study in Equity: Oregon's 9th Grade Transition,Using Longitudinal Data to Support State Policymaking,NA,Policy,"The project team will examine the implementation and impact of Oregon's On-Track to Graduation initiative. This initiative was implemented in 2016-2017 and provided funding for high school interventions, including a 9th grade dropout prevention program composed of data systems, awareness raising activities, and coaches."
R305S210008,The Distributional Effects of Secondary Career and Technical Educational (CTE) Programs on Postsecondary Educational and Employment Outcomes: An Evaluation of Delaware's CTE Programs of Study,Using Longitudinal Data to Support State Policymaking,NA,Policy,"The Delaware Department of Education and the University of Delaware will examine variability in participation rates among student subgroups in Delaware public high school CTE programs and link CTE high school participation to high school graduation, postsecondary enrollment, employment, and wages."
R305S210026,Understanding Pennsylvania's Educational Inequities in the time of COVID-19,Using Longitudinal Data to Support State Policymaking,NA,Policy,The Pennsylvania Department of Education (PDE) and Mathematica examined educational inequities in Pennsylvania that have occurred since the disruptions of COVID-19 and evaluated strategies to reduce those inequities.
R305S220003,Assessing the Long-Term Impacts of School Extension Programs on Student Re-Engagement and Learning Recovery,Using Longitudinal Data to Support State Policymaking,NA,Policy,"The purpose of this project is to examine the effects of the pandemic on educational outcomes in North Carolina and the impact of school extension programs on school re-engagement and academic recovery. Early evidence suggests that the pandemic had substantial negative impacts on student outcomes, with disproportionate impacts on historically marginalized groups. In North Carolina, the Office of Learning Recovery and Acceleration (OLR) is using federal funding to direct a set of school extension activities intended to promote academic recovery and close achievement gaps. This project will provide evidence to support decision making around the design and continuation of school extension activities and success in the use of these activities in closing achievement gaps created or widened by the pandemic."
R305A080066,Evaluation of the SOURCE Program: An Intervention to Promote College Application and Enrollment Among Urban Youth - Primary Outcomes,Education Research Grants,Postsecondary and Adult Education,Postsecondary,"College attendance rates among high school students differ by family income. One explanation offered for this difference is that students from low-income families lack information needed to successfully apply and enroll in college. The SOURCE mentoring program was created to provide college-eligible, low-income high school juniors with counseling, information, and oversight to aid their completion of the college application process. SOURCE mentors provide students with the practical knowledge needed to complete the college application process and to take advantage of existing resources, such as financial aid and scholarships for which they qualify. The purpose of this project is to test whether the SOURCE mentoring program improves college enrollment rates for low-income students. The project is an extension of the researchers' earlier implementation of this intervention."
R305A080096,Improving Postsecondary Preparation in Urban Public High Schools: An Evaluation of AVID in Chicago,Education Research Grants,Postsecondary and Adult Education,Postsecondary,"Racial/ethnic minority and low income students are much less likely to leave high school with the qualifications required for admission to four year college. This project will evaluate the efficacy of the Advancement Via Individual Determination (AVID) program. AVID targets high school freshman in the academic middle and seeks to prepare them for college by placing them in more rigorous academic courses, providing instruction in supportive skills (such as studying, organization, writing, and analytic skills), and providing information on the college application process and benefits of post-secondary education. AVID has been evaluated in schools that traditionally send a large percentage of their students on to college. This project focuses on AVID's impacts in urban high schools serving low income minority students that have historically had less success in fostering college attendance."
R305A090204,Simplification and Incentives: A Randomized Experiment for Increasing College Savings,Education Research Grants,Postsecondary and Adult Education,Postsecondary,"In acknowledgement of the growing importance of family savings in the face of rapidly increasing college costs, a major focus of recent federal and state financial aid policies has been to encourage families to save for themselves. However, few families actually utilize these plans to save for college, and little is known about why. The purpose of this research is to test several possible ways to influence participation in college savings plans and subsequent savings behavior."
R305A100066,Evaluating the Long-Term Effects and the Costs of Two Community College Interventions,Education Research Grants,Postsecondary and Adult Education,Postsecondary,"Community colleges serve as an important doorway to higher education for a growing number of minority and low-income students, working adults, parents, and first-generation college students. A large number of such students who enter with the goal of completing a college degree are not successful. To address this problem, a number of innovative programs have been developed to support entering community college students at-risk for dropping out. This project will evaluate the long-term educational effects of two promising community college programs operated as part of the Opening Doors Demonstration, an efficacy study of programs aimed to help community college students succeed. It will also estimate the costs of operating the programs in comparison to the usual college services."
R305A100120,"Evaluation of a Random Assignment Intervention to Improve College Choice Among High Achieving, Low Income Students",Education Research Grants,Postsecondary and Adult Education,Postsecondary,"Evidence suggests that low-income, high-achieving students are not as likely to attend selective colleges as their high-income, high-achieving peers. However, selective colleges have much greater resources per student than typical nonselective four-year colleges, including such resources as more faculty members per student, better trained faculty, and better campus facilities and services. This study evaluates the effects of four interventions designed to increase application to selective colleges by qualified low-income students through providing informational and financial supports."
R305A100369,Causes and Consequences of Public Subsidies in Higher Education: Evidence from Community College Districts,Education Research Grants,Postsecondary and Adult Education,Postsecondary,"Governments spend a great deal of money on across-the-board subsidies to promote college access. Despite the expensive nature of this intervention, little is known about its impact on academic outcomes and labor market success. This project is the first comprehensive study of a state system of community college taxing districts (i.e., districts that have a property tax designed to help fund community college education) on individual economic and societal well-being. It is designed to answer questions about the effects of community college tuition subsidies on college access, educational attainment and labor market outcomes. Answers to these questions will include students at different levels of ability, with different tuition costs based on whether they reside within the college-district boundary or not, and those from different racial/ethnic and socioeconomic backgrounds."
R305A100381,Evaluating the Effects of Basic Skills Mathematics Placement on Academic Outcomes of Community College Students,Education Research Grants,Postsecondary and Adult Education,Postsecondary,"Many community college students have basic skills needs substantially below the traditional college level. Every year, more than 50 percent of the students in the Los Angeles Community College District are placed into basic skills mathematics courses. These students must extend their community college careers by a considerable time and their institutions devote significant resources to basic skills rather than college-level instruction. This study will evaluate the effectiveness of basic math skills education on the course-taking patterns of community college transfer students. This study will contribute to the literature by rigorously evaluating the effect of assignment into different levels of math courses. Results will provide insights for district and state decision makers that could result in significant cost savings based on the effect of remedial placement on successful course sequences."
R305A100625,"The Efficacy of Personal Response Systems (Clickers) as Learning Tools: A Multidisciplinary, Large-Scale, Empirical Evaluation",Education Research Grants,Postsecondary and Adult Education,Postsecondary,"A Personal Response System (PRS, also known as ""Clickers"") is a widely used classroom technology that allows instructors to present multiple-choice questions in any classroom equipped with digital projection. Students purchase a remote response devise that allows them to ""click in"" responses, which are recorded by a receiver that is connected to a computer. PRS is widely used in colleges and universities but surprisingly few studies have been conducted on PRS-assisted learning outcomes. Previous studies have not systematically investigated the impact of PRS use on student outcomes or the mechanisms through which PRS may increase learning. This project will study the impact of PRS use on students' ability to answer both factual and conceptual exam questions. It explores the cognition underlying PRS to determine whether its effects are due to real cognitive change (i.e., strengthening or restructuring of memory) or to merely drawing students' attention and study efforts to important material."
R305A100971,Ready or Not? California's Early Assessment Program and the Transition to College,Education Research Grants,Postsecondary and Adult Education,Postsecondary,"Despite the pressing need to ensure that more students obtain a postsecondary degree, little is known about the aspects of specific program components that lead to college readiness and degree completion. This study investigates the efficacy of a fully-developed state program intended to better support the transition from high school to postsecondary schooling by reducing the need for remedial courses in college- California's Early Assessment Program (EAP). Two potential mechanisms by which EAP may work will be explored: sorting, in which EAP influences students' decisions about whether or not to apply to a California State University campus; and course taking, in which EAP may affect the courses students choose to take during their senior year of high school. The impact of EAP for students from varying backgrounds and school contexts will also be explored."
R305A110085,Follow-Up to the Study of the Efficacy of North Carolina's Early College High School Model,Education Research Grants,Postsecondary and Adult Education,Postsecondary,"This project will carry out a follow-up of students already taking part in an evaluation of North Carolina's Early College High School program. Early College High Schools are intended to increase the number of students graduating from high school who are prepared for and who enroll in postsecondary education. In this follow-up study of an earlier IES grant that found significant initial impacts on 9th and 10th graders, impacts will be estimated for longer-term outcomes including success in college preparatory courses, high school graduation, college credit attainment during high school, and enrollment and persistence in postsecondary education."
R305A110112,Evaluating the Success of Undergraduates in the U-Pace Intervention to Improve Academic Achievement for All Postsecondary Education Students,Education Research Grants,Postsecondary and Adult Education,Postsecondary,"The University of Wisconsin at Milwaukee has developed an instructional approach, known as U-PACE, for its introductory psychology course that combines self-paced online learning with mastery learning and amplified assistance (in which the instructor initiates support to student on both course material and to increase student motivation). The goal of this instructional approach is to improve student achievement in these courses and increase student retention. This project will evaluate U-PACE through experiments carried out in introductory courses within psychology, sociology, and political science."
R305A110204,Performance-Based Scholarship Demonstration — An Alternative Financial Aid Program to Incentivize Academic Success,Education Research Grants,Postsecondary and Adult Education,Postsecondary,"The project will extend an ongoing randomized control trial, known as the Performance-Based Scholarship (PBS) Demonstration that is evaluating the impacts of incentive scholarships on postsecondary outcomes for low-income college students. The PBS Demonstration began in 2008 and has recruited over 10,000 students across four states. Funded by other sources, the PBS Demonstration tracks college students' academic outcomes for up to two years after random assignment. This project will further examine two years of outcome data for students who took part in the demonstration in three of the states."
R305A110609,State Merit Aid Program and Student College Choice and Success: Evaluating the Efficacy of Florida's Bright Futures Program,Education Research Grants,Postsecondary and Adult Education,Postsecondary,"In this study, the researchers will evaluate the effects of Florida's Bright Futures Scholarship program, a merit aid program, on: (1) college enrollment and degree production in the state and its different postsecondary institution types, and (2) students' college choice, persistence, and degree completion."
R305A110809,Promoting College Enrollment among Disadvantaged Students: A Randomized Controlled Trial of Two Low-Cost Interventions,Education Research Grants,Postsecondary and Adult Education,Postsecondary,"The research team will test the efficacy of V-SOURCE (Virtual Student Outreach for College Enrollment), a 15-month program designed to increase college access among academically eligible, disadvantaged high school students by providing support for the college application process. The project will also test the efficacy of a less intensive variant of the program, Milestones, which focuses on getting students to complete key college-application milestones using automated reminders and incentives. Both programs are based on an earlier program known as SOURCE that used one-on-one mentoring to support students as they applied for college and was tested in a prior randomized control trial."
R305A130125,Using Computer-Assisted Instruction to Accelerate Students through Developmental Math: An Impact Study of Modularization and Compression,Education Research Grants,Postsecondary and Adult Education,Postsecondary,"In this project, researchers examined two distinct interventions for Texas community college students who were referred to non-credit remedial math. At the time of this study, the majority of entering community college students were referred to developmental (or remedial) math, and success rates in the developmental math course sequence and college more broadly were discouraging. The first intervention the researchers examined was called ModMath, a modularized course using computer-assisted instruction. ModMath allowed students to move at their own pace through the math curriculum. The second intervention was a state-wide course-placement policy that routed students who score very low on a placement test into adult basic education (ABE) services at the community college rather than the lowest level of developmental math. Over the course of this project, researchers studied the implementation of these approaches and gathered data to provide evidence about their impact on student outcomes such as academic progress as measured by completing developmental math, credit attainment, and passing the first college-level math course."
R305A140121,Digital Messaging to Improve College Enrollment and Success,Education Research Grants,Postsecondary and Adult Education,Postsecondary,"This project will assess the efficacy of an intervention that provides high quality college-going information as well as informational counseling to low-income students when they are applying to, enrolling in, and entering college. Because low-income students often come from families with limited college experience, and may not receive adequate information about college from their high schools, the college application process can pose a substantial barrier to enrolling in college. The intervention combines a text messaging campaign that will provide timely, accurate and digestible information with phone-based counseling to low-income students. The goal of this project is to assess whether two text-messaging campaigns, a national campaign and a Texas-based campaign, can increase the percentages of low-income students applying to, enrolling in, and persisting in college."
R305A140340,Khan Academy Resources for Maximizing Mathematics Achievement: A Postsecondary Mathematics Efficacy Study,Education Research Grants,Postsecondary and Adult Education,Postsecondary,"This project tested if and how using Khan Academy web-based activities in regular classroom instruction improved community college student learning of algebra. Many students arrive at community college needing opportunities to learn or strengthen mathematics skills in order to complete a college-level mathematics class. To increase student success, some community colleges have turned to Khan Academy's free, online, mathematics resources for students and instructors. This project investigated the impact on student success of class use of Khan Academy's Algebra Basics Mission. The Mission included instructional supports like mind-set lessons, demonstration videos, as well as mathematics problems for students to complete with immediate feedback on answers; the Mission adaptively selected problems to offer to students based on student strengths and errors."
R305A150207,Improving the Educational and Social Emotional Functioning of College Students with ADHD,Education Research Grants,Postsecondary and Adult Education,Postsecondary,"The purpose of this project was to evaluate a psychosocial intervention-Accessing Campus Connections and Empowering Student Success (ACCESS)-for postsecondary students with attention deficit hyperactivity disorder (ADHD). Many postsecondary institutions provide campus support services (e.g., disability accommodations) to help students with ADHD because these students are more likely to struggle and to drop out than students without ADHD. Because such campus support services often times do not address the full range of difficulties displayed by college students with ADHD, there is much need for the development of additional evidence-based treatment services for this population. ACCESS was developed to help fill this gap, by giving college students with ADHD the knowledge and skills necessary for self-regulating behaviors, thoughts, and emotions that affect academic success. Building on preliminary research suggesting that ACCESS has a positive impact on student functioning, the current study sought to examine its efficacy in a more rigorous experimental research design, using a randomized controlled trial format. Findings from the current study revealed improvements in ADHD symptoms, executive functioning, academic study skills, use of disability service accommodations, daily-life performance, and general personal well-being. Together, such results lend strong support to the efficacy of ACCESS as a campus-based intervention for college students with ADHD."
R305A160140,AIR Early College Follow-Up Efficacy Study,Education Research Grants,Postsecondary and Adult Education,Postsecondary,"In this project, researchers assessed whether early college high schools (ECHS), as implemented under routine conditions in five states, produced significant gains in postsecondary outcomes for students who attended them, compared to students that attended other district high schools. This is a follow-up to a previous American Institutes for Research (AIR) efficacy study that followed students for a minimum of two and a maximum of four years after high school, depending on the year in which they entered high school. The previous study found that students offered enrollment in an ECHS were more likely to graduate from high school, more likely to enroll in college, and more likely to earn a postsecondary degree than comparable students not offered ECHS enrollment. This follow-up study captured a more complete picture of postsecondary attainment by following students for a minimum of six years after expected high school graduation. Due to randomization of students to the early colleges, this study produced strong causal evidence on the impact of the ECHS model on college enrollment and degree attainment. Findings from this study may be of interest to policymakers in districts across the country, especially those currently operating, expanding, or considering the ECHS model."
R305A160166,Evaluation of Florida's Developmental Education Redesign,Education Research Grants,Postsecondary and Adult Education,Postsecondary,"The research team for this project will take a broad, mixed-methods approach to assessing the effects of a new law passed by the Florida legislature in 2013. The law (Senate Bill 1720) makes developmental education optional for most Florida college students and mandates a set of changes to how Florida colleges deliver developmental courses and provide supports to students. Features of the law, including innovative methods for delivering developmental courses and the emphasis on providing students with more access to advising and academic support, reflect ideas developed by postsecondary researchers during the last decade. Findings from the research will be of interest to legislators and policymakers in other states that are either considering or currently in the process of substantial reforms to their developmental education systems."
R305A160242,Supporting Strategic Writers: Effects of an Innovative Developmental Writing Program on Writing and Reading Outcomes,Education Research Grants,Postsecondary and Adult Education,Postsecondary,"Many community college students must take non-credit developmental courses in writing to improve their basic writing skills, but little research has focused on instructional interventions designed for developmental writing. The purpose of this project was to test the efficacy of such an intervention that was developed and evaluated in a previous IES-funded grant (R305A100614). A quasi-experimental study (MacArthur et al., 2015) in the prior grant found improved outcomes in writing quality and motivation, including self-efficacy. The current study aimed to further evaluate the intervention using a larger, more diverse sample and more rigorous research design. The overall goal of the research was to provide an evidence-based curriculum to build writing skills in college developmental writing courses and, thus, improve students' chances for successfully completing college."
R305A160273,Assessing the Long-Term Efficacy and Costs of the City University of New York's (CUNY'S) Accelerated Study in Associate Programs (ASAP),Education Research Grants,Postsecondary and Adult Education,Postsecondary,"In this project, the research team will assess whether the City University of New York's (CUNY's) Accelerated Study in Associate Programs (ASAP) intervention causes more college students to complete degrees, measured at seven years after initial college enrollment. This is a follow-up study to a previous efficacy study conducted by MDRC and funded by the New York City Center for Economic Opportunity. Because the ASAP intervention includes a comprehensive set of supports over a long (three-year) period, researchers expect it to exert positive impacts on student outcomes past the period of the initial efficacy trial. The previous study found that students randomly assigned to the ASAP program attained significantly more credits and were almost twice as likely to complete a degree after three years, compared to students in the control group. Because many students had completed enough credits to put them close to graduation, or had recently transferred to a 4-year institution, this research project is needed to assess students' accomplishments in the ASAP program given a longer time frame, and how these accomplishments compare to students receiving the standard set of supports available to them at CUNY campuses. If this evaluation finds ASAP effective, other college systems may be interested in implementing similar programs."
R305A160388,Could Connecting Students with Financial Aid Lead to Better College Outcomes? A Proposal to Test the Effectiveness of FAFSA Interventions Using the NPSAS Sample,Education Research Grants,Postsecondary and Adult Education,Postsecondary,"In this project, researchers investigate whether an intervention that provides financial aid information to college students increases receipt of financial aid, enrollment on a full-time (versus part-time) basis, persistence from semester to semester, and degree completion. If proven beneficial, the intervention could be widely replicated based on information that is already available in federal and institutional databases. The goal of the intervention is to alter students' perceptions of the costs and benefits of college, and in particular, reducing the short-term costs of attendance by increasing financial aid receipt. Results of this intervention will interest policymakers at the institution and system levels."
R305A160400,Financial Aid Nudges: A National Experiment to Increase Retention of Financial Aid and College Persistence,Education Research Grants,Postsecondary and Adult Education,Postsecondary,"In this project, researchers investigate whether an intervention that provides financial aid information, reminders, and advising to college students increases completion of the Free Application for Federal Student Aid (FAFSA) and compliance with the Satisfactory Academic Progress (SAP) requirements of the Pell grant program. The research team will convey information, reminders, and offers of additional assistance to students via text message. The intervention is expected to work by making students aware of crucial financial aid and SAP requirements, along with the financial benefits of complying with these requirements. First-generation students with less access to college-going information, as well as students who are working or have dependents, are expected to benefit the most from the intervention, as a consequence of substantial increases in their knowledge of requirements and/or re-shaping of their immediate priorities. If proven beneficial, the intervention could be replicated as a cost-effective strategy for institutions and state systems to transmit crucial policy information from administrators to students, and to provide personalized advising for students who need it."
R305A170160,"It's Worth It! Securing Persistence, Performance and Progress within Postsecondary Gateway Science Courses through Utility Value Interventions",Education Research Grants,Postsecondary and Adult Education,Postsecondary,"Postsecondary students in gateway physics and chemistry may struggle to succeed in their courses and persist in their majors for reasons beyond just the difficulty of the subject matter. Previous research with postsecondary biology students found that helping students see the utility of their studies increased their persistence, leading to better academic outcomes. The purpose of this study was to replicate and extend that work, focusing on physics and chemistry students. Additionally, the study aimed to assess whether the approach proved beneficial for first-generation college-going, underrepresented minorities, and female students."
R305A170498,"Assessing the Implementation, Impact & Variation of CTE Innovation: NYC as a Lab for Rigorous CTE Research",Education Research Grants,Career and Technical Education,Postsecondary,"In this project, researchers will estimate the causal impact of New York City's (NYC) Career Technical Education (CTE) programs on students' career and work-related learning experiences, social and behavioral competencies, high school diploma receipt, and transitions to college and the labor market. The study will examine variation across more than 200 of NYC's CTE programs to identify malleable factors that are associated with impacts. Despite the proliferation of CTE programs, only a few studies can make causal claims about the impact of CTE participation on student outcomes. Findings from this study will inform CTE policy and practice for New York City, New York State, the federal government, and other states about the direction and evolution of urban educational reforms focused on leveraging CTE as a mechanism to improve college and career readiness while aligning with labor market needs."
R305A180227,Evaluating Incentives for Full-time Enrollment at California Community Colleges,Education Research Grants,Postsecondary and Adult Education,Postsecondary,"Researchers will assess the efficacy of a California financial aid program to provide additional financial aid to community college students that is intended to encourage full-time enrollment and timely degree completion. Although most community college credential and degree programs require a maximum of two years of coursework, students often take almost twice that long to complete their programs. Moreover, a significant proportion of students who enroll in community college never complete a credential or transfer to a university. Thus, understanding what interventions are effective at reducing time-to-degree and completion rates among community students is important for policymakers. Relatively little is known about the role that financial aid can play in facilitating degree completion and timely degree completion. Researchers exploit a series of significant increases in aid available to CCC students already receiving a Cal Grant B award beginning in the 2017-18 academic year, to estimate the impact of additional financial aid on community college students' academic progress and success. In addition, researchers are surveying students and college administrators to understand how students are making use of the additional aid."
R305A180377,Efficacy of Viridis Learning Tool: A Technology-Based Approach to Advising and Job Matching,Education Research Grants,Postsecondary and Adult Education,Postsecondary,"The purpose of this project is to assess the efficacy of the Viridis tool, a multi-platform software application designed to facilitate credential completion and subsequent job placement for community college students enrolled in one-year occupational certificate programs. Although significant increases in wages and job quality are associated with certificate completion, many students do not complete a credential of any kind before exiting community college. Unfinished occupational credentials result in failed investments for students and colleges as well as unfilled jobs in high-demand occupations. Also, community college students often lack relationships with family members, peers, or college advisors that can help them navigate their program of study. The Viridis tool aims to meet students' needs for relevant guidance by providing a direct digital link to their advisors and substantially increasing their advisors' access to real-time information about their academic progress."
R305A200101,Connecting Community College Students to Public and Community Resources: An Experimental Evaluation of Single Stop,Education Research Grants,Postsecondary and Adult Education,Postsecondary,"Studies indicate that many college students face major issues with financial and basic needs insecurity. Colleges are increasingly looking for ways to help students to address the life challenges they face that act as barriers to successful degree and certificate completion. The purpose of this study is to evaluate the implementation, impact, and costs of a widely used intervention designed to support such students called Single Stop."
R305A200307,Choice and Information: The Impact of Technology-Based Career Advising Tools on High School Students' CTE Choices and Academic Performance,Education Research Grants,Career and Technical Education,Postsecondary,"The purpose of the study is to rigorously test two popular and widely used technology-based career advising tools for secondary school students. These tools provide attractive options for schools, which often lack capacity to increase depth or breath of current career and technical education (CTE) and career counseling services, even as the current Perkins V policy environment seeks to strengthen and increase CTE choices for students. However, despite the popularity and widespread use of these kinds of tools across many schools and districts, there is limited evidence of their efficacy for helping students identify careers of interest, make CTE choices, or pursue CTE opportunities in high school. This project aims to rigorously test two examples of these tools (Xello and YouScience) to understand whether and how they influence student thinking about career options, choice of relevant CTE coursework and work-based learning options, and decisions about CTE concentration in available pathways and programs of study."
R305A210269,"Examining the Efficacy, Predictive Power, and Cost Effectiveness of the Diagnostic Assessment and Achievement of College Skills",Education Research Grants,Postsecondary and Adult Education,Postsecondary,"The purpose of this efficacy study is to determine the impact of the Diagnostic Assessment and Achievement of College Skills (DAACS) on postsecondary students' outcomes and the generalizability of any effects across different types of postsecondary institutions. DAACS is a fully developed suite of free, open-source, online diagnostic assessments of reading, writing, mathematics, and self-regulated learning. Students and advisors use these resources to support newly enrolled students in making successful transitions to college. A previous evaluation of DAACS found that, although there were null effects on on-time progress and credit acquisition overall, students who used DAACS feedback showed significant gains in completing their first 6 months of coursework and were more successful in earning credits than students who only completed the assessment. This previous research led to revisions to DAACS, including student nudges and an advisor dashboard. This current project will examine the impact of the revised DAACS in a variety of postsecondary settings (completely online, brick-and-mortar, blended) with both traditional and non-traditional students."
R305A210276,Scaling Up College Completion Efforts for Student Success (SUCCESS): A Multisite Randomized Controlled Trial,Education Research Grants,Postsecondary and Adult Education,Postsecondary,"This project will evaluate the SUCCESS intervention, which provides evidence-based, mutually reinforcing support services to help community college students stay on track through graduation at an affordable cost for colleges. The intervention design seeks to address two problems that have emerged in the postsecondary research literature: (1) very few interventions have causal evidence of substantially increasing graduation rates at community colleges; and (2) the few interventions with such causal evidence tend to be comprehensive, and expensive. These problems limit widespread adoption and sustainability of completion-increasing interventions.

The project will evaluate SUCCESS's effectiveness overall, for students that entered the program during the COVID-19 pandemic, and for cohorts that enter the program after the COVID-19 pandemic. Researchers will also assess the intervention's effectiveness for relevant subpopulations of students, variation in its impact across colleges, and measure its implementation, including fidelity and service contrast, and cost, including cost-effectiveness and revenue generated."
R305A210286,"The Implementation, Impact, and Cost-Effectiveness of Developmental Education Curricular Reform in California Community Colleges",Education Research Grants,Postsecondary and Adult Education,Postsecondary,"This project will examine the effectiveness of sweeping developmental education (DE) reforms implemented across California community colleges, given increasing evidence that traditional DE harms students' chances of completing a credential, contributes to racial/ethnic gaps in completion, and represents a significant investment on the part of colleges and families. California's systemwide DE curricular reforms include revising placement criteria for introductory transfer-level math and English courses and providing cocurricular supports to maximize students' probability of success. The research will analyze the impact of these reforms on student outcomes, and the costs of implementing these reforms. Similar reforms are being implemented in states, systems, and institutions across the country, but the field still lacks evidence about which reforms are most effective and for which student subpopulations. This project will answer the need for more detailed research on developmental education reform."
R305X220016,Evidence to Inform Improvement: Supporting California Community Colleges in Pandemic Recovery,Improving Pandemic Recovery Efforts in Education Agencies,Community College Recovery Research Network,Postsecondary,"The purpose of this Network project is to assess pandemic recovery efforts undertaken by the California Community Colleges (CCC) through a set of research and dissemination activities aiming to: (1) determine what recovery activities CCC have engaged in, and how supplemental federal, state, and philanthropic dollars were spent in those efforts; (2) examine which of these recovery activities have contributed to improving student outcomes; and (3) engage community college leaders and state policymakers on best practices for improving student outcomes post-pandemic. Enrollments at CCCs have declined by 14 percent since 2019, leading to concerns about whether and how students may return to their intended degree paths. Using substantial resources from federal, state, and philanthropic entities, CCCs have engaged in a host of recovery efforts to address continuing declines in enrollment and to support student persistence and degree attainment. To date, there has been no formal investigation to understand whether and which of these recovery efforts have been effective in addressing the reengagement of community college students, their performance, persistence, and completion. This project will address this need through a combination of descriptive and exploratory research carried out in partnership with the CCC."
R305X220018,Leveraging Technology and Engaging Students: Evaluating Covid-19 Recovery Efforts in the Los Angeles Community College District,Improving Pandemic Recovery Efforts in Education Agencies,Community College Recovery Research Network,Postsecondary,"The purpose of this Network project is to explore and evaluate the effects and impacts of online and hybrid course modalities on psychosocial and academic outcomes for Los Angeles Community College District (LACCD) students and to develop supports for modalities that improve academic outcomes. At the onset of the COVID-19 pandemic from Fall 2019 to Fall 2020 enrollment in the nine colleges in LACCD fell by 30%, jeopardizing the progress of reform efforts that had helped to produce an increase in the completion rate from 16% to 26% over the previous decade. In response, LACCD invested heavily in improving the quality of its remote and hybrid course offerings. LACCD plans to build on these investments as part of a longer-term shift in its course offerings designed to increase scheduling options, promote student engagement, and improve student outcomes. This project seeks to understand the innovations that LACCD has implemented to date, which students are accessing them, what effects they are having on students' academic progress, and to use the research findings to inform LACCD's reform efforts."
R324A100166,My Life: Evaluation of Self-Determination Enhancement for Transitioning Students in Special Education and Foster Care,Special Education Research Grants,"Transition to Postsecondary Education, Career, and/or Independent Living",Postsecondary,"Enhanced self-determination has been shown to be associated with transition success for students with disabilities. Self-determination may be even more important for students with disabilities in foster care settings who are transitioning into adulthood. Although interventions have been developed to address self-determination among students with disabilities, there is a lack of empirical evidence to conclude that such interventions directly lead to better transition outcomes such as employment and educational achievement.

The purpose of this project is to determine the efficacy of the My Life intervention for improving self-determination, academic achievement, quality of life, employment, and independent living outcomes. The program has been developed to target self-determination among students with disabilities and has shown promise in two randomized studies for improving transition outcomes. Of particular interest in this study is how the My Life program functions for foster students, who often face a difficult transition as they age out of foster care and into adulthood."
R324A100391,Peer Support and Peer Network Interventions to Improve Peer Relationships and School Engagement,Special Education Research Grants,"Transition to Postsecondary Education, Career, and/or Independent Living",Postsecondary,"Secondary students with severe intellectual disabilities often have difficulty gaining access to the social and academic experiences that can better equip them for life after high school. Current research suggests that social interactions between students with intellectual disabilities and their peers without disabilities may promote academic, functional, and social skill development, improve social competence and friendship development, and improve quality of life. Despite the adoption of more inclusive service delivery models to promote social interaction, these efforts have not been informed by empirically validated strategies. Therefore students' inclusive experiences are often marked by social isolation and limited engagement; opportunities for meaningful peer interactions are often elusive for students with disabilities. The purpose of this project is to evaluate the efficacy of two peer interaction interventions (peer network and peer support) for improving outcomes for students with severe intellectual disabilities."
R324A110018,A Study of the Effects of a Three-Tier Model of Interagency Collaboration on Transition Outcomes for Students with Disabilities,Special Education Research Grants,"Transition to Postsecondary Education, Career, and/or Independent Living",Postsecondary,"Although post-school outcomes for students with disabilities have improved in the past 10 years, students with disabilities still consistently experience poor outcomes in the areas of education, employment, and independent living when compared to their peers without disabilities. To improve transition outcomes, the researchers will examine the efficacy of a three-tier model of interagency collaboration, called the Communicating Interagency Relationships and Collaborative Linkages for Exceptional Students (CIRCLES), on transition outcomes for students with disabilities. They will provide empirical information about the CIRCLES intervention as compared to the business-as-usual services provided to students with disabilities."
R324A120260,On the Way Home: Promoting Transition Outcomes in Youth with EBD or LD—An Efficacy and Replication Study,Special Education Research Grants,"Transition to Postsecondary Education, Career, and/or Independent Living",Postsecondary,"For the nearly half-million children and youth served in out-of-home care, reintegrating into the home and school settings following out-of-home placements presents many challenges. These challenges are even greater for the estimated 30 to 85 percent who are also diagnosed with a disability. Coupled with the risks common to this population (e.g., poverty, psychological distress, limited parent involvement and educational support), it is no surprise that the problems faced by these youth during the transition are considerable and too often result in school dropout, academic failure, and reentry into out-of-home care.

This project will investigate the efficacy of On the Way Home, an aftercare program for youth with emotional and behavioral disorders (EBD) or learning disabilities (LD) who transition into the home, school, and community settings following a stay in out-of-home care. This project has three primary aims. First, the research team will test the effects of On the Way Home on parent self-efficacy and empowerment and on the school success of transitioning students with EBD or LD. Second, the team will test the effects of On the Way Home on school and placement stability and the academic and behavioral functioning of students with EBD or LD. Possible mediators of these effects will be examined, including intervention-induced changes in parent self-efficacy and empowerment, student school success, and therapeutic alliance. Third, the team will assess the impact of participant characteristics and implementation of the On the Way Home intervention on the proximal (i.e., post-test) and distal (i.e., 9-month follow-up) outcomes of students with EBD or LD and their parents or caregivers."
R324A150138,READY for WAGES: Research on Employment of Adjudicated Youth through Working at Gaining Employment Social Skills Curriculum,Special Education Research Grants,"Transition to Postsecondary Education, Career, and/or Independent Living",Postsecondary,"This project assessed the efficacy of Research on Employment of Adjudicated Youth through Working at Gaining Employment Social Skills Curriculum (READY for WAGES), a research-based social skills curriculum developed through a previous IES grant, among incarcerated justice-involved youth with disabilities in long-term facilities. Adolescents with disabilities are over-represented in the juvenile justice system, and justice-involved youth with disabilities are even more at risk for poor outcomes related to sustained employment than their peers. In addition, justice-involved youth are costly to our society, in legal and incarceration costs as well as victims' personal costs. Reducing recidivism rates can reduce these costs. Interventions are needed to target employment-related skills for justice-involved youth, in particular those with disabilities, as they exit youth correctional facilities. Therefore, the goal of this study was to establish the efficacy of READY for WAGES for improving employment-related skills and outcomes for incarcerated justice-involved youth with disabilities in long-term facilities."
R324A170008,The Self-Determined Learning Model of Instruction: Examining the Impact of Implementation Supports on Teacher and Student Outcomes,Special Education Research Grants,"Transition to Postsecondary Education, Career, and/or Independent Living",Postsecondary,"This study will test the efficacy of varied levels of support for teachers implementing the Self-Determined Learning Model of Instruction (SDLMI). SDLMI is a research-based program designed to promote positive transition outcomes for high school students with disabilities. Previous research indicates that students whose teachers participate in professional development (PD) around SDLMI experience improved access to the general education curriculum and self-determination outcomes (e.g., increased decision-making and goal-setting skills). However, little is known about the additive value of intensifying teacher support to best promote teacher knowledge, skill, and the use of SDLMI. The current project will address this gap by evaluating the effect of various levels of SDLMI implementation support (i.e., no support, online support, and online and coaching support) received following the standard SDLMI PD, on teachers' knowledge, skills, and implementation of SDLMI and students' self-determination, access to the general education curriculum, and academic outcomes."
R324A170148,Paths 2 the Future: Testing the Efficacy of a Career Development Intervention for High School Girls with Disabilities,Special Education Research Grants,"Transition to Postsecondary Education, Career, and/or Independent Living",Postsecondary,"The purpose of this efficacy project is to determine whether the Paths 2 the Future (P2F) curriculum intervention produces a beneficial effect on education and career outcomes for high school girls with high-incidence disabilities. P2F is a fully developed, gender-specific career development intervention that was developed and pilot tested through previous IES funding. High school girls with disabilities face unique challenges in gaining employment, accessing postsecondary education, living independently, and fully participating in their communities. More research-based interventions are needed to address these barriers and improve post-school outcomes for this population."
R324S060043,Project Success: Improving the Educational Outcomes of Youth with Disabilities in Foster Care,Special Education Research Grants,"Transition to Postsecondary Education, Career, and/or Independent Living",Postsecondary,"The purpose of Project Success is to implement the TAKE CHARGE model for enhancing the self-determination of foster youth with disabilities and to systematically evaluate the efficacy of the model in improving educational outcomes. Statistics reveal that approximately 40% of foster care youth have a disability, and that youth in foster care are three times more likely to be referred for special education services. Educators are frequently unaware of the unique issues facing special education students in foster care, and similarly, the disability status/special education needs of foster youth are unknown within the child welfare system. Furthermore, research has confirmed that foster youth with disabilities lag behind their peers in school, are suffering educationally, and are at significant risk for academic failure."
R324A220161,Effects of CIRCLES on the Provision of Transition Services and Resulting Transition Outcomes for Students with Disabilities,NA,NA,Postsecondary,"The purpose of this project is to evaluate the efficacy of the Communicating Interagency Relationships and Collaborative Linkages for Exceptional Students (CIRCLES) intervention for improving student, teacher, and community agency personnel outcomes. Research indicates that interagency collaboration models are needed to address gaps in the services provided to students with disabilities to ensure a successful transition from high school.The CIRCLES intervention aims to increase positive transition outcomes—student self-determination, knowledge and perspectives of the transition planning process, and secondary and postsecondary engagement—for students with disabilities by improving the interagency collaboration among teachers and community agency personnel. Improving upon the research design of a prior investigation of CIRLCES, the proposed study will use a cluster randomized trial to generate robust evidence of the intervention's impact on proximal student, teacher, and community agency personnel outcomes and distal student outcomes."
R305A070324,"Efficacy of Sound Partners Supplemental Tutoring for ELL Students, Grades K-1",Education Research Grants,Literacy,Reading/Writing/Literacy,"One of the greatest challenges facing U.S. public schools today is to ensure that increasingly large numbers of English language learners become proficient readers. English language learners are the fastest growing population in U.S. schools, increasing 65 percent since 1994. In urban schools, English language learners account for 21 percent of students. To date, little research has been conducted to rigorously evaluate the effects of curricula intended to improve reading instruction for students who are also learning English.

The purpose of this study is to examine the efficacy of Sound Partners, a fully developed code-oriented supplemental reading intervention that is designed to be implemented by para-educators. Sound Partners is a published program that has been used with students at risk for reading disabilities. In this study, the research team is evaluating the effects of the program for improving reading outcomes for children in kindergarten and first grade who are English language learners."
R305A080133,"Efficacy and Replication Research on the Intelligent Tutoring System for the Structure Strategy—Rural and Suburban Schools Grades 4, 5, 7, and 8",Education Research Grants,Literacy,Reading/Writing/Literacy,"Understanding and remembering what you read is a very important skill, but one that troubles both young and old. The structure strategy is a way of studying a wide variety of reading materials, including textbooks, newspaper articles, and magazine stories. Many careful studies have shown that this strategy helps readers of all ages improve their reading comprehension. The web-based Intelligent Tutoring System for the Structure Strategy (ITSS) has shown positive outcomes in experimental studies where fifth and seventh grade students from suburban schools learned and used the structure strategy. The purpose of this study is to evaluate a program in which ITSS provides elementary and middle school students with instruction about how to use this reading strategy."
R305A080196,Efficacy of Earobics Step I in English Language Learners and Low SES Minority Children,Education Research Grants,Cognition and Student Learning,Reading/Writing/Literacy,"Research demonstrates that high quality classroom instruction and supplemental interventions can help close the achievement gaps between typically developing children and those at risk for reading failure because of low levels of initial literacy, socioeconomic disadvantage, and learning English as a second language. Significantly, the best predictors of children's responses to classroom instruction and compensatory intervention tend to be the extent of their literacy and preliteracy skills before instruction begins. These effects of early literacy skills on later reading achievement highlight the need for early intervention. Earobics Step 1 is a widely used computer-based instructional literacy tutor that teaches phonological awareness, short-tem memory, sound discrimination, and letter-sound correspondence to children ages of 4 to 7. The purpose of this project is to test the efficacy of standard implementation of Earobics Step 1 in separate samples of low SES minority children and low SES English-language learners, and to compare the efficacy of standard implementation of this program to theoretically motivated variations in the program's phonological awareness instructional sequencing.

The purpose of this project is to test the efficacy of standard implementation of Earobics Step 1 and to compare the efficacy of standard implementation of this program to theoretically motivated variations in the program's instructional sequencing."
R305A080347,Mindful Instruction of Nonmainstream Children,Education Research Grants,Cognition and Student Learning,Reading/Writing/Literacy,"This project will test the efficacy of a fully developed intervention, Collaborative Reasoning, that is designed to boost the conceptual understanding, thinking skills, language, and motivation of learners, particularly African American and Latino/a students. Collaborative Reasoning activities include both discussions and group work and are designed to promote open, free-flowing, peer-managed discussions that are intended to help develop critical and reflective thinking. By participating in Collaborative Reasoning, students' achievement in essay writing and reading ability is expected to improve."
R305A080608,Project Collaborative Strategic Reading (CSR): Interventions for Struggling Adolescent and Adult Readers and Writers,Education Research Grants,Literacy,Reading/Writing/Literacy,"Less than 20 percent of students have reading comprehension skills at or above grade-appropriate proficiency levels. Minority students and English language learners are more likely to perform below proficiency levels. For example, 41 states reported that only 18.7% of English language learners scored above state-established norms for reading comprehension. A number of factors contribute to students not being able to comprehend text including: (a) inadequate decoding skills; (b) reading text with inadequate speed and accuracy (fluency); (c) not understanding the meanings of words; (d) not relating content to prior knowledge; (e) not applying comprehension strategies; and (f) not monitoring understanding. The Collaborative Strategic Reading (CSR) curriculum was developed to address reading comprehension problems with at-risk students, and over a 10-year period, it has been evaluated using quasi-experimental designs. The results indicate positive outcomes for students with learning disabilities and students at-risk for reading difficulties. Additionally, positive outcomes for average and high-achieving students and English language learners have also been reported. Given these promising results, a larger scale evaluation is warranted. The team will carry out two randomized control trials to assess the efficacy of CSR with adolescent struggling readers."
R305A080627,An Efficacy Trial of Robust Vocabulary Instruction,Education Research Grants,Literacy,Reading/Writing/Literacy,"Poverty increases risk for impoverished vocabulary and poor achievement. Economically advantaged preschoolers in the U.S. typically are exposed to a broader range of vocabulary than are economically disadvantaged preschoolers. A smaller vocabulary limits a child's ability to recognize single words during reading instruction. Moreover, young children who struggle with reading do not increase their vocabularies during independent reading. The purpose of this project is to provide unbiased estimates of the effects of robust, aural/oral vocabulary instruction as provided in Elements of Reading (EOR): Vocabulary on vocabulary and reading comprehension in schools serving children from low-income households."
R305A080631,Increasing Opportunities-to-Learn in Urban Middle Schools,Education Research Grants,Literacy,Reading/Writing/Literacy,"Increasing opportunities-to-learn for all students in urban, public schools is imperative, especially for students who are English Language Learners (ELLs). ELLs are almost twice as likely as their native English-speaking peers to be retained a grade and/or to dropout of school. This study will evaluate the efficacy of the Academic Language Instruction for all Students (ALIAS) program in urban middle schools. ALIAS is an instructional intervention designed to improve the reading comprehension of ELLs and their classmates through explicit instruction in vocabulary and word-learning strategies. It has a strong theoretical foundation rooted in empirical developmental research on vocabulary, second-language learning, and reading comprehension as well as some pilot data. However, the efficacy of ALIAS has yet to be tested empirically using an experimental design and has yet to be investigated in a large number of urban middle school classrooms."
R305A090479,Responding to the National Crisis in Writing: An Efficacy Study of an Elementary Grades Writing Program,Education Research Grants,Literacy,Reading/Writing/Literacy,"The ability to write effectively is critical for success in school, college and the workplace. Yet, results of the most recent National Assessment of Educational Progress to assess writing (NAEP 2007) indicate that only about one-quarter of 4th and 12th grade students are proficient writers. More research is needed to determine the type of instruction that is needed to support strong writing skills. This efficacy project will address the gap in our understanding of effective writing instruction through a randomized controlled trial of The Writers' Express (WEX), a writing program for students in third through twelfth grade, as implemented in fourth and fifth grade classrooms."
R305A090555,Word Generation: An Efficacy Trial,Education Research Grants,Literacy,Reading/Writing/Literacy,"Word Generation is a curricular intervention designed to promote adolescents' knowledge and use of academic vocabulary by providing opportunities for students to read and comprehend brief academic texts on compelling and controversial topics, to discuss those texts, to hear the academic words highlighted in those texts in a variety of settings, and to write brief persuasive essays about the controversial topics focused on. Word Generation materials have been developed for use in 6th, 7th, and 8th grades, and two years of pilot data on ease of implementation, teacher and student reactions, and student outcomes have been collected in a total of eight urban schools serving a high proportion of struggling readers. The findings from the pilot studies indicate that the program can be implemented in urban schools with both teacher and student enthusiasm. In addition, researchers found positive effects for word learning. Given these encouraging results, the research team will carry out test the efficacy of Word Generation in this project."
R305A100389,Interactions Between Visual and Auditory Interventions for Reading,Education Research Grants,Cognition and Student Learning,Reading/Writing/Literacy,"Approximately a third of fourth grade students across the nation read at the below basic level and reading problems are even more pervasive for students with dyslexia. Given the large number of students who have reading problems, including dyslexia, interventions to reduce these problems can have substantial benefits on the education system. In this project, the researchers will use a randomized control trial to evaluate two reading interventions for students with dyslexia that target deficiencies in the timing of auditory or visual processing. FastForWord is an intervention which aims to improve auditory processing and timing by enhancing the ability of the brain to accurately perceive the sound structure of words and Path To Reading is an intervention which seeks to change the brain's visual timing by training motion discrimination (i.e. whether grating on a computer screen is moving left or right). The researchers' main interest is to determine whether combining the two programs, which attempt to improve temporal processing in completely separate modalities, into one two-pronged intervention will result in even greater benefit. A secondary purpose is to determine which subsets of students would benefit most from training with FastForWord alone, Path To Reading alone, or a combination of the two."
R305A100568,Efficacy of Rich Vocabulary (RVOC) Instruction for Classrooms,Education Research Grants,Literacy,Reading/Writing/Literacy,"The ability to understand written text is highly dependent on knowing the meaning of individual words. The well-established positive relation between vocabulary and comprehension suggests that high quality vocabulary instruction should benefit comprehension. In this efficacy study, the research team will test the efficacy of rich vocabulary (RVOC) instruction compared to typical (i.e., business-as-usual) vocabulary instruction for students in fourth and fifth grade. RVOC instruction is intensive, provides frequent and varied encounters with targeted vocabulary words, and has been found to improve reading comprehension in prior quasi-experimental research conducted with small samples. The current study will attempt to replicate this prior research using more methodological rigor, including the use of random assignment and a larger and more diverse sample."
R305A100583,An Efficacy Study of Project GLAD,Education Research Grants,"English Learners Policies, Programs, and Practices",Reading/Writing/Literacy,"In U.S. schools, English language learners (ELLs) receive most of their instruction in mainstream classrooms. Their teachers need to be able to help them access grade-level content and meet state standards while also developing their English language proficiency. This study will test the efficacy of Project GLAD (Guided Language Acquisition Design), an instructional model specifically designed to help classroom teachers integrate the development of academic English with content area instruction for non-native English speakers. The model is designed to benefit all students in a mainstream classroom with many ELLs."
R305A100670,Improving the Teaching and Learning of English Language Learners: The Instructional Conversational Model,Education Research Grants,"English Learners Policies, Programs, and Practices",Reading/Writing/Literacy,"This study will examine the effects of the Instructional Conversation (IC) model for improving the academic development and achievement of upper elementary English language learners (ELLs) from high poverty schools. In the IC model, the teacher structures small-group instruction to stimulate and guide a conversation with students on a current topic from the curriculum. The teacher listens carefully to student views and judgments and provides guidance through questioning and restating of student comments. Each small-group meeting has a clear instructional goal. The main purpose of this project is to study the efficacy of this model to improve reading comprehension and other areas of academic development for ELLs. In previous quasi-experimental studies, the IC model was found to improve the academic achievement of both ELLs and native-English speaking students, but a rigorous experimental evaluation of this model has not been completed to date. In addition, researchers will explore hypotheses surrounding the mechanisms through which affective, cognitive, and English language development influence the impact of the IC model on student achievement."
R305A110176,Impact of the WRITE Program on English Learner Achievement and Teacher Instructional Practice,Education Research Grants,"English Learners Policies, Programs, and Practices",Reading/Writing/Literacy,"English language learners (ELL) consistently score below grade-level on state standardized tests in all content areas, and much below non-ELL students. The persistent performance gap between ELLs and non-ELLs increases as the level of language demand increases. Even ELL students who have progressed beyond basic levels of English proficiency continue to struggle with academic demands. The Writing Reform Institute for Teaching Excellence (WRITE) Tier 2 program is designed to transition ELL students to fluency in academic English writing, including instructional foci on specific content knowledge, critical thinking, and meta-cognitive skills, so they can successfully learn in English-only classrooms. This project will test the efficacy of the WRITE Tier 2 program in meeting this goal with middle-school students."
R305A120145,Written Language Problems in Middle School Students: A Randomized Trial of the Self-Regulated Strategy Development (SRSD) Model Using a Tier 2 Intervention,Education Research Grants,Cognition and Student Learning,Reading/Writing/Literacy,"Writing may be considered a problem solving process because it requires the higher-order cognitive activities of planning and knowledge transfer. Success at writing may require explicit writing instruction, explicit self-regulation instruction (including the development of strategies such as goal setting and self-monitoring), and the development of positive self-efficacy about writing. The Self-Regulated Strategy Development (SRSD) model encompasses each of these major areas of learning to write. The purpose of the study is to examine the efficacy of a SRSD intervention in a randomized trial using small groups of sixth grade students. Evidence of the utility of the SRSD model is strong, but interventions using the model have only begun to be examined in randomized, small group designs with elementary and middle school populations. The project has three specific aims: (1) to test the efficacy of the SRSD on the development of writing in students at-risk for writing difficulties; (2) to test whether the SRSD treatment effect is moderated by covariates such as students' gender, race, socioeconomic status, attention/hyperactivities, reading ability, classroom climate, and cognitive functioning; and (3) to test whether the positive impact of the SRSD intervention is mediated through changes in attention/executive function."
R305A130700,Efficacy of Supplemental Early Vocabulary Connections Instruction for English Language Learners,Education Research Grants,"English Learners Policies, Programs, and Practices",Reading/Writing/Literacy,"The goal of this project is to study the efficacy of a supplemental reading intervention for English language learners (ELLs) in kindergarten called Early Vocabulary Connections (Connections). This intervention is designed to coordinate the development of beginning decoding skills, spelling, and vocabulary knowledge in English. In addition to immediate effects on word reading and vocabulary, participation in Connections is hypothesized to improve learning of new vocabulary and general comprehension outcomes. An initial efficacy study of this intervention found positive effects on both word reading and vocabulary. This study is designed to replicate these findings. In this study, Connections will be implemented with a more diverse sample of ELLs, will follow students for an additional year, and will examine the effect of participation in this instruction on a broader range of assessments."
R305A150057,Efficacy and Replication Trial of the Individualized Adaptive ITSS with 4th and 5th Grade Students in High Poverty Schools,Education Research Grants,Literacy,Reading/Writing/Literacy,"The purpose of this replication project is to test the efficacy of the Intelligent Tutoring system for the Structure Strategy (ITSS), an online tutor for fourth and fifth grade students that teaches them about different structures for text (e.g. comparison, cause and effect) to improve reading comprehension outcomes. One problem that many students who struggle to read may encounter is the inability to understand and remember what they read. The structure strategy is a method of understanding and remembering text by learning to identify different ways text can be organized, which in turn will help students to focus on the important ideas and arguments within an informational text. ITSS was developed during a previous IES-funded project (Intelligent Tutoring Using The Structure Strategy To Improve Reading Comprehension Of Middle School Students) and tested for efficacy in a prior IES-funded efficacy study (Efficacy and Replication Research on the Intelligent Tutoring System for the Structure Strategy-Rural and Suburban Schools Grades 4, 5, 7, and 8). Findings from this efficacy study indicated that ITSS improved students' reading comprehension outcomes for fourth and fifth graders. This replication study increases the time spent per week interacting with ITSS from the previous efficacy study, and focuses specifically on students from low-income schools."
R305A150058,Preventing Dropout Among At-Risk Youth: A Study of Project Goal with English Learners,Education Research Grants,"English Learners Policies, Programs, and Practices",Reading/Writing/Literacy,"This project will test the efficacy of providing intensive reading instruction and/or a program to prevent dropout to high school ELLs who are at risk for not completing high school. In general, ELLs are less likely to graduate from high school than their monolingual peers. This may be related to lower skills in reading comprehension in English and higher rates of absenteeism and disciplinary problems than their monolingual peers. Students will participate in the intervention in 9th and 10th grade, and then be followed for two more years to evaluate whether participation in the programs increases graduation rates."
R305A150108,Word Learning Strategies: A Program for Upper-Elementary Readers,Education Research Grants,Literacy,Reading/Writing/Literacy,"The purpose of this project is to test the efficacy of Word-Learning Strategies (WLS), a fully-developed, comprehensive, supplementary program designed to improve upper elementary students' vocabulary by focusing on teaching students to use strategies for word learning. Results from standardized tests have consistently shown that a large proportion of students in the U.S. are below proficient in reading comprehension and vocabulary and this is especially true for students who are learning English. Many vocabulary programs available today focus on teaching individual words, which may not be useful for students when they encounter new words as they read. WLS, however, teaches students methods and strategies for learning words that can be applied to any new word a student might encounter. WLS was developed with funding from an IES Small Business Innovation Research award, Word-Learning Strategies: A Program for Upper Elementary Readers, and has shown promise for improving students' vocabulary and reading comprehension. In this project, the researchers will test whether WLS improves fifth grade students' vocabulary and reading comprehension."
R305A150325,An Investigation of Direct Instruction Spoken English for At-Risk English Learners,Education Research Grants,"English Learners Policies, Programs, and Practices",Reading/Writing/Literacy,"This project will evaluate the efficacy of the Direct Instruction Spoken English (DISE) program, a program currently in use in 25 states to teach oral language skills to adolescent ELLs. Findings from this study will provide rigorous evidence for educators as they select programs to help middle school English language learners (ELLs) acquire proficiency in oral English. Studies will estimate the effects of DISE for all students, explore the program components related to improvement in oral language, and examine differential response to DISE by students with different characteristics."
R305A160060,A Multisite Randomized Controlled Trial (RCT) of Descubriendo la Lectura (DLL) Topic Area: English learners,Education Research Grants,"English Learners Policies, Programs, and Practices",Reading/Writing/Literacy,"This study evaluated the efficacy of Descubriendo la Lectura (DLL) program, the Spanish reconstruction of Reading Recovery, an English literacy program. The population of Spanish-speaking ELs in U.S. schools is large and growing, and many of these students choose to enroll in bilingual instructional programs in early grades. As the number of students receiving initial literacy instruction in Spanish increases, the need for a Spanish language early-intervention program for students at risk of literacy problems also increases. This study examined the impact of DLL on first graders, examined the fidelity of DLL implementation and its relationship to outcomes, and conducted a cost study."
R305A160109,Efficacy Evaluation of Zoology One: Kindergarten Research Labs,Education Research Grants,Literacy,Reading/Writing/Literacy,"In this project, the research team tested the efficacy of Zoology One, a literacy curriculum that integrates science content. The goal was to see if the curriculum improved learner’s early literacy skills as well as writing and science learning among kindergarten students. The study also examined the effects of the curriculum longitudinally through fourth grade. This work adds important evidence to a current and persistent challenge in the United States where many students struggle with literacy and do not meet grade level standards by third or fourth grade. Prior research with older students indicated that integrating science concepts and content into literacy instruction could improve outcomes in both areas. This study provides evidence on the efficacy of integrated literacy and science instruction for younger learners."
R305A160241,Generating Large and Sustained Impacts on Early Language Skills: Evaluation of Timing and Duration of Intervention,Education Research Grants,Cognition and Student Learning,Reading/Writing/Literacy,"The purpose of this project is to examine the relative efficacy and sustained impacts of three variations in timing and duration of a language and vocabulary intervention for students in prekindergarten and kindergarten with below or low average language skills. Because language weaknesses place children at heightened risk for reading comprehension and general academic difficulties, an intensive early intervention approach is necessary. The intervention is an integrated combination of two interventions with prior evidence of efficacy: 1) Dialogic Reading-Enhanced (DR-E), which will be used to teach vocabulary to students and 2) Language in Motion (LIM; developed through a prior grant from the Reading for Understanding Initiative, Examining Effective Intervention Targets, Longitudinal Intensity, and Scaling Factors for Pre-K to 5th Grade Student Comprehension), which will be used to teach syntax."
R305A160255,Investigating the Efficacy of a Web-Based Early Reading Intervention Professional Development Program for K-1 English Learners,Education Research Grants,"English Learners Policies, Programs, and Practices",Reading/Writing/Literacy,"Large numbers of children in United States schools struggle with reading, including a disproportionate number of English learners (ELs). The Targeted Reading Intervention (TRI) is an instructional intervention and professional development program for early reading, designed to help classroom teachers acquire key diagnostic strategies for use with young, struggling readers. The purpose of this study was to determine TRI's efficacy for young ELs, specifically. Previous efficacy studies (R305A040056, R305A100654) found that teachers were able to adapt their teaching practices to implement TRI and that TRI showed positive effects on student reading gains for struggling and non-struggling readers. This project tested whether, however, that as new language learners, ELs may face different reading challenges and require different instructional supports as a result. Results from this project showed that there was not a significant effect of the TRI for ELs on a broad measure of literacy achievement nor on narrow targeted skills. Additionally, the researchers detected no mediation or moderation effects. These results suggest the need to develop interventions aligned to the needs of ELs and to exercise caution in wholesale use of interventions designed for monolingual English speakers with ELs."
R305A170111,Randomized Controlled Trial of the Supporting Knowledge in Language and Literacy (SKILL) Program for Children who are At-Risk for Language and Literacy Difficulties,Education Research Grants,Literacy,Reading/Writing/Literacy,"In this project, the researchers rigorously evaluated the Supporting Knowledge of Language and Literacy (SKILL), an intervention they had developed in a previous IES grant to teach students about story structure and higher level aspects of academic language. Through this efficacy study, they aimed to determine whether training in oral narration impacted the use of higher level language, reading comprehension, and written language. Narration has been shown to be a foundational skill for literacy development in school-age children. Elementary teachers routinely conduct classroom lessons that focus on reading decoding and comprehension, but they rarely provide instruction in oral narration. The researchers proposed that if SKILL demonstrated positive impacts on student outcomes, teachers in the primary grades may want to devote more time to teaching story structure and the higher level language skills that are important for comprehending and producing complex stories."
R305A170139,An Efficacy Study of Toggle Talk,Education Research Grants,Literacy,Reading/Writing/Literacy,"The purpose of this project is to test the efficacy of Toggle Talk, a Language Arts curriculum supplement that teaches kindergarten and first grade African American children to understand the differences between Mainstream American English (MAE) and African American English (AAE) with the goal of improving students' reading outcomes. Many African American children underachieve in school and the researchers propose that part of the explanation for this is dialect mismatch, which occurs when the dialects children hear at home and in the classroom differ. Many young African American children speak AAE at home while MAE is typically the language of instruction in schools. Research has shown that the AAE-speaking children who have the poorest literacy outcomes are those who have the most trouble shifting between AAE and MAE as is appropriate for the context (e.g. shifting to MAE in the classroom). Toggle Talk is an intervention developed and studied in two previous studies funded by the Institute (Developing Contrastive Analysis Techniques for Teaching Academic Classroom English to Young African American English-Speaking Students; Exploring the Contribution of Social, Cognitive, and Linguistic Factors on the Development of Style Shifting by Young African-American English-speaking Students Learning to Read). It aims to teach AAE-speaking kindergarten and first grade students how to shift between AAE and MAE in spoken language."
R305A170171,An Efficacy Follow-Up Study of the Long-Term Effects of Reading Recovery Under the i3 Scale-Up,Education Research Grants,Literacy,Reading/Writing/Literacy,"The purpose of this project is to test the sustained efficacy of Reading Recovery, an intensive one-on-one reading instruction program for the lowest-achieving first grade students, on state test scores in third and fourth grade. Many first grade students struggle with reading and for some of these students, low literacy achievement in first grade can set them up for continued difficulty in literacy throughout elementary school and beyond. The Reading Recovery program is based on the idea that individualized, short-term, and highly-responsive instruction delivered by an expert teacher can disrupt this trajectory and allow the lowest achieving students to catch up to their peers. This study is a follow-up study to an i3-funded scale-up study of the Reading Recovery program."
R305A170288,Heterogeneous Effects of English Learner Reclassification on Achievement Trajectories,Education Research Grants,"English Learners Policies, Programs, and Practices",Reading/Writing/Literacy,"The purpose of this study is to evaluate the impact of four different reclassification policies in two different districts on a variety of academic outcomes. English Learners (ELs) are an academically vulnerable population to whom schools provide language support until they reach a certain level of mastery in spoken and written English. Once ELs reach their state or district's level of mastery, they are then reclassified, and no longer receive English language support services. A key policy question is whether some districts are reclassifying EL students too soon or too late. In this study, researchers will estimate and compare the effects of transitioning out of EL services due to reclassification, versus remaining an EL for one additional year. Their findings will contribute to a growing body of research evidence about the effects of reclassification, generally, and the contextual factors (at the district, school, and student levels) that moderate these effects across different settings."
R305A170529,"Attention, Memory, and Executive Functions in Written Language Expression in Elementary School Children",Education Research Grants,Cognition and Student Learning,Reading/Writing/Literacy,"At the time of this study, the researchers aimed to establish a stronger scientific foundation for educational practice within the writing domain by using the current advances in cognitive science and neuroscience. Through this study, they planned to examine

the ontogeny of writing skills (text generation) for students at risk for writing problems and typically developing students
the specific cognitive underpinnings of writing skills for students at-risk versus those not at-risk for writing problems and how these relationships change over time with respect to a theoretical model (the simple view of writing) of written expression
the impact of an evidence-based treatment program on the developmental trajectories of written expression in students at risk for writing problems."
R305A170635,Efficacy of the Core Knowledge Language Arts Read Aloud Program in Kindergarten through Second Grade Classrooms,Education Research Grants,Literacy,Reading/Writing/Literacy,"The purpose of this project is to test the efficacy of the Core Knowledge Language Arts: Listening and Learning (CKLL) read aloud program for children in kindergarten through second grade. Many students struggle with reading comprehension in the United States and research has suggested that teachers may foster the development of comprehension by reading aloud to students in primary grade classrooms. However, many teachers are not strategic in choosing texts to read aloud, or follow curricular programs that do not build coherent knowledge. The CKLL curriculum is in wide use in the United States, emphasizes content coherence within and across grades, and uses read alouds to build listening comprehension."
R305A180060,Efficacy Trial of Text Structure Strategy Instruction on the Web for Spanish-Speaking English Learners (SWELL) in Grades 4 and 5,Education Research Grants,"English Learners Policies, Programs, and Practices",Reading/Writing/Literacy,"Reading and comprehending expository texts in English is an important skill that remains elusive for many English learners (ELs) in the U.S. school system. The text structure strategy is a learning approach that helps students understand academic texts by organizing concepts into cognitive structures that parallel those used to communicate main ideas in text. The purpose of this project was to evaluate the efficacy of the Structure Strategy Instruction on the Web for English Language Learners (SWELL) intervention, an adaptive intelligent tutoring system, on the reading achievement of Spanish-speaking English learners (ELs) in grades 4 and 5."
R305A180154,"A Regression Discontinuity Study of the Impact of ALFA Lab on 9th-Graders' Reading Achievement, Motivation, and Reading Frequency",Education Research Grants,Literacy,Reading/Writing/Literacy,"Many students from neighborhoods of concentrated poverty enter high school with underdeveloped reading skills, and skill gaps can create widespread achievement and engagement problems for students in high school, as well as college and career. The purpose of this project is to test the efficacy of ALFA (Accelerating Literacy for Adolescents) Lab, a small-group class that supports incoming high school students who are poor readers. The ALFA Lab was developed to enhance 9th grade students' reading skills as quickly as possible, and to equip students with the skills needed to meet the literacy requirements of their high school courses."
R305A180212,Efficacy Trial of the We-Write Intervention with 4th- and 5th-Grade Students,Education Research Grants,Literacy,Reading/Writing/Literacy,"Writing is an important skill for learning, communication, and self-expression; however, national assessments indicate that many students in the U.S. do not write proficiently. The purpose of this project was to test the efficacy of We-Write, a web-based intelligent tutoring system that was paired with teacher-led lessons to improve fourth- and fifth-grade student persuasive writing outcomes. We-Write was developed in a previous IES study and is delivered within the intelligent tutoring system for the structure strategy (ITSS), which was also developed and tested for efficacy in two studies in 2008 and 2015."
R305A180336,Efficacy of the BELLA Program: ESL and Classroom Teachers Working Together with Students and Families,Education Research Grants,"English Learners Policies, Programs, and Practices",Reading/Writing/Literacy,"The purpose of this study was to test the efficacy of the Bridging English Language Learning and Academics (BELLA) Professional Learning (PL) program for improving (a) teacher outcomes, including collaboration between the English as a second language (ESL) and classroom teachers, implementation of high-impact instructional strategies, and incorporation of the students’ strengths and assets in instruction and (b) student outcomes, including improving students’ language and literacy skills in phonics/word recognition, language and writing, comprehension, and vocabulary."
R305A190168,PAWS: Efficacy,Education Research Grants,Literacy,Reading/Writing/Literacy,"The purpose of this project is to test the efficacy of Peer Assisted Writing Strategies (PAWS), an empirically based writing intervention to improve the writing outcomes of kindergarten children. PAWS was developed and evaluated with an IES goal 2 grant. PAWS is a fully developed writing instruction and has demonstrated evidence of promise and feasibility. Study results from that grant showed PAWS students outperformed students in the control classrooms in medium performing schools on letter writing, punctuation, sentence and essay writing productivity and quality"
R305A220107,Efficacy of Early Language Comprehension Individualized Instruction (ELCII),Education Research Grants,Cognition and Student Learning,Reading/Writing/Literacy,"This project team will evaluate the efficacy of a supplemental instructional program called ELCII (Early Language Comprehension Individualized Instruction). ELCII, developed with prior IES funding, provides opportunities for supplemental early instruction in language comprehension skills, which are much needed to prevent long-term negative reading outcomes. Specifically, ELCII focuses on training a core language comprehension skill, inference making, in kindergarten. The project will examine (a) the efficacy of ELCII for improving kindergartners' inference and language comprehension, accounting for vocabulary and executive functions; (b) longer-term transfer to reading comprehension in first grade; (c) teachers' fidelity of implementation and its influence on student outcomes; and (d) the costs and cost-effectiveness of ELCII compared to business as usual."
R305B070074,Child-Instruction Interactions in Reading: Examining Causal Effects of Individualized Instruction in Second and Third Grade,Education Research Grants,Literacy,Reading/Writing/Literacy,"In this project, the researchers evaluated the impact of a web-based software system, Assessment-to-instruction (A2i), which was developed through a previous IES-funded project. A2i was designed to enables teachers to individualize reading instruction according to students' language and literacy skills by using algorithms to compute recommended amounts and types of instruction for each student. A2i also prepared instructional profiles for each child and provided teachers with suggestions for organizing children into groups with similar instructional needs for small-group reading instruction based on the student instructional profiles. In an earlier evaluation, the researchers tested A2i in first grade classrooms and found significantly stronger student reading outcomes in A2i classes than in control classes. In this study, the researchers evaluated A2i in second- and third-grade classrooms.

The purpose of this study, which follows the completion of an earlier IES award entitled Individualizing Student Instruction (ISI) is to replicate, in second and third grade, the first grade finding that individualizing literacy instruction, supported by Assessment-to-instruction (A2i) software, causes significantly stronger student reading outcomes than typical reading instruction and to examine the impact on achievement of receiving one, two or three years of individualized literacy instruction."
R305B077307,Reading Intervention with Spanish-Speaking Students: Maximizing Instructional Effectiveness in English and Spanish,Education Research Grants,Literacy,Reading/Writing/Literacy,"Providing high quality reading instruction to English language learners in the early grades is one of the most challenging and increasingly demanding instructional issues facing schools. Often, schools are turning to the use of comprehensive reading programs to support students, including English language learners who are at-risk for reading failure. However, the use of core reading programs typically requires substantial, and sometimes time-consuming, modifications to support the reading acquisition of English language learners. Little rigorous research has been conducted to evaluate the effect of different instructional approaches for students who are learning English. The purpose of this research is to test the efficacy of an instructional approach designed to increase the early literacy achievement of Spanish-speaking English language learners in transitional bilingual education programs."
R305G030140,Instruction Of Reading Comprehension: Cognitive Strategies Or Cognitive Engagement,Education Research Grants,Literacy,Reading/Writing/Literacy,"Levels of student proficiency in reading comprehension in the United States remain low, and there is little evidence to suggest any increase is occurring in the use of effective instruction in reading comprehension. Research has established the efficacy of several approaches to teaching reading comprehension, but little is known about why these approaches work, and teachers find it difficult to actually implement effective approaches in their teaching. The purpose of this study is to develop and evaluate teacher-implemented strategies for reading comprehension instruction based on two established general approaches, and then to combine the positive features of the strategies of both approaches into a comprehensive model of instruction."
R305G040089,"Embedding Knowledge-Focused Reading Comprehension Strategies in Cumulative Content-Area Instruction in Grades 3-4-5: An Assessment of Immediate, Transfer, and Long-Term Impact on Reading Achievement",Education Research Grants,Literacy,Reading/Writing/Literacy,"In this project, researchers planned to study the impact of embedding a knowledge-focused, three-part reading comprehension strategy complemented by oral activities on student ontological knowledge. At the time of the study, research suggested that student comprehension of subject-matter texts in grades 4 through 12 was a significant educational problem. In this study, the researchers aimed to evaluate approaches to help students in grades 3 to 5. They proposed to evaluate classrooms that used either a content-oriented environment that utilized science IDEAS (Romance & Vitale, 2001), in which 2-hour daily science instruction provided an integrated context for reading comprehension, or a non-content-oriented environment, in which 2-hour daily basal reading/language instruction (Scott-Foresman, 2002) emphasized narrative text."
R305G040103,Quick Reads Supplementary Tutoring Efficacy and Replication Trials,Education Research Grants,Literacy,Reading/Writing/Literacy,"In this project, the researchers proposed to test the efficacy of the Quick Reads fluency program as a supplementary or remedial intervention to improve student outcomes. The researchers aimed to provide evidence on whether Quick Reads could be used effectively by paraprofessionals with groups of two or four students. At the time of this project, paraprofessional tutors were often assigned to work with students with poor reading comprehension, but they often lack access to research-based programs. Quick Reads had some initial research, and this study and findings added to that research base."
R305G050005,Print Referencing Efficacy,Education Research Grants,Literacy,Reading/Writing/Literacy,"In the early 2000s, research showed that there were substantial early differences in children's emergent literacy skills and that those skills contribute to long-term outcomes in children's reading achievement. Additionally, research showed that intervening before children reached elementary school significantly decreased the likelihood of their developing reading difficulties. This research team implemented and rigorously evaluated a preschool literacy intervention designed to facilitate children's early achievements in print knowledge, including names of alphabet letters and the way in which print is organized and carries meaning in texts, including children's writing. The project completed a systematic and rigorous replication and extension of research showing the effectiveness of the print-referencing intervention in enhancing the literacy of all children, including those at risk of failure."
R305G050216,The Read Aloud Curriculum in First Grade Classrooms: Furthering Our Understanding of Immediate and Long-Term Impacts and Causal Influences,Education Research Grants,Literacy,Reading/Writing/Literacy,"In this project, the researchers proposed to test the effectiveness of the Read Aloud Curriculum, which they had developed under a previous IES grant (R305G020057), and to investigate factors that count for its impact. This first-grade read-aloud curriculum was designed to expose children to narrative and expository text and to provide instruction about the structural elements of text, key vocabulary, and how to make connections across related texts. Although much reading instruction in first grade is focused on developing children's word recognition skills, reading success in third grade depends on developing comprehension skills in the early grades. In this study, the researchers aimed to examine the effects of intervention on student comprehension and vocabulary outcomes. In addition, researchers were to study the degree to which student engagement during read-aloud lessons contributed to learning. The team also gathered data at the end of second grade to test the durability of the curriculum."
R305H060042,"Attention, Memory, and Executive Functions in Written Language Expression in Elementary School Children",Education Research Grants,Cognition and Student Learning,Reading/Writing/Literacy,"At the time of this study, the researchers aimed to establish a stronger scientific foundation for educational practice within the writing domain by using the current advances in cognitive science and neuroscience. Through this study, they planned to examine

the ontogeny of writing skills (text generation) for students at risk for writing problems and typically developing students
the specific cognitive underpinnings of writing skills for students at-risk versus those not at-risk for writing problems and how these relationships change over time with respect to a theoretical model (the simple view of writing) of written expression
the impact of an evidence-based treatment program on the developmental trajectories of written expression in students at risk for writing problems."
R305U050002,A One-Year Follow-up of Evidence-Based Early Reading Intervention Provided by Kindergarten and First Grade Teachers,Education Research Grants,Literacy,Reading/Writing/Literacy,"For this project, the researchers built on a previous project that was designed to address the gap that exists between research and practice in early reading interventions. Through this study the researchers planned to address unanswered questions regarding the timing and duration of early intervention needed for maximum benefit. They also aimed to investigate whether responsiveness to treatment was influenced by different beginning skill levels and classroom behavior. Additionally, the research team purposed to examine the relationship between teacher instruction, school context, and student outcomes."
R305F050080,Evaluating the Efficacy of Read Well Kindergarten,Field Initiated Evaluations of Education Innovations,NA,Reading/Writing/Literacy,"At the time of this study, research suggested that learning to read in the first grade was the best predictor of a child's ultimate success in school but that first-grade reading achievement depends on how much children know about reading before they start the grade. The purpose of this study was to determine if Read Well Kindergarten®, a beginning reading program that uses small group mastery-based reading instruction, enhanced language and literacy skills in 30 schools through the end of first grade. The program was based on principles of scientifically based reading instruction, an approach schools were seeking to find and for which they need solid evidence of effectiveness before training staff."
R324A100022,Preventing School Dropout with Secondary Students: The Implementation of an Individualized Reading Intervention and Dropout Prevention Intervention,Special Education Research Grants,"Reading, Writing, and Language",Reading/Writing/Literacy,"The purpose of this project is to test the efficacy of an individualized reading intervention (Reading Interventions for Adolescents; RIA) and a dropout prevention intervention (Check & Connect; C&C) separately and combined for secondary students with reading difficulties who are also at risk for dropping out of school. Despite improved knowledge about effective reading interventions for students in the younger grades, much less is known regarding effective interventions and reading instruction for students with reading difficulties in middle and high school. In addition to the need for effective reading interventions, it is also critical to intervene with students at risk for school dropout, including struggling adolescent readers and English language learners (ELL). The current study will address this need by testing the efficacy of RIA and C&C) separately and combined for improving reading achievement and graduation rates for struggling readers in high school, including ELL students."
R324A110053,Efficacy of the Interactive Strategies Approach-Extended as a Small Group Intervention for Intermediate Grade Struggling Readers,Special Education Research Grants,"Reading, Writing, and Language",Reading/Writing/Literacy,"Instructional approaches for improving reading and writing skills of older students may address deficits in knowledge, vocabulary, comprehension, and basic reading skills. Often the approaches feature a standard treatment that does not differentiate instruction based on individual student needs. The research team proposes to investigate the efficacy of the Interactive Strategies Approach-Extended with third and fourth graders who have disabilities or are struggling readers. The intervention is a set of instructional goals, approaches, and materials that supplement classroom reading instruction and can be tailored to the reading and writing needs of individual students. The intervention is intended to accelerate students' basic reading skills, vocabulary, and listening and reading comprehension."
R324A110135,Project Early Vocabulary Intervention,Special Education Research Grants,"Reading, Writing, and Language",Reading/Writing/Literacy,"Early vocabulary development has long been recognized as being important to future reading success. Although there is some research on direct vocabulary instruction in early grades, there are few investigations of its effects on students identified as at risk for disabilities. The purpose of this project is to assess the efficacy of Early Vocabulary Intervention with kindergartners most at risk for language and learning disabilities. The intervention is designed to supplement classroom vocabulary instruction and intended to accelerate students' vocabulary and listening comprehension skills."
R324A140003,Reading Achievement Multi-component Program (RAMP-UP),Special Education Research Grants,"Reading, Writing, and Language",Reading/Writing/Literacy,"The purpose of this project was to examine the efficacy of two versions of a fully developed and empirically supported peer-mediated, multi-component remedial reading program designed specifically for adolescents with reading disabilities. Many adolescents with reading disabilities read 4 to 6 years below grade level, score poorly on reading assessments, and show severe deficits in word recognition, reading fluency, and comprehension. Questions exist regarding the most effective way to provide remedial reading instruction for adolescents. Some researchers advocate for an instructional emphasis on phonological decoding, while others promote an emphasis on comprehension. This research team proposed to conduct a randomized controlled trial to explore the most effective and efficient means to develop reading skills of middle school students with reading disabilities. Both versions address deficits in phonological decoding, spelling, fluency, and comprehension skills. However, they differ in the amount of allotted instructional time devoted to phonological decoding or comprehension."
R324A150021,Implementing an emergent literacy program for students with intellectual disabilities and autism in general education classrooms,Special Education Research Grants,"Reading, Writing, and Language",Reading/Writing/Literacy,"This project planned to evaluate the efficacy of the Early Literacy Skills Builder for increasing the literacy skills of students with severe intellectual disabilities or autism spectrum disorder (ASD) when it is implemented in small group contexts in general education classrooms. Literacy outcomes for students with intellectual disabilities or ASD have been typically poor. In addition, their instruction has often been provided in settings outside of the general education classrooms and away from their typically developing peers. The Early Literacy Skills Builder is an early literacy curriculum for students with severe intellectual disabilities, including students with ASD. The curriculum was designed to meet the diverse instructional needs of young students who are verbal or nonverbal. This study planned to evaluate whether this intervention, which had demonstrated efficacy for improving early literacy outcomes in segregated settings, can also be efficacious when implemented in inclusive general education settings. It also planned to examine changes in their typically developing peers' attitudes toward disability."
R324A150269,Passport to Literacy: Examining the Effectiveness of the Voyager Passport Intervention for Fourth-grade Students with or at High Risk for Reading Disabilities,Special Education Research Grants,"Reading, Writing, and Language",Reading/Writing/Literacy,"The intended purpose of this project was to evaluate the Voyager Passport intervention with fourth grade children with or at high risk for reading disabilities to determine whether it improves reading outcomes. Despite its wide use, Voyager Passport had never been rigorously evaluated. Many students who enter fourth grade, particularly those with disabilities, struggle significantly with reading. Students who enter the upper grades as poor readers continue to struggle throughout their schooling and are at high risk for academic failure, drop out, unemployment, low income, and criminal activity. This project proposed to conduct two efficacy studies. The first study was designed to examine the efficacy of Voyager Passport compared to instruction and intervention typically provided by the schools for students with reading difficulties. The second study was intended to compare three groups to determine the relative efficacy of standard implementation of Voyager Passport compared to an intensified version of the program and to instruction typically provided by schools to students with severe reading difficulties."
R324A170086,An Efficacy Study of Strategic and Interactive Writing Instruction (SIWI): Teacher Development and Student Outcomes,Special Education Research Grants,"Reading, Writing, and Language",Reading/Writing/Literacy,The purpose of this study is to investigate the efficacy of the Strategic and Interactive Writing Instruction (SIWI) professional development (PD) program for improving the knowledge and instructional practices of teachers and the writing and language outcomes for students in third through sixth grade who are deaf or hard of hearing (D/HH). The language experiences of children who are D/HH are extremely diverse and directly influence their writing. There is a need to identify effective programs for building teacher capacity to provide evidence-based literacy instruction that is tailored to the unique needs of students who are D/HH. This project seeks to fill this gap by evaluating the efficacy of the SIWI PD program for improving teacher knowledge and practices and subsequent writing and language outcomes for students who are D/HH.
R324A170101,Supporting Teachers' Implementation of Data-Based Instruction in Early Writing: An Efficacy Study,Special Education Research Grants,"Reading, Writing, and Language",Reading/Writing/Literacy,"The purpose of this study was to examine the efficacy of Data-Based Instruction: Tools, Learning and Collaborative Support (DBI-TLC), aimed at improving teachers' use of data to promote positive outcomes for children with intensive early writing needs. Writing is critical to students' success in school and afterwards; yet, little is known about effective ways to support teachers in improving outcomes of students who experience significant writing difficulties. Data-based instruction (DBI) provides a framework for teachers to individualize instruction. Research shows the use of DBI can improve student outcomes. However, teachers often need support to use data effectively. The research team created DBI-TLC to support teachers’ use of data to individualize instruction and improve outcomes of students with intensive early writing needs. This project used a randomized controlled trial to test its efficacy for improving teacher knowledge, skills, and self-efficacy related to DBI and student outcomes in early writing. The project sheds light on the sustainability of DBI by gathering data to understand the extent to which teachers continue to use DBI when research support is withdrawn."
R324A180221,Testing the Efficacy of Reading RULES: A Tier 1 and Tier 2 Intervention for First-Grade Children with Decoding and Comprehension Difficulties,Special Education Research Grants,"Reading, Writing, and Language",Reading/Writing/Literacy,"The purpose of this project is to evaluate the efficacy of Reading RULES for first-grade students who are at risk for serious reading difficulties and disabilities in both word reading and comprehension. Students who do not learn to read adequately in the early grades typically have persistent reading difficulties. Potential persistent reading problems may be prevented or their severity reduced if they are addressed aggressively and early. Reading RULES combines whole-class and intensive small-group intervention designed to improve word reading, fluency, listening, and reading comprehension."
R324A190072,Examining the Efficacy of a Content Area Reading Comprehension Intervention for Students With Disabilities,Special Education Research Grants,"Reading, Writing, and Language",Reading/Writing/Literacy,"The purpose of this study is to test the efficacy of the reading comprehension intervention, PACT-Promoting Adolescents' Comprehension of Text, for middle school learnerswith disabilities. PACT has demonstrated efficacy for improving outcomes for students without disabilities, but has not been rigorously evaluated for learners with disabilities. Data from the prior efficacy study do suggest the intervention is promising for learners with disabilities. Many adolescents with disabilities do not adequately understand complex texts, which can reduce their school success, access to postsecondary learning, and future career opportunities. Since most students with disabilities are educated in the general education classroom, there is a clear need for effective instructional practices for the teachers in these classrooms. The goal of the current study is to test the efficacy of a evidence-based reading comprehension intervention, PACT, for middle school students with disabilities in general education social studies classrooms. In addition, the study will examine the mediating effects of implementation fidelity and teachers' academic interactions with students, the moderating effects of student characteristics, and the costs and cost-effectiveness of the intervention."
R324A190240,An Efficacy Trial to Evaluate Supporting Paraprofessionals by Advancing Reading Intervention Knowledge and Skill (SPARK),Special Education Research Grants,"Reading, Writing, and Language",Reading/Writing/Literacy,"This project evaluated the efficacy of two models of professional development (PD) designed to enhance paraprofessionals' knowledge and skills related to delivering an early reading intervention to elementary school students with intellectual and developmental disabilities (IDD). The first model, a traditional reading-focused PD (T-PD), used a training model developed through a prior IES-funded Development and Innovation grant. The second model, enhanced reading-focused PD (E-PD), went beyond simply training paraprofessionals to implement a specific reading intervention by targeting broader knowledge and skills to improve overall instructional quality. Although paraprofessionals make up half of the special education instructional workforce and often provide instruction to students with disabilities, they receive limited training on basic educational practices. There has been limited research evaluating the efficacy of PD for paraprofessionals; therefore, this project aimed to address this by evaluating the comparative efficacy of two PD models designed to improve paraprofessionals' reading instruction for students with IDD."
R324A200101,A Randomized Trial of the Connect-IT Intervention in Middle School Students With or At Risk for Reading Disabilities,Special Education Research Grants,"Reading, Writing, and Language",Reading/Writing/Literacy,"A large direct contributor to comprehension problems in middle school students with or at risk for reading disabilities is pervasive difficulty in making inferences necessary for understanding what is read. Because literacy attainments in middle school are highly predictive of postsecondary success, middle school provides a later developmental window within which to intervene for struggling adolescent readers. Consequently, a technology-based inference-making intervention, Connect-IT-Computer, and an interventionist-led version, Connect-IT-Teacher, were developed for middle school students with or at risk for reading disabilities in an IES Development and Innovation project (Barnes, PI). Promising findings from an underpowered RCT provide the rationale for the current proposal which has the following aims: (1) to test the efficacy of Connect-IT-Computer and Connect-IT-Teacher for middle school students with or at risk for reading disability, (2) to compare the efficacy of the two versions of Connect-IT, (3) to test mediators and moderators of hypothesized impacts of the interventions; and (4) to compare the cost and effectiveness of Connect-IT-Teacher and Connect-IT Computer versus what schools would provide in the absence of these programs."
R324A200151,Examining the Efficacy of Friends on the Block: An Intensive Early Literacy Intervention for Elementary Students With Intellectual and Developmental Disability (Project Intensity),Special Education Research Grants,"Reading, Writing, and Language",Reading/Writing/Literacy,"The purpose of Project Intensity is to conduct a randomized control trial (RCT) to evaluate the efficacy of a literacy intervention, Friends on the Block, designed to enhance reading and language outcomes for elementary students with intellectual and developmental disability (IDD)."
R324A210021,Effectiveness of Leveled Literacy Intervention Intermediate for Third and Fourth Grade Students with Reading Difficulties or Disabilities,Special Education Research Grants,"Reading, Writing, and Language",Reading/Writing/Literacy,"The project aims to test the efficacy of the Leveled Literacy Intervention (LLI) Intermediate in third and fourth grade. Researchers will conduct a randomized control trial to examine: (a) the efficacy of LLI Intermediate for third grade students with reading difficulties or disabilities relative to a business-as-usual comparison group, (b) the efficacy of an intensive implementation of LLI Intermediate over 2 years (3rd and 4th grade), (c) short- and long-term outcomes to determine whether the effects are educationally meaningful to students, and (d) moderators of student response to intervention. A significant number of students struggle to successfully read and understand grade level text in third grade and beyond. However, there is very limited information on intensive implementations of reading intervention that may be needed for students with or at-risk for reading disabilities at the upper elementary level. The results of the study will provide information on the effectiveness, and factors affecting the effectiveness, of an intervention already in use or being considered. In addition, the findings will add to the limited research base on intensive interventions for intermediate grade students with significant reading difficulties or disabilities."
R324A220215,Reading Enhancements for Students With Autism Spectrum Disorders (Project READ): A Reading Comprehension Intervention,Special Education Research Grants,"Reading, Writing, and Language",Reading/Writing/Literacy,"The purpose of this study is to evaluate the efficacy of a reading comprehension intervention for 4th to 8th grade students with ASD called Reading Enhancements for Students with Autism Spectrum Disorders (Project READ). Project READ is a tutoring intervention designed with prior IES funding that has demonstrated promise for meeting the heterogeneous reading comprehension needs of students with ASD. For students with ASD, improving reading comprehension is critical for increasing their opportunities to attend college and obtain meaningful employment. Higher levels of reading comprehension are associated with greater gains in other academic areas, higher levels of employment, increased independence, and overall improved quality of life."
R324G060005,Multiple-Component Remediation for Struggling Middle School Readers,Special Education Research Grants,"Reading, Writing, and Language",Reading/Writing/Literacy,"The purpose of this project is to evaluate the efficacy of two multiple component reading interventions for middle school students with reading disabilities. Both programs address multiple sources of dysfluent reading, impaired reading comprehension, decoding, reading rate, and comprehension problems. However, the programs differ in that one includes a fluency component and the other includes a comprehension intervention component."
R305W030036,"The New 3R's – Reading, Resilience, and Relationships in After-School Programs",Unsolicited,NA,Reading/Writing/Literacy,No abstract available.
R305A080063,A Randomized Controlled Study of the Effects of Intelligent Online Chemistry Tutors in Urban California School Districts,Education Research Grants,"Science, Technology, Engineering, and Mathematics (STEM) Education",STEM,"Student knowledge and skills in science in the U.S. needs to be improved. A National Science Board report in 2006 indicates that while science achievement has improved slightly on some measures over the last few years, it is far below goals set by the National Science Board's Commission on Precollege Education in Mathematics, Science, and Technology almost three decades ago. Moreover, the performance of students in the U.S. is lagging when compared to other countries. The purpose of this project is to test the efficacy of the Quantum Chemistry Tutors, a suite of computer-based cognitive tutors that are designed to give individual tutoring to high school students in 12 chemistry topics. The findings from this study will not only tell us about the efficacy of this specific intervention but will also contribute to a better understanding of the general effects of the use of intelligent tutoring software on student learning, when used in conjunction with a range of commercially available science curricula."
R305A080464,Closing the Achievement Gap in Middle School Mathematics Utilizing Stanford University's Education Program for Gifted Youth Differentiated Mathematics Program,Education Research Grants,"Science, Technology, Engineering, and Mathematics (STEM) Education",STEM,"The failure to meet the educational needs of low socioeconomic status students continues to be a problem of national significance. The Stanford University's Education Program for Gifted Youth (EPGY) can help meet the educational needs of low socioeconomic status students. Results from an evaluation of the EPGY program in Title I elementary schools in California showed that students who used the program improved their mathematics performance on the California Standards Test. Following the same methodology used for the elementary school evaluation, the researchers will determine the degree to which the EPGY program can improve students' mathematics performance in middle school. The purpose of this study is to evaluate the efficacy of the EPGY program in middle schools with large percentages of low socioeconomic status students."
R305A080479,Fostering Fluency With Basic Addition and Subtraction,Education Research Grants,"Science, Technology, Engineering, and Mathematics (STEM) Education",STEM,"hildren at risk for academic failure frequently have difficulty achieving fluency in basic addition and subtraction facts. Many at-risk first and second graders have difficulty with even the simplest addition facts, such as 6 + 0 = 6 and 7 + 1 = 8. Although early intervention might prevent these deficiencies and learning difficulties, little research has rigorously examined how to best promote fact fluency among young at-risk children. The purpose of this study is to evaluate the efficacy of a set of computer-based activities, developed under a previous Institute of Education Sciences development grant, designed to foster children's fluency with single digit, basic addition and subtraction facts."
R305A080699,Early Learning in Mathematics: Efficacy in Kindergarten Classrooms,Education Research Grants,"Science, Technology, Engineering, and Mathematics (STEM) Education",STEM,"In recent years, low levels of mathematics performance have been found among U.S. students in relation to national standards and in international comparisons. Signs of these problems appear early in students' schooling. Unless these differences are addressed as early as kindergarten, they are likely to persist and become more difficult to remediate over time. One approach to improving achievement is to deliver effective instructional programs to all students as they enter school. Few experimental studies exist comparing the efficacy of mathematical instructional programs used in kindergarten classrooms with a range of learners. The purpose of this project is to test the efficacy of the Early Learning in Mathematics (ELM) curriculum, which was developed and field tested under a previous Institute of Education Sciences grant."
R305A090094,Efficacy of the Science Writing Heuristic Approach,Education Research Grants,"Science, Technology, Engineering, and Mathematics (STEM) Education",STEM,"Basic scientific literacy, knowledge, and skills are needed in order to participate effectively in a society increasingly shaped by science and technology. Unfortunately, mastery of rudimentary science knowledge and skills continue to be a challenge for many students. To address this need, the current study will test the efficacy of an inquiry approach that helps build elementary school students' science content knowledge, argumentation skills, and interest."
R305A090195,Testing the Effectiveness of CALM for High School Chemistry Students,Education Research Grants,"Science, Technology, Engineering, and Mathematics (STEM) Education",STEM,"To address the poor science achievement of high school students and to help reduce the achievement gap, high school science teachers need interventions that improve student learning in science. Unfortunately, there are few science interventions currently available to high school science teachers that have rigorous, scientifically based evidence of their impact on student's science achievement. Therefore, this study seeks to assess the efficacy of the Computer Assisted Learning Method (CALM), a fully developed chemistry program widely used in the state of Indiana."
R305A090197,Efficacy Study of AnimalWatch: An Intelligent Tutoring System for Pre-Algebra,Education Research Grants,"Science, Technology, Engineering, and Mathematics (STEM) Education",STEM,"Algebra is considered a critical ""gatekeeper"" mathematics course for high school graduation and college enrollment, but many students continue to struggle with algebra and failure rates are high. Often, the problem is that students have not yet mastered the prerequisite computation, fractions, and algebra readiness skills necessary to successfully solve algebraic problems. One potential way to improve student mathematics achievement and prepare students for algebra may be through the use of intelligent tutoring systems. In this study, the researchers are evaluating the efficacy of the AnimalWatch System, a computer-based intelligent tutor that is designed to provide individualized tutoring for students in pre-algebra. The AnimalWatch System was developed with support from a previous IES Goal 2 Development grant (R305K050086)."
R305A090281,Promoting Science among English Language Learners (P-SELL): Efficacy and Sustainability,Education Research Grants,"Science, Technology, Engineering, and Mathematics (STEM) Education",STEM,"As the school-aged population continues to become more racially, ethnically, and linguistically diverse, English language learning (ELL) students can now be found in virtually every school in the nation. For ELL students, content area instruction, such as science, should provide a meaningful learning environment for English language and literacy development. At the same time, improving English skills should provide the medium for understanding academic content. In reality, however, ELL students frequently confront the demands of academic learning through a yet-unmastered language without the instructional support they need. As a result, ELL students often fall behind their English-speaking peers in content areas. Thus, an intervention to promote academic learning with ELL students is needed, especially in content areas such as science. To address this need, the researchers intend to evaluate the efficacy of the Promoting Science among English Language Learners (P-SELL) curriculum."
R305A090527,Spatial Temporal Mathematics at Scale: An Innovative and Fully-Developed Paradigm to Boost Math Achievement Among All Learners,Education Research Grants,"Science, Technology, Engineering, and Mathematics (STEM) Education",STEM,"In typical instruction, elementary school students experience math concepts and solve mathematics problems through language and symbol minimized representations. The purpose of this project is to test the efficacy of Spatial Temporal Math (ST Math™) in improving student achievement in mathematics as measured by standardized tests in grades 2 through 5, and to ascertain if the program has differential effects for subgroups of students. This fully developed instructional software includes a coordinated series of computer games that build on a key cognitive ability, variously called visualization, spatial ability, or spatial temporal reasoning. One possible benefit of this approach is that it may reduce distractions by minimizing language and symbolic representations and maximizing visual representations. Designed both to teach math content and build problem-solving and reasoning skills, it may serve as a powerful complement to the regular math curriculum for students Grades K-5."
R305A090528,Applications of Intelligent Tutoring Systems (ITS) to Improve the Skill Levels of Students with Deficiencies in Mathematics,Education Research Grants,"Science, Technology, Engineering, and Mathematics (STEM) Education",STEM,"The proposed study examines the efficacy of using the Assessment and LEarning in Knowledge Spaces (ALEKS®) system in after-school settings to improve the mathematical skills of struggling 6th grade students. ALEKS® is a web-based, artificial intelligent assessment and learning system that uses adaptive questioning to quickly and accurately determine exactly what a student knows and does not know in a math course. Previous research with ALEKS®, implemented within the classroom, has offered preliminary results indicating the possible positive effect of the intervention, leading to an increase by 25% in the number of questions answered correctly on the math portion of the TCAP. However, the experimental design of this previous research does not allow for the causation of the intervention to be determined. This project is designed to test the effectiveness of the system as a supervised after-school program."
R305A110358,Learning of Ratio and Proportion Problem-Solving Using Schema-Based Instruction: Efficacy and Sustainability,Education Research Grants,"Science, Technology, Engineering, and Mathematics (STEM) Education",STEM,"The mathematics performance of U.S. students by Grade 8 is below the international average on more advanced mathematics topics including geometry, measurement, and proportionality. One explanation for the lower levels of performance may be students' difficulties with proportional reasoning, which is considered to be a capstone of elementary mathematics and a necessity for the more advanced mathematics that students encounter in high school and college. Building upon work from a prior IES Goal 2 Development grant, the goal of this project is to evaluate the efficacy of an intervention (schema-based instruction or ""SBI"") aimed at improving 7th grade students' learning of ratio and proportion. The primary objective of this project is to assess the immediate and long-term impact of SBI on students' mathematics problem solving and proportional reasoning. Secondary objectives include: (1) evaluating the immediate and long-term impact of SBI on student outcomes; (2) studying the implementation factors that are associated with effectiveness; (3) assessing SBI and teacher classroom characteristics that moderate the impact of student-level characteristics on mathematical problem solving and proportional reasoning; and (4) evaluating the effects of the intervention on students' metacognitive strategy knowledge and their acceptance of SBI."
R305A110685,Data Modeling Supports the Development of Statistical Reasoning,Education Research Grants,"Science, Technology, Engineering, and Mathematics (STEM) Education",STEM,"Statistics and data are featured prominently in the emerging national core standards in mathematics at the middle grades, but instruction in the middle grades typically isolates data from chance and fails to focus on foundations of statistical reasoning. These neglected foundations include structuring variability in data as distributions, relating data distribution to chance, and generating models of chance to guide statistical inference. Under the Data Modeling curriculum, these skills and understandings are integrated into a coordinated, cohesive curriculum. The goal of this project is to examine the efficacy of the Data Modeling curriculum on student learning and attitudes toward the mathematics of data and statistics at Grade 6. The intervention includes a sequence of 7 lessons to guide teachers in teaching key ideas, a set of coordinated formative and summative assessments items used to measure student learning and to inform instruction, and a professional development model and tools for teachers."
R305A120045,Efficacy Study of a Pre-Algebra Supplemental Program in Rural Mississippi Schools,Education Research Grants,"Science, Technology, Engineering, and Mathematics (STEM) Education",STEM,"In some states, rural students continue to lag significantly behind their non-rural peers in mathematics achievement. A strong correlate of the mathematics achievement gap between rural and non-rural students is the availability for opportunities to learn. Providing supplemental learning activities can help improve the mathematics achievement of rural students by providing students with additional opportunities to learn the content. This study will evaluate the efficacy of a supplemental mathematics curriculum, Every Day Counts Algebra Readiness (EDC Algebra Readiness), in Mississippi, a state with a sizable number of rural schools and the largest gap in achievement on the eighth-grade algebra scale of the National Assessment of Educational Progress."
R305A120184,Investigation of the Efficacy of the JUMP Program of Mathematics Instruction,Education Research Grants,"Science, Technology, Engineering, and Mathematics (STEM) Education",STEM,"Research on the efficacy of comprehensive mathematics curricula and instruction continue to be in short supply. Existing programs have not had a sizable impact on mathematics achievement, so there is a pressing need for innovative, evidence-based approaches for teaching mathematics. The currently study will evaluate the efficacy of a newly developed mathematics curriculum, Junior Undiscovered Math Prodigies (JUMP Math), that has promising evidence of its potential impact to improve learning in mathematics."
R305A120262,A Randomized Study of the Efficacy of a Two-Year Mathematics Intervention for At-Risk Pre-Kindergarten and Kindergarten Students,Education Research Grants,"Science, Technology, Engineering, and Mathematics (STEM) Education",STEM,"Most public preschool and kindergarten programs spend little time on mathematics. In addition, the mathematics curricula typically used in pre-kindergarten and kindergarten are not evidence-based, effective mathematics curricula and share two common design flaws. First, the content included is typically too broad and thus fails to systematically focus on building student understanding of key math content. Second, most curricula are not designed to address the specific mathematics instructional needs of at-risk students, including students from low-income backgrounds. The Pre-Kindergarten Mathematics and Early Learning in Mathematics (ELM) curricula have been shown to improve students' mathematics achievement at pre-kindergarten and kindergarten, respectively, in prior, separate evaluations. Although students in the treatment condition improved in their mathematics learning in the prior separate evaluations of Pre-Kindergarten Mathematics and ELM, low-income students' mathematics performance still lagged behind their middle-class peers. The current study will combine the two, one-year interventions into a two-year pre-kindergarten and kindergarten intervention that has the potential to produce strong effects at the end of the kindergarten year and enable low-income students to perform comparably to their middle-class peers on high stakes mathematics assessments. This study will provide empirical evidence about whether the two-year intervention improves low-income students' mathematical knowledge and the degree to which the intervention closes the socioeconomic status-related achievement gap in students' mathematical knowledge."
R305A120288,Perceptual Learning Technology in Mathematics Education: Efficacy and Replication,Education Research Grants,Cognition and Student Learning,STEM,"An important expertise in mathematics is the rapid pick-up of task-relevant patterns and structures. Yet such skills are seldom taught explicitly. Instruction usually emphasizes declarative knowledge and procedures that can be enacted. Indeed, instruction is commonly understood to require verbal explanation and discussion-whether it takes the form of teacher led lectures, reading assignments, small group discussion, or self-explanation. Similarly, procedural learning in mathematics generally involves steps or strategies that can be articulated and then practiced. While these pedagogical processes are clearly important, studies of mathematics learning point to persistent problems in student learning, including difficulties in retention, failure to transfer, lack of fluency, and poor understanding of the conditions of application of knowledge. The perceptual learning modules (PLMs), which were developed under a prior IES Development grant, incorporate principles of perceptual and adaptive learning to target conceptually difficult areas of the middle school mathematics curriculum related to fractions and measurement. In smaller-scale classroom based efficacy studies, the PLM modules have shown robust and durable gains in student learning. The goal of this study is to test the efficacy of the PLMs to improve student learning compared to students who do not have access to the intervention."
R305A130206,My Science Tutor: Improving Science Learning through Tutorial Dialogs (MyST),Education Research Grants,Cognition and Student Learning,STEM,"Many students in the United States are not proficient in science and do not demonstrate competence in challenging science content. Many schools and districts are moving toward inquiry-based science curricula that allow students the opportunity to use inquiry, experimentation, and analysis to actively construct ideas. However, even with inquiry-based science curricula, there are students who do not master science content. The current project will test the efficacy of a computer-based intelligent tutoring system for third-, fourth-, and fifth-grade students called My Science Tutor (MyST), which was developed and pilot-tested under an earlier IES grant (Improving Science Learning Through Tutorial Dialogs). Researchers will compare MyST to both human small-group tutoring and business-as-usual during this current project. Students in the business-as-usual condition will not receive any additional tutoring either from MyST or a human tutor."
R305A140092,The Impact of a Teacher-Led Early Algebra Intervention on Children's Algebra-Readiness for Middle School,Education Research Grants,"Science, Technology, Engineering, and Mathematics (STEM) Education",STEM,"Starting around the turn of the 21st century, reforms in mathematics education underscored the critical role of algebra in elementary, middle and high school. It is argued that the traditional ""arithmetic-then-algebra"" approach, where an arithmetic curriculum in the elementary grades is followed by a formal treatment of algebra in secondary grades, does not allow the time and space necessary for students to develop depth in their understanding of algebra. However, the premise that beginning algebra instruction in the elementary grades-rather than waiting until secondary grades-would more effectively prepare children for a formal study of algebra had not been tested. The primary purpose of this project was to evaluate whether students who received longitudinal, early algebra instruction during the elementary grades were better prepared for algebra in middle school than students who received only arithmetic-focused instruction."
R305A150088,Improving Children's Understanding of Mathematical Equivalence: An Efficacy Study,Education Research Grants,Cognition and Student Learning,STEM,"The purpose of this project is to evaluate Improving Children's Understanding of Equivalence (ICUE), a fully-developed intervention that supplements teachers' existing mathematics instruction and helps students develop understanding of mathematical equivalence. This intervention was developed under two prior IES awards (Arithmetic Practice that Promotes Conceptual Understanding and Computational Fluency and Improving Children's Understanding of Mathematical Equivalence). A vast majority of elementary students struggle with the core concept of mathematical equivalence (i.e., the relation between two interchangeable quantities), and pilot data suggests that ICUE is a promising, cost-effective, and easy-to-implement intervention for improving second grade students' math learning outcomes. In this project, an independent evaluator will conduct a large-scale randomized control trial (RCT) to test the prediction that ICUE will improve student math outcomes. In addition, this efficacy trial will lay the groundwork for potential follow-up studies to test the assumption that improving elementary students' understanding of math equivalence has long-term positive consequences for mathematics achievement and algebra readiness."
R305A150200,Embedding Working Memory Training within Math Problem Solving Intervention,Education Research Grants,Cognition and Student Learning,STEM,"The research team tested the efficacy of a fully developed intervention intended for elementary school students who need to support with their mathematics problem solving (MPS) skills. The field’s major approach to intervention for students with or at risk for mathematics difficulty (MD) is structured skills instruction, which is designed to compensate for student limitations in the cognitive resources associated with academic performance. Despite the efficacy of this approach, approximately 30 percent of students with MD do not respond adequately to such intervention in mathematics problem solving (MPS). To address the needs of a broader range of students, the framework for intervention must be expanded beyond structured skills instruction. An alternative approach is to strengthen the cognitive resources associated with MPS by targeting working memory. This study contrasted alternative approaches to MPS intervention, including a previously validated MPS intervention, the same MPS intervention with embedded working memory training (the innovative condition of major interest), and general working memory training with contiguous math practice (an innovative condition of secondary interest)."
R305A160263,An Efficacy Study of Interleaved Mathematics Practice,Education Research Grants,Cognition and Student Learning,STEM,"This project assessed the efficacy and feasibility of a mathematics learning intervention known as interleaved practice. In a typical mathematics practice assignment, students see a group of problems that can be solved by the same strategy (e.g., 10 parabola problems), and this format allows students to use nearly the same strategy for every problem. With interleaved practice, different kinds of practice problems are arranged so that no two consecutive problems can be solved by the same strategy (e.g., a problem about the median followed by a problem about the mean). This approach forces students to choose an appropriate strategy for each problem on the basis of the problem itself, just as they must do when they solve problems on cumulative exams and high stakes tests. In simplest terms, interleaved practice provides students with an opportunity to practice what they need to know. Interleaved practice can be implemented in any mathematics course, and it can be used at home or in the classroom, with or without computers."
R305A170044,Evaluation of the KinderTEK iPad Math Program,Education Research Grants,"Science, Technology, Engineering, and Mathematics (STEM) Education",STEM,"The purpose of this project was to evaluate the efficacy of KinderTEK, a fully developed, tablet-based math program for young learners. Many teachers turn to technology in the hopes that online programs, applications (apps), and virtual manipulatives can provide differentiated instruction, independent practice, and engaging content for students within their classrooms. KinderTEK is a product of a prior IES development grant (R324A110286) and an OSEP Stepping Up Technology grant that can function both as a standard curriculum addressing whole number concepts and as an individualized, preventative intervention with many opportunities for differentiated instruction. The adaptive KinderTEK program blends focused whole number content and evidence-based instructional design principles with the affordances of iPads to differentiate instruction for each student."
R305A170074,Efficacy of the Connected Chemistry Curriculum,Education Research Grants,"Science, Technology, Engineering, and Mathematics (STEM) Education",STEM,"This project evaluated the efficacy of the Connected Chemistry Curriculum (CCC) intervention for high school chemistry. Although the number and variety of technology-infused learning environments available in schools have increased exponentially, few curricula have fully leveraged these technologies or assessed their impact on students from underrepresented groups in STEM classes. Building on a prior IES Development and Innovation grant, the CCC intervention aimed to improve student learning outcomes in chemistry by enhancing students' representational competence and promoting conceptual change through the coordinated use of virtual and physical laboratory environments."
R305A170114,Increasing Learning By Promoting Early Abstract Thought,Education Research Grants,Cognition and Student Learning,STEM,"In this project, the researchers purposed to measure the impact of using an education intervention designed to enhance two particular forms of abstract thinking in young children's learning and achievement. The two particular abstract principles-learning to figure out which object in a group is unlike the others (the oddity principle) and knowing how to insert an appropriate object into a pre-given series of objects (seriation)-are forms of abstract thinking that are especially important in kindergarten as building blocks to greater school success. The investigators theorized that knowledge of these two principles promote abstract thinking and should enhance the acquisition of academic content knowledge."
R305A170640,Enhancing Middle School Mathematics Achievement through Spatial Skills Instruction,Education Research Grants,Cognition and Student Learning,STEM,"The purpose of this project is to evaluate the impact of a spatial skills training curriculum on mathematics achievement for middle school students. Well-developed spatial skills have been shown to be important to success in a variety of science, technology, engineering, and mathematics (STEM) fields. However, causal studies showing a link between spatial skills training and future STEM performance represent a significant gap in our understanding of the link between spatial skills and STEM achievement. The research team will conduct an efficacy study comparing a spatial training curriculum to business as usual instruction to evaluate the effect of the curriculum on spatial skills, mathematics achievement, and future STEM achievement."
R305A180401,The Efficacy of From Here to There: A Dynamic Technology for Improving Algebraic Understanding,Education Research Grants,Cognition and Student Learning,STEM,"The purpose of this project is to test the efficacy of From Here to There (FH2T), an interactive touch-based application developed with prior IES funding (Learning the Visual Structure of Algebra Through Dynamic Interactions with Notation). FH2T is designed to improve students' conceptual understanding of algebraic ideas. Algebra is foundational for understanding advanced mathematics; however, many middle and high school students fail to understand basic algebraic concepts. In FH2T, math symbols are presented as movable, physical objects, and perceptual learning principles and game design elements are incorporated to address factors that lead to low algebra proficiency such as poor understanding of the equal sign and failure to connect procedural knowledge, conceptual understanding, and real-world applications."
R305A180513,Efficacy Study of an Integrated Science and Literacy Curriculum for Young Learners,Education Research Grants,"Science, Technology, Engineering, and Mathematics (STEM) Education",STEM,"The purpose of this study was to evaluate an early elementary science curriculum that integrates language and literacy support to help meet the needs of our nation's increasingly diverse schools. Originally developed with funding from a previous Goal 2 — Development and Innovation grant (First Grade, Second Language: Uniting Science Knowledge and Literacy Development for English Learners), the integrated science and literacy curriculum for 1st grade classrooms is now part of the comprehensive Amplify Science K–5 program that is widely available to school districts. The 1st grade curriculum engages students in the learning process through scientific investigations at a level appropriate for young learners and addresses the challenges of language and literacy development by ensuring that the language of science is brought forward and explicitly addressed in an integrated approach. The researchers conducted a randomized controlled trial of the first grade curriculum across three school districts in California."
R305B070048,Evaluation of the First In Math Online Mathematics Program in New York City: A Randomized Control Trial,Education Research Grants,"Science, Technology, Engineering, and Mathematics (STEM) Education",STEM,"According to the 2005 National Assessment of Education Progress mathematics assessments, only 35 percent of students in grade 4 perform at or above the proficient level of mathematics achievement. In order to identify effective programs that can help improve students' mathematics proficiency, rigorous research is needed. The purpose of this project is to examine the impact of the First in Math online mathematics program on fourth- and fifth-grade student achievement in the New York City Public School District. The First in Math program is a supplemental instructional tool designed to increase mathematics achievement using interactive online games. The study examines: individual and classroom level conditions that influence First in Math program use, the impact of First in Math on mathematics performance, and variation in impact across classrooms with high and low support of technology integration."
R305B070354,Diagnostic Embedded Classroom Assessment—An Efficacy Study,Education Research Grants,"Science, Technology, Engineering, and Mathematics (STEM) Education",STEM,"Embedding assessment practices within instructional materials gives teachers a tool to monitor student learning, provide immediate feedback to students at key junctures, and adjust instruction accordingly. Because science curricula typically include complex, sequential sets of knowledge and skills to master, embedded formative assessment may be a useful component of science curricula. WestEd, in collaboration with the University of California at Los Angeles, is planning to test the efficacy of the Assessing Science Knowledge diagnostic formative assessment system, which was developed to be an integral part of the Full Option Science System elementary science modules published by Delta Education, Inc."
R305B070508,Successful Transitions to Algebra 1: A Randomized Control Trial of Two Theories of Ninth Grade Algebra Instruction,Education Research Grants,"Science, Technology, Engineering, and Mathematics (STEM) Education",STEM,"States and school districts increasingly mandate not only that all students earn Algebra I course credit to graduate, but that they enroll in Algebra I in the ninth grade. Data from districts that have implemented ""Algebra for All"" policies indicate that course failure rates approach 50 percent. Despite the pressure on districts and states to have all students ""college ready,"" there is a dearth of rigorous research on the most efficacious methods of teaching Algebra I to under-prepared students. The purpose of this project is to examine the impact of two approaches to teaching algebra on student achievement and credit accumulation in Algebra I among high school freshmen who are one to four years below grade level in mathematics."
R305B070542,An Economical Improvement In Literacy and Numeracy,Education Research Grants,Cognition and Student Learning,STEM,"Differences in student learning in reading and mathematics between children living in poverty and those who are not are apparent in kindergarten and persist as children progress through school. To address the challenge of improving learning outcomes for young children, in a previously funded IES project, Pasnak and Kidd developed a cognitive intervention for children who had difficulty mastering knowledge and skills appropriate for kindergarten. The cognitive intervention consists of small-group activities to help children learn two basic abstract thinking concepts: the oddity principle and insertion-into-series. The oddity principle requires children to recognize similarities and differences, to sort into categories, and to categorize objects hierarchically into basic, subordinate, and superordinate classes. Unidimensional seriation occurs when children are able to arrange objects in order by size or some other ordinal dimension. The researchers posited that explicitly teaching children basic abstract thinking skills would improve learning outcomes in multiple domains. In their FY 2003 IES project, they demonstrated that the intervention produced significant advances in numeracy and knowledge of letters and letter sounds when implemented with kindergarten children. In the current project, the research team will evaluate whether the intervention can be implemented in Head Start classrooms with a multi-ethnic population of 3- and 4-year olds and improve young children's early reading and numeracy skills.

In the current project, the research team will evaluate whether a previously developed intervention tested with kindergartners can be implemented in Head Start classrooms with a multi-ethnic population of 3- and 4-year olds and improve young children's early reading and numeracy skills."
R305H030031,Increasing Learning By Promoting Early Abstract Thought,Education Research Grants,Cognition and Student Learning,STEM,"In this project, the researchers purposed to measure the impact of using an education intervention designed to enhance two particular forms of abstract thinking in young children's learning and achievement. The two particular abstract principles-learning to figure out which object in a group is unlike the others (the oddity principle) and knowing how to insert an appropriate object into a pre-given series of objects (seriation)-are forms of abstract thinking that are especially important in kindergarten as building blocks to greater school success. The investigators theorized that knowledge of these two principles promote abstract thinking and should enhance the acquisition of academic content knowledge."
R305K040001,An Examination of the Impact of Big Math for Little Kids on Pre-K and Kindergarten Students' Learning of Math,Education Research Grants,"Science, Technology, Engineering, and Mathematics (STEM) Education",STEM,"American children do not perform as well in mathematics as children from other countries, and American children from low income families do not do as well as children from middle and upper income families. The purpose of this project is to evaluate the efficacy of a mathematics curriculum that has been developed for pre-kindergarten and kindergarten students, Big Math for Little Kids, to determine if it is possible to provide young children who are at-risk for poor mathematics achievement with a stronger mathematics foundation.

Big Math for Little Kids (BMLK) includes a structured sequence of activities that is includes both mathematics content and related verbal expression. BMLK is designed for use at least 20 to 30 minutes each day throughout a typical 32-week academic year. Lessons, which can be implemented in large groups, small groups, and with individual children, take the form of games, activities with manipulatives, explorations, stories, a very small amount of work with writing and reading mathematics, and various other activities. Lessons are organized into six major content strands: number, shape, measurement, operations on numbers, patterns and logic, and space. The strands cover similar topics at each age level, but offer more advanced material at the kindergarten level. Teachers are provided with suggestions on how to assess children's mathematical learning and thinking in the context of instruction.

In the first year of the project, 16 large, public childcare centers will be randomly assigned to either the treatment or the control condition. In the eight treatment centers, 16 pre-kindergarten teachers (two per center) will attend a BMLK summer training program, with eight follow-up sessions during the academic year. An equal number of teachers from the eight control group centers will serve as the comparison group. The comparison group will continue to use Creative Curriculum, the standard program used in these centers. In the second year the teachers will implement the two curricula in their classrooms, serving 320 pre-kindergarten children in each curriculum group. In the third year the researchers will follow students who remain in the same centers for kindergarten. A total of eight kindergarten classrooms, with approximately 160 children, will be included for each curriculum group. The researchers are using a nationally normed test of math learning to compare the effects of the two curricula on student learning. In addition, data obtained from classroom observations and teacher interviews will be used to examine whether children's learning is related to the fidelity and intensity with which the teachers implement the BMLK curriculum."
R305K050045,Classroom Connectivity in Promoting Mathematics and Science Achievement,Education Research Grants,"Science, Technology, Engineering, and Mathematics (STEM) Education",STEM,"In this project, researchers evaluated the impact of connected classroom technology with interactive pedagogy and professional development on mathematics and science achievement in students from grade 7 through grade 10. This project focused U.S. high school students because they compared relatively poorly internationally, while U.S. elementary school students performed as well as or better than those of other countries at the time of this project. By gathering this evidence, the researchers aimed to improve mathematics and science instruction and achievement."
R305K050050,Math Pathways and Pitfalls Lessons for K-7 Students: Improving Mathematics Achievement for English Language Learners,Education Research Grants,"Science, Technology, Engineering, and Mathematics (STEM) Education",STEM,"In this study, the researchers conducted an efficacy trail evaluating the impact of the Math Pathways and Pitfalls lessons on English language learners' mathematical achievement and the development of mathematics-related language. In the early 2000s, 35 percent of white 4th graders scored at or above proficient in mathematics on the National Assessment of Educational Progress. In contrast just 10 percent of Latino 4th graders scored at this level. Through this project, the researchers aimed to develop evidence about instructional materials that may help Latino students and English language learners develop important mathematics concepts and the academic language needed to understand and reason about those concepts."
R305K060142,Measuring the Efficacy and Student Achievement of Research-based Instructional Materials in High School Multidisciplinary Science,Education Research Grants,"Science, Technology, Engineering, and Mathematics (STEM) Education",STEM,"In order to improve student achievement in science, school districts in the U.S. need rigorous evidence regarding the impact of instructional materials so they can make sound decisions about their science programs. In 2000, the Biological Sciences Curriculum Study team began the design and development of BSCS Science: An Inquiry Approach to meet the need for multidisciplinary science curricula. Their initial work was funded by the National Science Foundation. Now that the curriculum has been developed and commercially published, in this IES project, the researchers are conducting a rigorous evaluation to test whether students who use this curriculum will learn more than students using the existing commercially produced science curriculum.

The education and business communities in the United States have grown increasingly concerned about student achievement in math and the sciences. In addition to generally poor performance by U.S. students, other analyses indicate that current science instructional materials and curricula are fragmented, lack coherence, and are not carefully articulated through a sequence of grade levels. Few materials address in-depth, comprehensive standards as outlined in the National Science Education Standards (NRC, 1996) or Benchmarks for Science Literacy. In order to improve student achievement in science, school districts in the U.S. need rigorous evidence regarding the impact of instructional materials so they can make sound decisions about their science programs. In 2000, the Biological Sciences Curriculum Study team began the design and development of BSCS Science: An Inquiry Approach to meet the need for multidisciplinary science curricula. Their initial work was funded by the National Science Foundation. Now that the curriculum has been developed and commercially published, in this IES project, the researchers are conducting a rigorous evaluation to test whether students who use this curriculum will learn more than students using the existing commercially produced science curriculum."
R305F050122,Experimental Field Study of Cognitive Tutor Geometry Curriculum,Field Initiated Evaluations of Education Innovations,NA,STEM,"In this study, researchers obtained evidence on the effectiveness of Cognitive Tutor Geometry, a high school geometry curriculum that has shown promise in earlier quasi-experimental studies. The program combines individualized tutorial software with teacher-guided group work and problem-solving. As of the early 2000s, data from the National Assessment of Education Progress showed very low mathematics proficiency among high school students, with large gaps in the performance of students of different racial, ethnic, and income groups. But many educators did not always know how to address the problem because few curricula are supported by rigorous scientific research. At the end of the project, the researchers provided evidence about whether implementation of Cognitive Tutor Geometry in one large district improved student performance on the state's end-of-course geometry assessment."
R305R220024,"Efficacy of Sound Partners Supplemental Tutoring for ELL Students, Grades K-1",Research Grants Focused on Systematic Replication,NA,STEM,"One of the greatest challenges facing U.S. public schools today is to ensure that increasingly large numbers of English language learners become proficient readers. English language learners are the fastest growing population in U.S. schools, increasing 65 percent since 1994. In urban schools, English language learners account for 21 percent of students. To date, little research has been conducted to rigorously evaluate the effects of curricula intended to improve reading instruction for students who are also learning English.

The purpose of this study is to examine the efficacy of Sound Partners, a fully developed code-oriented supplemental reading intervention that is designed to be implemented by para-educators. Sound Partners is a published program that has been used with students at risk for reading disabilities. In this study, the research team is evaluating the effects of the program for improving reading outcomes for children in kindergarten and first grade who are English language learners."
R324R200005,ROOTS Replication: A Systematic Replication of a Tier 2 Kindergarten Mathematics Intervention,Research Grants Focused on Systematic Replication,NA,STEM,The purpose of this project is twofold. The primary purpose is to conduct a replication study of a kindergarten mathematics intervention (ROOTS) for students at risk for mathematics learning disabilities (MLD) across school types and student populations intentionally selected to differ from previous efficacy studies. A secondary purpose of the project will be to investigate the relationship between intervention onset and student outcomes.
R324A070206,Improving Mathematics Performance of At Risk Students and Students with Learning Disabilities in Urban Middle Schools (MSM Project),Special Education Research Grants,"Science, Technology, Engineering, and Mathematics",STEM,"Students with disabilities tend to lag behind their peers in mathematics achievement. On the 2007 National Assessment of Educational Progress, 19 percent of students with disabilities in Grade 4, and 8 percent of students with disabilities in Grade 8 were at or above the proficient level in mathematics for their grade. A number of interventions have been developed to address the mathematics needs of students with disabilities, but relatively little high quality research has been conducted to test the efficacy of such interventions. This project will test the efficacy of Solve It!, an intervention designed to teach students with learning disabilities how to understand, analyze, solve, and evaluate mathematical problems by developing the processes and strategies that effective problem solvers use. The participants in the study will be middle school teachers and students in the Miami-Dade County Public Schools. A cluster randomized design will be employed, and outcomes will include tests of mathematics achievement, problem solving, and self-efficacy for learning."
R324A090179,Evaluating the Efficacy of Enhanced Anchored Instruction for Middle School Students with Learning Disabilities in Math,Special Education Research Grants,Cognition and Student Learning in Special Education,STEM,"Research on interventions for secondary students with learning disabilities in math is limited. It has been estimated that between 5 to10 percent of students have a specific learning disability in math. Difficulties in math performance are often attributed to a combination of weak problem-solving, such as identifying relevant information, and computational skills, such as basic operations involving fractions. Research has suggested that students with disabilities in math gain, on average, only one year of achievement in math for every two years they are in school and for some math skills, there is little appreciable growth in the later school years.

Researchers in this study are evaluating Enhanced Anchored Instruction, a pedagogical approach that allows students additional opportunities to practice their skills as they solve new but analogous math problems in applied and challenging contexts. The development of the intervention was funded under the Cognition and Student Learning Research Program. The purpose of this study is to evaluate the intervention against a typical classroom curriculum."
R324A120304,A Randomized Control Trial of a Tier 2 Kindergarten Mathematics Intervention,Special Education Research Grants,"Science, Technology, Engineering, and Mathematics",STEM,"Recently, students in the United States have demonstrated low levels of mathematics performance compared to national standards and the performance of students from other countries. Signs of potential low performance and risk for mathematics disabilities can appear early in students' schooling. Without intervention in early elementary school, these difficulties are likely to persist over time and become more challenging to remediate. One approach to improving mathematics achievement is to deliver effective instructional programs to students at risk for mathematics disabilities as they enter kindergarten. Few experimental studies exist for evaluating the efficacy of mathematics programs used in kindergarten classrooms for students at risk for mathematics disabilities or future poor performance in mathematics.

The purpose of this project is to test the efficacy of a fully developed mathematics intervention for kindergarteners, called ROOTS, aimed at improving the mathematics skills of students with or at risk for mathematics disabilities. The project will evaluate two versions of the ROOTS intervention to investigate the relationship between group size and student outcomes. The first version is considered to be a high intensity version with two students in each intervention group; the second version is considered to be a low intensity version with five students in each intervention group."
R324A150078,Developing Connections Between Word Problems and Mathematical Equations to Promote Word-Problem Performance Among Students with Mathematics Difficulty,Special Education Research Grants,"Science, Technology, Engineering, and Mathematics",STEM,"The purpose of this efficacy study was to assess whether equation-solving instruction, conducted within the context of word-problem tutoring, led to improved word-problem solving outcomes. Word-problem proficiency is necessary to demonstrate successful mathematics performance. Many students, however, are inadequately prepared to solve word problems, and this is especially true for students with or at risk for mathematics difficulty (MD). Students with or at risk for MD demonstrate significantly lower word-problem performance and make significantly more errors when solving word problems than peers without MD. Given the importance of word-problem competency and the need to enhance this skill in students with MD, there is a critical need to determine the efficacy of word-problem interventions for students with MD."
R324A160008,Efficacy Study of the Universally Designed Science Notebook: An Intervention to Support All Students' Elementary School Science Learning,Special Education Research Grants,"Science, Technology, Engineering, and Mathematics",STEM,"The goal of this project was to test the efficacy of SNUDLE, a digital tool for teaching and learning science. The demands placed on schools to adopt new, more challenging content standards; the nation’s needs for more STEM majors and professionals; and the persistent low performance in science among students with disabilities and other marginalized students created a need for new, innovative approaches to teaching science. To address this need, researchers created a Universally Designed Science Notebook (UDSN, renamed SNUDLE) with support from a development grant to replace paper-based science notebooks used in many science classes. SNUDLE is a digital tool that scaffolds the five stages of the scientific inquiry process with supports based on the theoretical framework of Universal Design for Learning (UDL). The tool was experimentally evaluated in a small-scale pilot with 4th grade students over two science units and generated positive findings in both science content knowledge and motivation for science. This created the impetus to pursue this larger efficacy study to test SNUDLE in a larger study with different curricula and different school districts, achieving sufficient power to detect subgroup differences."
R324A160042,Project AIM: Algebra-readiness Intervention Modules for Middle School Students with Mathematics Difficulties,Special Education Research Grants,"Science, Technology, Engineering, and Mathematics",STEM,"The purpose of this study is to test the efficacy of Tier II Algebra-readiness Intervention Modules (Project AIM) designed to improve mathematics achievement for sixth- and seventh-grade students with difficulties in mathematics. Student success in Algebra I has been linked to greater ability to be successful at the post-secondary level and to garner higher-wage jobs. There is a critical need to ensure middle school students with mathematics difficulties are better prepared for Algebra I. However, more research is needed on how to prepare these students for Algebra I through Tier II intervention. This project seeks to fill this research gap by studying the efficacy of Project AIM Tier II intervention modules for improving mathematics achievement for sixth- and seventh-grade students with mathematics difficulties."
R324A160046,A Randomized Control Trial of a Tier 2 First Grade Mathematics Intervention,Special Education Research Grants,"Science, Technology, Engineering, and Mathematics",STEM,"The purpose of this study was to test the efficacy of a first-grade mathematics intervention called Fusion, aimed at developing understanding of whole numbers for students at risk for mathematics learning disabilities. According to results from the National Assessment of Educational Progress, only 42% of fourth graders performed at or above the proficient level in mathematics. Students who perform poorly in mathematics early in school are at risk for continuing to struggle in mathematics throughout elementary school and beyond. There was preliminary evidence that developing in-depth understanding of the whole number system can support learning of future mathematics concepts for students at risk for mathematics learning disabilities. More research was needed on the efficacy of such an approach at a large scale, as well as whether differences in intervention intensity were related to improved student outcomes. This project sought to fill this gap by studying the efficacy of the Fusion tier 2 intervention for students at risk for mathematics learning disabilities in classrooms using a response-to-intervention model."
R324A200140,Examining the Efficacy of a Fraction Sense Intervention Grounded in Principles From the Science of Learning,Special Education Research Grants,Cognition and Student Learning in Special Education,STEM,"The purpose of this project is to examine the efficacy of the fraction sense intervention (FSI), developed with funding from an IES grant, on student mathematics performance to understand mediators and moderators of the effects on student outcomes. Competence with fractions is crucial for success in math as well as for many careers and vocations. Students who leave 6th grade without fundamental understandings of fractions may experience cascading difficulties that lead to lifelong avoidance of math. At the same time, there is a great need for validated interventions in this age group to help circumvent a cycle of failure. This project seeks to address this need."
R324A200176,The Role of Algebraic Reasoning Within Additive and Multiplicative Multi-Step Problem Solving for Students With Mathematics Difficulty (Project RAAMPS),Special Education Research Grants,"Science, Technology, Engineering, and Mathematics",STEM,"The purpose of this initial efficacy study is to assess whether algebraic reasoning instruction, conducted within the context of word-problem intervention, leads to increases word-problem performance on one- and multi-step word problems. Research indicates students with mathematics difficulty (MD) demonstrate lower performance on setting up and solving word problems compared to peers without MD. The use of schemas has been shown to be an effective method of word-problem instruction for students with MD. Schemas represents the underlying structure of a word problem. With schema instruction, students can use mathematical equations (e.g., 45 – ? = 12) to represent the word problem and then use algebraic reasoning to solve the word problem. This study will show whether a word-problem intervention with embedded algebraic reasoning (RAAMPS) or a word-problem intervention without embedded algebraic reasoning (AMPS-without-AR) is more effective than business-as-usual instruction."
R305A080253,The Chicago Social and Character Development Trial: Extension to Grade 8,Education Research Grants,"Social, Emotional, and Behavioral Context for Teaching and Learning",Soc/Beh,"Significant numbers of students, particularly those living in large, under-resourced, urban areas, arrive in school lacking the necessary social skills and character development needed to succeed academically. Positive Action responds to a national need that schools address a range of student social and behavioral outcomes, including social skills, character development, and antisocial behavior, in ways that promote improved achievement. Previous data, during which students were followed up to grade 5, show effects of Positive Action for a wide range of outcomes. This project provides follow-up evaluation of Positive Action through grade 8 to determine its effects on social and academic outcomes during the middle grades and after six years of implementation."
R305A080326,A Randomized Controlled Trial of the Combination of Two Preventive Interventions,Education Research Grants,"Social, Emotional, and Behavioral Context for Teaching and Learning",Soc/Beh,"The Good Behavior Game (GBG) and Promoting Alternative Thinking Strategies (PATHS) are two universal, elementary school preventive interventions that have been shown in large scale, randomized controlled trials to have an immediate and beneficial impact on aggressive/disruptive and off-task behavior. Aggressive/disruptive and off-task behaviors in elementary school are strong indicators of chronically poor academic achievement and later, more serious antisocial behavior. Nonetheless, the effects of the GBG and PATHS on early aggressive/disruptive and off-task behavior have proven modest. The purpose of this project is to examine whether combining these interventions will yield a significantly greater impact on aggressive/disruptive and off-task behavior than the GBG or PATHS alone."
R305A080512,Testing the Efficacy of INSIGHTS in Enhancing the Academic Learning Context,Education Research Grants,"Social, Emotional, and Behavioral Context for Teaching and Learning",Soc/Beh,"The primary purpose of this group randomized trial was to test the efficacy of INSIGHTS into Children's Temperament, compared to a read aloud program, in enhancing the academic learning context of kindergarten and first grade inner-city classrooms. INISGHTS is designed to help teachers, parents, and children understand temperament-based individual differences in order to enhance classroom learning. Teachers and parents are taught strategies that match a child's temperament and enhance self-regulation, and children work with puppets to understand how other children and adults might react differently to similar situations. The intervention is hypothesized to enhance classroom climate, teacher and parent efficacy, and parent involvement in school, which in turn should decrease students' aggressive behaviors and increase their engagement, attention, and relationship quality with the teacher, all leading to improved performance in school."
R305A090100,An Efficacy Study of Two Computer-Based Attention Training Systems in Schools,Education Research Grants,Cognition and Student Learning,Soc/Beh,"Clinically significant attention problems in children can present a considerable obstacle to learning in school. Because of concerns over medication, many parents and school systems are increasingly turning to alternative forms of treatment for Attention-Deficit/Hyperactivity Disorder (ADHD), including computer-based attention training systems. The aim of this project is to evaluate the efficacy of two computer-based attention training systems in schools. One program uses EEG biofeedback to train children with ADHD to focus on a task, and the other uses a standard computer format for cognitive retraining. Both systems have received increasing attention from parents, school administrators, and the general public. This research study, which focuses on the efficacy and adaptation of computer-based attention training systems for use in schools, is of direct relevance to educators and to families of children with ADHD."
R305A090361,Effects of Classroom Management Training on Early Learning Skills,Education Research Grants,"Social, Emotional, and Behavioral Context for Teaching and Learning",Soc/Beh,"Considerable evidence suggests that teacher classroom management practices play a large role in determining the amount of time students engage in academic tasks, but there has been little experimental research on the direct benefits of classroom management training for academic achievement. The Incredible Years teacher training program (IYT) has been shown to be effective in improving classroom management practices in early elementary school and in enhancing children's social competence, emotion regulation skills, and behavior. However, academic outcomes of this program have not been examined. In this efficacy study, the research team will examine the effects of IYT on the academic performance of students in kindergarten through second grade and determine the extent to which classroom behavior mediates the relationship between teacher classroom management skills and students' academic performance in the classroom."
R305A090438,"The Social Skills Improvement System Classwide Intervention Program: Social, Behavioral, and Academic Outcomes in Elementary School",Education Research Grants,"Social, Emotional, and Behavioral Context for Teaching and Learning",Soc/Beh,"Helping children to get along with others, care about themselves, and actively participate in learning are critical to success in school. The Social Skills Improvement System (SSIS) is a comprehensive program to improve social skills and reduce problem behaviors from preschool to early adolescence. The Classwide Intervention Program (SSIS-CIP) is the universal component of this program. It was developed to help students learn the 10 social skills that teachers have identified as most critical to academic success (Elliot and Gresham, 2007). In this study, the research team will evaluate the effects of the SSIS-CIP program on students' social skills, behaviors, and academic achievement in the lower elementary grades."
R305A090446,Professional Development to Support and Sustain a Classroom Behavior Management Strategy,Education Research Grants,"Social, Emotional, and Behavioral Context for Teaching and Learning",Soc/Beh,"The Good Behavior Game (GBG), a fully developed classroom behavior management strategy, is one of the few preventive interventions targeting aggressive/disruptive behavior that has shown both short-term and long-term improvements for classroom behavior in randomized field trials. In this study, the research team addresses a fundamental challenge in moving research to practice, the need to understand the level of professional development required for teachers to implement and sustain new program practices so that benefits are seen both for their current students and for students they teach in subsequent years."
R305A100058,Tools of the Mind: Promoting Self-Regulation and Academic Ability in Kindergarten,Education Research Grants,Cognition and Student Learning,Soc/Beh,"Appreciable numbers of children are entering school without the necessary self-regulation needed to support learning and academic achievement in the early grades of schooling. The purpose of this project is to experimentally evaluate the efficacy of an early childhood curriculum, Tools of the Mind, in improving the self-regulation abilities, academic achievement, and social-emotional development of young children. The goal is to determine if the Tools of Mind curriculum leads to improved academic achievement relative to current practices and, moreover, to determine if this improvement can be accounted for (or mediated by) changes in students' executive functions, self-regulation, and social-emotional development. Unlike other self-regulation development programs, Tools of the Mind integrates activities intended to promote self-regulation with instructional activities intended to develop skills in literacy, mathematics, and social competence."
R305A100342,Evaluation of a Video-Based Modeling Program to Promote Effective Teacher Classroom Management Practices,Education Research Grants,"Social, Emotional, and Behavioral Context for Teaching and Learning",Soc/Beh,"Although much is known about effective classroom management strategies, many teachers are not adequately trained to deal with behavior problems in the classroom. The Incredible Years teacher training (IY TT) program is an innovative video-based modeling program that incorporates active learning of classroom management skills. In this efficacy study, the research team will examine the effects of IY TT on the academic performance of students in kindergarten through third grade and determine the extent to which classroom behavior mediates the relationship between teacher classroom management skills and students' academic performance in the classroom."
R305A100367,"Increasing Adolescent Engagement, Motivation, and Achievement: Efficacy of a Web-Based, Teacher Professional Development Model",Education Research Grants,"Social, Emotional, and Behavioral Context for Teaching and Learning",Soc/Beh,"By the time adolescents enter high school, more than half report that they do not take school or their studies seriously. Many adolescents also report that their interactions with teachers are not satisfying or motivating, suggesting that teachers may be uniquely positioned to promote student engagement in school. Because disengagement and lack of motivation are often expressed through disruptive and uncooperative classroom behavior, their negative effects on learning are compounded by missed instructional time due to office discipline referrals and in-school suspensions. My Teaching Partner (MTP) is designed to change the quality of teacher-student interactions in ways that enhance student engagement, reduce problematic behaviors, and increase student achievement. At the secondary level, MTP provides on-going, personalized coaching and feedback to support teachers' appropriate responses to adolescents' unique developmental needs. In this efficacy study, the research team will examine the effects of MTP on the academic performance of students in high school and determine the extent to which improved teacher-student interaction increases student behavioral and achievement outcomes via their impact on student engagement and motivation."
R305A100596,Academic Achievement Outcomes from a Pre-K Family and School Intervention,Education Research Grants,"Social, Emotional, and Behavioral Context for Teaching and Learning",Soc/Beh,"Ethnic minority students from schools in disadvantaged, urban neighborhoods are at high risk for problems in school including grade retention, academic underachievement, and school dropout. Prospective longitudinal studies indicate that behavior problems in early childhood, especially physical aggression, predict poor academic achievement. This suggests that prevention of aggression in early childhood may lead to higher academic attainment, yet experimental studies addressing this important education issue are lacking. In this project, researchers will conduct an efficacy follow-up study that considers whether a social/behavioral parent and teacher intervention delivered in pre-kindergarten, ParentCorps/TeacherCorps (PC/TC), leads to sustained improvements in behavior and academic achievement in second and third grade among children at high risk for school problems."
R305A110252,Assessing the Efficacy of Check & Connect for Improving Outcomes for At-Risk High School Students,Education Research Grants,"Social, Emotional, and Behavioral Context for Teaching and Learning",Soc/Beh,"Because the dropout problem has persisted in the United States over the previous decades, much work has focused on the development and implementation of dropout prevention programs in and outside of school. A review of the research on these programs suggests that some, but not many, dropout prevention programs have positive effects on school persistence and completion. Check & Connect is a dropout prevention program with demonstrated effectiveness for students with disabilities. The research team will carry out an efficacy trial testing the effect of Check & Connect for general education students (i.e., students who do not receive special education services) who show signs that they are at-risk for dropping out of high school. This 4-year study has two specific aims: (1) to generate rigorous evidence about the effects of Check & Connect on engagement, school completion, and academic outcomes of general education students who meet specific criteria for dropout risk; and (2) to document the implementation of Check & Connect with at-risk high school students."
R305A110397,Longitudinal Follow-up of Successful Parent/Child Intervention in Pre-school Children At Risk for School Failure,Education Research Grants,Cognition and Student Learning,Soc/Beh,"Children in poverty are at risk for school failure, which leads to negative long-term consequences both for them and for society. There is a strong need for evidence-based educational programs to ameliorate socioeconomic status disparities in academic achievement. Researchers have developed an intervention, Parents and Children Making Connections-Attention (PCMC-A), based on research on the development and neuroplasticity of attention as well as parenting and family dynamics. Research has shown that PCMC-A improves family dynamics, child cognition, and brain function and that these gains last at least 18 months. In this project, researchers propose a longitudinal follow-up of effects of participating in the intervention during preschool over the next 3 years to determine whether gains persist from preschool to early elementary school."
R305A110398,Training Attention in At-risk Preschoolers: Expansion of our Successful Program to a Wider Population within Head Start,Education Research Grants,Cognition and Student Learning,Soc/Beh,"Children from low socioeconomic backgrounds often begin formal schooling at greater risk for negative social and academic outcomes. In recent years, researchers have identified children's early development of attention skills as an important indicator of later school success. For example, recent research has shown that attention skills such as working memory and selective attention are related to children's language and literacy skills. This research team developed an evidence-based intervention, Parents and Children Making-Connections-Attention (PCMC-A), under a previous IES grant award. The intervention led to improvements in children's early literacy skills, receptive language abilities, and nonverbal intelligence. Although the researchers reported significant findings, the original study population did not include Latino families. There is a need for the development and evaluation of intervention models that are designed to address the attention skills of children from Spanish speaking families, a growing segment of the preschool population. The purpose of the current study is to: (1) adapt and implement the intervention with a sample of Latino families, and (2) replicate the efficacy of the intervention with this sample. Adapting the intervention for Latino families and testing its efficacy in this large and growing segment of the population who are at high risk for school failure is a next step before scaling up the intervention to reach additional Head Start programs and, ultimately, all at-risk preschoolers."
R305A110703,Efficacy of the WINGS After-School Social and Emotional Learning (SEL) Program,Education Research Grants,"Social, Emotional, and Behavioral Context for Teaching and Learning",Soc/Beh,"The goal of this project is to evaluate the efficacy of the WINGS for Kids (WINGS) after-school social and emotional learning (SEL) program. WINGS is a fully developed and highly structured after-school SEL program that has been serving children who experience extraordinarily high levels of social and economic risks for the past 10 years. The program currently operates in four elementary schools, serves 24 children in each grade (K to 5) at each school, is offered for 3 hours per day and 5 days a week during the academic year, achieves daily attendance rates of 95 percent per day, and retains 95 percent of participants from year to year. Non-experimental and case studies have found evidence of the program's promise in improving children's social skills and academic outcomes, but experimental evidence of efficacy has not yet been gathered."
R305A120810,A Randomized Controlled Trial of Student Success Skills: A Program to Improve Academic Achievement for All Students,Education Research Grants,"Social, Emotional, and Behavioral Context for Teaching and Learning",Soc/Beh,"The Student Success Skills (SSS) program was developed to teach students fundamental learning, social, and self-management skills that have been demonstrated to support improved academic achievement. SSS is based on a strong body of theoretical and empirical research and uses developmentally appropriate student lessons, activities, and teaching strategies. The program has been widely used in elementary, middle, and high schools across the country for the past 7 years. Four previous studies have supported the efficacy of the SSS program in impacting academic outcomes for students who participate in the whole-class and small group components of the intervention. This project will evaluate Student Success Skills (SSS) implemented as a whole-class intervention only in 5th grade, to determine effects on social, behavioral and academic outcomes for students who participate."
R305A120812,Supporting Early Adolescent Learning and Social Success - Project SEALS,Education Research Grants,"Social, Emotional, and Behavioral Context for Teaching and Learning",Soc/Beh,"As students begin middle school they are vulnerable to a range of academic, behavioral, and social problems that may negatively impact their school adjustment. Many adolescents experience difficulties during this time due to a poor fit between their developmental needs and the demands of the school environment. Children develop as an integrated whole suggesting that difficulties in one domain (e.g., academic, behavioral, social) may have consequences for functioning in other domains. The Supporting Early Adolescent Learning and Social Success (SEALS) model uses these concepts to address the unique needs of young adolescents during the transition to middle school. The SEALS program consists of professional development to prepare sixth-grade teachers to provide a social and instructional context that supports all students, including those who are at increased risk for school adjustment problems. Pilot randomized control trials and a cluster randomized trial have been conducted with SEALS in rural schools in nine states, and results suggest that SEALS effectively supports early adolescents during this period of vulnerability. In these studies, SEALS was found to increase teachers' understanding of social dynamics and their efficacy for working with at-risk students, promote a positive classroom context and at-risk students' affiliations with productive peers, increase students' sense of bonding and belonging in school, reduce students' feelings of emotional risk for academic effort and risk of being bullied, and increase at-risk students' grades and performance on standardized achievement tests. In this replication study, the SEALS program will be evaluated in urban schools to determine whether similar positive results are found for students transitioning to middle school in urban environments."
R305A130011,Efficacy of an Organizational Skills Intervention for Middle School Students with ADHD,Education Research Grants,"Social, Emotional, and Behavioral Context for Teaching and Learning",Soc/Beh,"The purpose of this efficacy study was to test whether the Homework, Organization, and Planning Skills (HOPS) intervention, refined for use in school settings with funding from an IES Development and Innovation award, can help middle school students with Attention Deficit/Hyperactivity Disorder (ADHD) deal with the organization, time management, and planning (OTMP) challenges of school."
R305A130107,Professional Development to Support New Teachers' Use of Effective Classroom Management Techniques,Education Research Grants,"Social, Emotional, and Behavioral Context for Teaching and Learning",Soc/Beh,"Teacher classroom management plays a critical role in academic success for students. The purpose of this efficacy study is to test whether the combination of two established and efficacious teacher training programs-the Good Behavior Game (GBG) and My Teaching Partner (MTP)-will improve new teachers' classroom management practices, leading to improved behavior, motivation, and academic achievement for their students. Combined, the two teacher training programs address three important elements of classroom management: (1) the quality of student-teacher interactions; (2) classroom organization and rules and norms to promote learning; and (3) a group contingency approach to behavior management that promotes on-task behavior. This study focuses on training new teachers, a group that typically has not received direct training in classroom management, often resulting in frustration and increased likelihood of dropping out of the teaching profession."
R305A130143,Evaluation of a Classroom Management Training Program for Middle School Teachers,Education Research Grants,"Social, Emotional, and Behavioral Context for Teaching and Learning",Soc/Beh,"In this efficacy study, researchers tested whether CHAMPS (Conversation, Help, Activity, Movement, Participation, Success), a program for promoting classroom management skills in middle school teachers, improves student engagement, behavior, and academic achievement. A secondary aim was to explore factors such as teacher burnout and school climate that may influence teachers' implementation of CHAMPS practices. Although CHAMPS was developed decades ago and has been implemented in dozens of states with thousands of teachers, its effects on teacher and student outcomes have never been independently evaluated in a controlled trial."
R305A140070,Testing the Efficacy of a Developmentally Informed Coping Power Program in Middle Schools,Education Research Grants,"Social, Emotional, and Behavioral Context for Teaching and Learning",Soc/Beh,"A substantial body of research has documented that disruptive behavior problems often co-occur with poor academic functioning and low school connectedness. Other behavioral challenges, such as bullying and aggressive behavior, also cause school disruptions and are associated with both short- and long-term academic difficulties as well as mental health concerns. These issues are particularly significant during the middle school years, when rates of school violence and disruption increase and student engagement and parental involvement in school based programming decline. One school-based program to address aggressive behavior problems among children is called Coping Power. This multi-component program includes clinician-facilitated group sessions for youth, separate group sessions for parents, and support to teachers. Though found to be effective with students in the upper elementary grades, and thus included on several federal and state lists of evidence-based programs (e.g., What Works Clearinghouse, Blueprints Promising Program, Office of Juvenile Justice and Delinquency Prevention Exemplary Program, Promising Practices Network Screened Program, SAMHSA's National Registry of Evidence-based Programs and Practices Legacy Program, Helping America's Youth Registry Level 1), Coping Power had not been tested with older youth in middle school. The purpose of this study is to test the impact of a developmentally adapted Coping Power Program, the Early Adolescent Coping Power (EACP) Program, on academic performance and aggressive behavior problems in middle school."
R305A140189,Testing the Efficacy of an Ecological Approach to Family Intervention and Treatment During Early Elementary School to Prevent Problem Behavior and Improve Academic Outcomes,Education Research Grants,"Social, Emotional, and Behavioral Context for Teaching and Learning",Soc/Beh,"The transition to elementary school is a critical time for the development of key skills that are necessary for school success, including sustained attention, self-regulation, initiating and sustaining successful peer relationships, and academic competence. Unfortunately for many children at risk for learning and behavior problems, this transition can be difficult and may lead to early academic problems, which in turn can lead to more severe forms of problem behavior and learning difficulties later in school. On the other hand, parent support at home is associated with school readiness indicators that predict successful adaptation to the school context. The Family Check-Up (FCU) intervention, a three-tiered system of intervention, is designed to leverage the role of parent support in adaptation to school by increasing parenting skills and academic success and decreasing behavior problems. FCU has been successful in early childhood and adolescence, but no studies have examined the critical transition period of entry to kindergarten. The purpose of this study was to conduct the first randomized trial of FCU during the transition into elementary school and examine the impact on behavioral and academic outcomes for students at risk for learning and behavior problems."
R305A140253,Student Outcomes of Integrative Mental Health Services,Education Research Grants,"Social, Emotional, and Behavioral Context for Teaching and Learning",Soc/Beh,"There is a growing need for school-based interventions to address the behavioral and academic challenges of the growing number of students who experience mental health problems. Although many evidence-based mental health interventions are being implemented in schools, they tend to address a single mental health disorder (e.g., anxiety) and do not adequately address the complex, multiple problems facing many children in schools. One evidence-based intervention, ChildSTEPS, is a flexible, integrative, modular approach to psychotherapy that provides school clinicians with an approach that integrates multiple evidence-based practices for multiple child problems. Prior research indicated ChildSTEPS was more effective than usual treatment for improving mental health outcomes. The purpose of this study is to further explore the efficacy of ChildSTEPS by assessing its impact on mental health and academic outcomes."
R305A140298,Efficacy Follow-up of ParentCorps: Long-term Impact of Early Childhood Family-Focused Intervention on Academic Achievement,Education Research Grants,"Social, Emotional, and Behavioral Context for Teaching and Learning",Soc/Beh,"The well-documented achievement gap for low-income, minority children is already present in kindergarten, with students who do not perform at grade level early on unlikely to catch up. ParentCorps is a family-focused, school-based intervention that aims to buffer the adverse effects of poverty on child development by engaging and supporting parents and teachers at school entry. An IES-funded cluster randomized controlled trial (RCT) compared schools randomly assigned to implement ParentCorps to those randomly assigned to implement education-as-usual, and evaluated pre-kindergarten and kindergarten outcomes in Black and Latino low-income students (enrolled in cohorts across four school years). In kindergarten, there was a significant impact on achievement test scores in reading and math, academic performance ratings, parent involvement in education, conduct problems and physical health. Preliminary findings from IES and NIH follow-up studies indicate maintenance of effects through second grade. In both kindergarten and second grade, impacts on achievement were more pronounced among students in later RCT study cohorts, suggesting cumulative benefits from multiple years of implementation in the schools. The purpose of this study is to evaluate the long-term impact of the prekindergarten/kindergarten intervention on academic achievement in upper elementary school and at the transition to middle school."
R305A140356,Multisite Study of School-Based Treatment Approaches for Adolescents with ADHD,Education Research Grants,"Social, Emotional, and Behavioral Context for Teaching and Learning",Soc/Beh,"Attention-deficit hyperactivity disorder (ADHD) is a prevalent and chronic mental health disorder associated with significant adverse outcomes at school. Empirically supported treatments for students with ADHD consist of medication, behavioral interventions, and the combination of the two. Most of the treatments developed for students with ADHD focus on elementary age students, but adolescents with ADHD are at increased risk for school suspensions, academic failure, classroom behavior problems, homework completion difficulties, and school dropout. Aside from medication treatment, there are no empirically supported interventions for older adolescents. The purpose of this study is to test the efficacy of a school-based treatment program for adolescents with ADHD, the Building Futures Program (BFP), which targets academic achievement, social functioning, and family relations with the primary goal of improving behavior and academic success. Preliminary research shows that BFP is effective in enhancing classroom functioning, reducing family conflict, and improving inattention. This study will evaluate the efficacy of BFP with high school students diagnosed with ADHD, identify variables that moderate and mediate treatment response, and identify characteristics of staff and schools necessary to successfully implement BFP within authentic school settings."
R305A140493,Consistency Management & Cooperative Discipline (CMCD): An Efficacy Trial with Students in Third and Fourth Grade Urban Schools,Education Research Grants,"Social, Emotional, and Behavioral Context for Teaching and Learning",Soc/Beh,"The purpose of this study was to test the efficacy of the Consistency Management & Cooperative Discipline (CMCD) teacher professional development and coaching program for improving student behavior and academic achievement in third and fourth grade. The management of classrooms impacts how all teachers - from neophytes to veterans - teach and engage their learners. CMCD is a widely used classroom management program based on sharing responsibility for learning and classroom organization. This shared responsibility by teachers and students is intended to increase teachers' capacity to manage classroom behavior, teach effectively, and spend more time on instruction, which in turn should decrease student office discipline referrals and increase student learning. In a quasi-experimental study, CMCD improved reading and math achievement for upper elementary students over a two-year period."
R305A140559,Testing the Integration of an Empirically-supported Teacher Consultation Model and a Social-emotional Learning and Literacy Intervention in Urban Elementary Schools,Education Research Grants,"Social, Emotional, and Behavioral Context for Teaching and Learning",Soc/Beh,"4 Years (9/1/2014-8/31/2018)

In recent years, efforts to improve student academic outcomes have expanded to incorporate a focus on children's social and emotional well-being and competencies as a path to success in school. The 4Rs+MTP program represents the systematic integration of two distinct programs, Reading Writing, Respect and Resolution (4Rs) and MyTeachingPartner (MTP), that was supported by an IES Goal 2 Development and Innovation award. The 4Rs+MTP program supports teachers in their implementation of the 4Rs curriculum by using ongoing, video-based feedback from trained staff developers guided by systematic and focused observations of classroom interactions using the Classroom Assessment Scoring System to support student learning. The purpose of this study is to rigorously test whether and which kinds of teachers, classrooms and students benefit from 4Rs+MTP, and explore the mechanisms by which those benefits occur. The year-long program is expected to improve teachers' psychological processes and well-being – as well as classroom interactions – which in turn are expected to impact students' social and emotional competencies and literacy and academic skills."
R305A140692,Improving Classroom Learning Environments by Cultivating Awareness and Resilience in Education (CARE): A Cluster Randomized Controlled Efficacy Trial,Education Research Grants,"Social, Emotional, and Behavioral Context for Teaching and Learning",Soc/Beh,"This study was a test of the Cultivating Awareness and Resilience in Education (CARE) professional development program that was developed with funding from a previous IES Development award. CARE is designed to enhance teachers' capacity to provide a supportive and engaging context for social-emotional and academic learning. CARE provides emotion skills instruction, mindfulness/stress reduction practices, and caring and listening practices through group sessions and distance coaching. The purpose of this instruction is to enhance teachers' social and emotional competence, teaching efficacy, and mindfulness, resulting in better organized classrooms that provide both instructional and emotional support to students."
R305A150046,"Evaluation of We Have Skills, A Multimedia Classroom Level Social Skills Program for Elementary Students",Education Research Grants,"Social, Emotional, and Behavioral Context for Teaching and Learning",Soc/Beh,"The purpose of this study is to test whether the We Have Skills! (WHS) program (developed at IRIS Media through support of an IES development grant) can help young students learn social skills and behaviors to support success in school. Early elementary school is an ideal time to teach children these social skills and behaviors, yet few teachers feel prepared to do so, lacking both time and resources to support their students adequately. The WHS program teaches students seven social and academic behaviors identified by teachers as important to achievement in early elementary school. The curriculum is designed as a universal (Tier 1) prevention strategy, explicitly teaching the skills to all students, and offers more intensive (Tier 2) supports for those students with more challenging behaviors."
R305A150142,Efficacy of a Growth Mindset Intervention to Increase Student Success,Education Research Grants,"Social, Emotional, and Behavioral Context for Teaching and Learning",Soc/Beh,"The purpose of this project was to test whether the Brainology® Growth Mindset Induction Curriculum for Students can foster a growth mindset in adolescent students. Brainology is a commercially available blended curriculum informed by Cognition and Student Learning research exploring beliefs about intelligence and their influence on attention and information processing during the learning process as well as with support from a 2010 IES SBIR FastTrack Award. Although adolescents often disengage from school as coursework becomes more challenging, the development of a growth mindset—the idea that intellectual ability can grow through learning and effort—holds great promise for keeping middle school students engaged and motivated in school."
R305A150169,Educational Outcomes of the Incredible Years Small Group Program for Early Elementary Students with Self-Regulation Difficulties,Education Research Grants,"Social, Emotional, and Behavioral Context for Teaching and Learning",Soc/Beh,"Researchers evaluated the efficacy of a small group social-emotional and behavioral intervention, the Incredible Years Dina Dinosaur Treatment Program (IY-Dina), for helping early elementary school students with social-emotional and behavioral difficulties. Many children with these difficulties do not respond adequately to universal interventions. As a result, they are at risk for discipline referrals, academic underachievement, and conflict with peers and teachers that interferes with learning for themselves and other students. The research team examined the following specific research questions: 1) How efficacious is IY Dina for early elementary students with self-regulation difficulties? 2) Are there follow up effects during the next school year? 3) Does program efficacy vary by student characteristics including challenging behavior, gender, and parent education? and 4) How is implementation fidelity related to student outcomes?"
R305A150221,Testing the Efficacy of Double Check: A Cultural Proficiency Professional Development Model in Middle Schools,Education Research Grants,"Social, Emotional, and Behavioral Context for Teaching and Learning",Soc/Beh,"In this study, researchers tested whether Double Check, a teacher professional development program designed to promote cultural proficiency and student engagement practices, can improve student academic and behavioral outcomes in middle school. Double Check was developed with IES funding (Double Check: A Cultural Proficiency and Student Engagement Model) as a potential way to reduce the disproportionate representation of minority students in disciplinary actions and special education referrals. Double Check provides school-wide training and individualized coaching using the Classroom Check-Up to teachers within a school-wide positive behavioral interventions and supports (SW-PBIS) framework. The Double Check model helps to integrate culturally responsive practices into middle schools as a way to strengthen student engagement in school and help teachers see student behavior through a different lens. These changes could help reduce unwarranted disciplinary actions and special education referrals."
R305A150438,Efficacy of RENEW for High School Students with Emotional and Behavioral Challenges,Education Research Grants,"Social, Emotional, and Behavioral Context for Teaching and Learning",Soc/Beh,"This study tests whether the RENEW (Rehabilitation, Empowerment, Natural supports, Education and Work) program can improve academic performance for the estimated 5-10% of high school students at risk for school failure due to emotional and behavioral challenges (EBC). Students with EBC have one of the highest dropout rates (nearly 45 percent), yet they rarely receive the individualized supports needed to help them succeed and graduate from high school. RENEW promotes student engagement, self-determination, and social support as protective factors hypothesized to support the unique needs of students with EBC to keep them connected with school and on a path to high school graduation."
R305A150488,Intervening with Children Experiencing Serious Peer Difficulties: The Friendship Connections Program,Education Research Grants,"Social, Emotional, and Behavioral Context for Teaching and Learning",Soc/Beh,"In this study, researchers tested whether an intensive, individualized social skills training program, the Friendship Connections Program (FCP), can remediate the serious and chronic peer difficulties that 10-15 percent of elementary school students experience. Most of these students have or are at risk for emotional or behavioral disorders and exhibit social skill deficits (e.g., poor communication skills, inability to resolve conflict) that alienate peers. These problems can escalate, leading to social exclusion, victimization, social distress, and disengagement from school. FCP acknowledges the heterogeneity of the social skill deficits these children experience and uses a tailored process to identify the unique needs of each child and provide the optimal social skills training to support positive peer relationships in school."
R305A150517,Evaluation of a Self-Monitoring Training Program for Elementary School Students,Education Research Grants,"Social, Emotional, and Behavioral Context for Teaching and Learning",Soc/Beh,"In this study, the research team will test whether the Self-Monitoring Training and Regulation Strategy (STARS) intervention can improve behavior, social emotional learning skills, and academic performance for fifth grade students who engage in disruptive or otherwise challenging classroom behaviors. Up to 20% of elementary school students engage in behavior that is disruptive to learning for themselves and their classmates. STARS is a Tier 2 targeted intervention for students who need extra support to engage in positive classroom behaviors. School-based counselors or psychologists serve as STARS facilitators who work with these students to create personally-designed behavior plans in collaboration with the student's teacher. STARS facilitators provide students with direct instruction in social emotional learning skills and opportunities to practice these skills, receive feedback, and monitor their own performance."
R305A160082,RAP Club: Improving Mental Health and School Performance in Urban Eighth Graders,Education Research Grants,"Social, Emotional, and Behavioral Context for Teaching and Learning",Soc/Beh,"In this project, researchers evaluated the impact of RAP Club, a trauma-informed universal prevention program intended to improve skills for coping with stress among eighth grade students from under-resourced urban communities. Research has shown that chronic stress and trauma exposure negatively impact self-regulation (i.e., executive functioning, emotion regulation) and effective stress response, increasing the risk for emotional and behavioral problems and academic difficulties. However, few evidence-based programs address the mental health of vulnerable upper middle school students to promote a positive transition into high school."
R305A160111,Efficacy of a Brief Intervention Strategy for School Mental Health Clinicians,Education Research Grants,"Social, Emotional, and Behavioral Context for Teaching and Learning",Soc/Beh,"The purpose of this study was to evaluate the efficacy of a four-session engagement, assessment, triage, and brief intervention strategy for high school students seeking or referred to school mental health (SMH) services. Findings from an IES development and innovation project (R305A120128) with a sample of 66 students showed that the Brief Intervention Strategy for School Clinicians (BRISC) promoted positive effects on a variety of outcomes, including mental health impairment, emotional symptoms, and coping skills. This study aimed to expand this research by examining effects of BRISC on mental health (MH) and academic outcomes in a large, multi-site trial. In addition, the study sought to evaluate BRISC's feasibility and acceptability as well as efficiency."
R305A160177,Does Early Intervention Benefit Social-Emotional and Academic Development in Middle School? A Follow-up Study of INSIGHTS,Education Research Grants,"Social, Emotional, and Behavioral Context for Teaching and Learning",Soc/Beh,"Researchers investigated whether experience with the INSIGHTS into Children's Temperament intervention in kindergarten and first grade has continued benefits for students when they are in middle school. INSIGHTS helps students, parents and teachers understand how temperament influences behavior and learning in school. In 2008, IES supported an efficacy trial of INSIGHTS with 22 high poverty urban elementary schools randomly assigned to INSIGHTS or an attention control condition (supplemental reading intervention). There were positive impacts of INSIGHTS in kindergarten and first grade on students' behavior, attention, and achievement in reading and math. To determine whether beneficial impacts of the intervention are sustained over time, the investigators collected data from these students and their teachers in middle school."
R305A160346,Testing the Efficacy of Embedded Social Skills within a Universal Classroom Management Program: Well-Managed Schools,Education Research Grants,"Social, Emotional, and Behavioral Context for Teaching and Learning",Soc/Beh,"The purpose of this project is to examine the efficacy of embedded social skills instruction within a universal classroom management program. The research team will conduct a randomized control trial with elementary school teachers and students to evaluate the efficacy of Well-Managed Schools (WMS), a classroom management program that focuses on preventive strategies that include teaching and reinforcing social skills within day-to-day classroom management."
R305A170052,Evaluation of Organization Skills Training Program for Upper Elementary Students,Education Research Grants,"Social, Emotional, and Behavioral Context for Teaching and Learning",Soc/Beh,"The purpose of this study is to determine the efficacy of a school-based organizational skills training program (OST-S) for students in 3rd through 5th grade with deficits in organization, time management, and planning (OTMP), key executive function skills that support success in school. The OST-S intervention was adapted from an effective clinic-based organizational skills training intervention for children diagnosed with Attention Deficit Hyperactivity Disorder (ADHD) and has been piloted in several schools as a small group intervention provided by school staff. This study addresses student OTMP challenges at a time when the demand for these skills increases at school, and fills a gap in service by considering whether schools can take a more proactive approach to supporting students with these executive function challenges before they move on to middle school where these demands become even greater."
R305A170471,Assessing the Efficacy and Implementation of City Connects: A Systemic Approach to Student Support,Education Research Grants,"Social, Emotional, and Behavioral Context for Teaching and Learning",Soc/Beh,"This purpose of this study is to determine the efficacy of City Connects, a student support intervention that addresses out-of-school factors that can affect students' ability to succeed academically and thrive in school. Research indicates that out-of-school experiences are a critical factor in children's success in school, and that poverty is a major factor in inequality in education outcomes. The City Connects intervention has provided support to students in high-poverty, urban elementary schools since 2001 through a formal school-based infrastructure that links students and schools with services and enrichment provided by community agencies and the school district."
R305A170523,Adaptive Response to Intervention (RTI) for Students with ADHD,Education Research Grants,"Social, Emotional, and Behavioral Context for Teaching and Learning",Soc/Beh,"The purpose of this project is to investigate the efficacy of adaptive, evidence-based classroom interventions (i.e., Tier 1 and Tier 2 interventions delivered through a Response to Intervention (RTI) framework) for children with attention-deficit/hyperactivity disorder (ADHD). The research team will experimentally evaluate the efficacy of well-developed and evidence-based behavioral interventions within a problem-solving framework such as RTI. The findings from this project will significantly inform practice within school-based behavioral intervention teams."
R305A180050,Testing the Efficacy of Zoo U for Improving Children's Social and Emotional Outcomes,Education Research Grants,"Social, Emotional, and Behavioral Context for Teaching and Learning",Soc/Beh,"The purpose of this project is to test the efficacy of Zoo U, an individualized computer game, developed with IES funding (An Interactive Social Tutoring System to Improve and Measure Social Goals for Students Related to Academic and Other School-Related Outcomes Phase I; Phase II), designed to teach elementary school students social and emotional skills in six key skill areas: impulse control, communication, cooperation, social initiation, empathy, and emotion regulation. Students with these skills have been shown to have enhanced well-being, more positive and fewer negative social behaviors and interactions, increased student engagement, and improved test scores and grades. Given the importance of social and emotional learning for student outcomes, it is important to test the efficacy of Zoo U."
R305A180182,A Conceptual Replication of BEST in CLASS: An Efficacy Study of BEST in CLASS-Elementary,Education Research Grants,"Social, Emotional, and Behavioral Context for Teaching and Learning",Soc/Beh,"The purpose of this project is to replicate findings of previous research conducted on the BEST in CLASS classroom-based intervention by testing the efficacy of BEST in CLASS - Elementary (BEST in CLASS-E).The BEST in CLASS is an intervention composed of several practice elements that target increasing the quantity and quality of specific teacher behaviors with high-risk focal children to prevent and reduce the occurrence of their chronic problem behaviors. Although the BEST in CLASS intervention has demonstrated efficacy with preschool-age children at risk for emotional/behavioral disorders (EBD), its efficacy with students in early elementary school remains untested."
R305A180224,"Efficacy Study of Adventures Aboard the S.S.GRIN: Social, Emotional, and Academic Skills",Education Research Grants,"Social, Emotional, and Behavioral Context for Teaching and Learning",Soc/Beh,"The purpose of this study was to evaluate the Adventures Aboard the S.S. GRIN (Adventures) program, an online game with embedded social skills training to improve social, emotional, and academic outcomes for children experiencing social difficulties. Prior research indicated that direct social skills instruction can benefit these students, yet most schools are not equipped to provide this type of targeted support. The Adventures program was created through an IES development grant (R305A110583) to address this gap."
R305A180259,Investigation of How and for Whom the Positive Action Social-Emotional and Character Development Program has its Effects on Student Behavior and Academic Achievement,Education Research Grants,"Social, Emotional, and Behavioral Context for Teaching and Learning",Soc/Beh,"The purpose of this efficacy study is to analyze data from a matched-pairs randomized controlled trial of the Positive Action (PA) program to determine how and for whom PA has its effects. Data from the original IES-funded Chicago trial of PA and the IES-funded extension trial show positive effects for a wide range of student social-emotional, behavioral, and academic outcomes from 3rd through 8th grade."
R305A180290,Testing the Efficacy of INSIGHTS for Promoting Positive Learning Environments and Academic Achievement in Nebraska: A Replication Study,Education Research Grants,"Social, Emotional, and Behavioral Context for Teaching and Learning",Soc/Beh,"The purpose of this study is to replicate an IES-funded efficacy study of INSIGHTS into Children's Temperament with a different sample and in a different context - rural Nebraska. INSIGHTS is a temperament-based emotional and behavioral skills intervention with student, teacher, and parent components that has been found to improve the quality of kindergarten and 1st grade classroom environments in inner city schools and reduce disruptive behavior, improve attention skills, and improve reading and math achievement of economically disadvantaged children."
R305A180326,"Examining the Efficacy of RULER on School Climate, Teacher Well-being, Classroom Climate, and Student Outcomes",Education Research Grants,"Social, Emotional, and Behavioral Context for Teaching and Learning",Soc/Beh,"In this project, researchers will evaluate the efficacy of RULER, a school-wide intervention that is designed to provide opportunities for teachers and students to enhance their social-emotional skills. As of 2017, RULER is being used in over 1,500 schools nationwide. Despite being a widely-used intervention, RULER has been evaluated by only one randomized-control trial that was implemented in limited grades and settings. The current study aims to build on the promising findings from that earlier study, and fill the need for a large-scale, rigorous trial of RULER in its intended form as a whole-school intervention. This project will examine the extent to which whole-school implementation of RULER in a K-6 public school context impacts education outcomes for schools, teachers, classrooms, and students."
R305A190088,School Adolescent Mood Project: Efficacy of IPT-AST in Schools,Education Research Grants,"Social, Emotional, and Behavioral Context for Teaching and Learning",Soc/Beh,"The purpose of this efficacy replication study is to test whether Interpersonal Psychotherapy-Adolescent Skills Training (IPT-AST), a Tier 2 depression prevention program, is effective when delivered through telehealth in high schools. In prior school-based studies, IPT-AST improved depression and anxiety symptoms, rates of depression diagnoses, overall functioning, and school-related outcomes for adolescents with depressive symptoms."
R305A190478,"Evaluation of We Have Choices, an Upper-Elementary Self-Management Program",Education Research Grants,"Social, Emotional, and Behavioral Context for Teaching and Learning",Soc/Beh,"The purpose of this study is to determine the efficacy of the We Have Choices (WHC) program, which was initially developed with IES funding. WHC teaches students specific skills associated with academic success and gradually transfers management of those skills from teachers to students. Universal materials focus on explicit instruction in the skills for all students with an emphasis on practice and additional supports for those who struggle to learn the skills."
R305A190521,"Improving Low-Income Students' Odds of Being ""On-Track"" and College Ready in Chicago Public Schools: The Respective Roles of Child Self-Regulation and Preschool vs. High School Intervention",Education Research Grants,"Social, Emotional, and Behavioral Context for Teaching and Learning",Soc/Beh,"This project had two key aims: (1) to evaluate the long-term impact of a preschool self-regulation and school-readiness intervention on later self-regulation skills, and (2) to evaluate the impact of a new two-dose mindset intervention to improve self-regulation and, ultimately, college readiness in high school students. The preschool intervention (Chicago School Readiness Project, or CSRP) was aimed at supporting low-income students' chances of success in navigating the preschool to kindergarten transition, and initial studies reported positive impacts on children’s attention, inhibitory control, and academic skills (Raver et al., 2009; 2011). The researchers in this study hypothesized that a mindset intervention delivered during adolescence would further increase students’ self-regulation skills, on-track academic performance, and behavioral engagement in school, leading to improved academic outcomes."
R305A200035,Efficacy of a Selective Intervention to Improve Middle School Students' Subjective Well-Being,Education Research Grants,"Social, Emotional, and Behavioral Context for Teaching and Learning",Soc/Beh,"Adolescents with the best academic, social, and physical health outcomes have both low psychopathology and elevated subjective well-being (SWB). Psychological research and practice have focused on pathology. There are few interventions available to improve SWB. This project will evaluate the efficacy, fidelity, feasibility, acceptability of implementation and training, and cost-effectiveness of the Well-Being Promotion Program. This program is an innovative Tier-2 intervention for use by school mental health teams that is integrated within a multi-tiered system of support for student mental health to increase student SWB. Researchers expect students who take part in this positive psychology intervention will experience lasting gains in SWB in addition to the prevention/reduction of psychopathology and greater academic success."
R305A200297,Evaluation of a Web-Based Classroom Management Program to Promote Effective Classroom Management Practices Among Early Career Teachers,Education Research Grants,"Social, Emotional, and Behavioral Context for Teaching and Learning",Soc/Beh,"Ineffective classroom behavior management practices interfere with instruction, child development, and academic achievement. Many teachers are not adequately trained to deal with behavior problems in the classroom, leading to many early career teachers leaving the field. The purpose of this project is to conduct an efficacy study of the Classroom Check-up (CCU), a web-based teacher training and coaching program to promote effective teacher classroom management skills with early career teachers (1 to 3 years of teaching)."
R305A200436,Fostering Productive Parent Engagement at School Entry,Education Research Grants,"Social, Emotional, and Behavioral Context for Teaching and Learning",Soc/Beh,"The purpose of this study is to test the efficacy of the GoPals Kindergarten Club intervention. GoPals is designed to address the needs of economically disadvantaged students living in rural communities by engaging their families in guided home learning activities and fostering positive family-school involvement. Children from low-income families often enter school with less social-emotional and cognitive school readiness than their more advantaged peers, fueling a socioeconomic gap in school attainment that grows over time. Although public investment in prekindergarten programs is designed to reduce these early socioeconomic disparities, fewer than half of the children in rural areas attend prekindergarten."
R305A210412,Testing the Impact of Academically Focused Interventions on the Self-Regulation of Preschool and Elementary-School Students: An Integrative-Data-Analysis Approach,Education Research Grants,"Social, Emotional, and Behavioral Context for Teaching and Learning",Soc/Beh,"The purpose of this project is to use an integrative-data-analysis approach with seven prior randomized controlled trial (RCT) studies to (a) examine the degree to which interventions designed to promote children's reading-related and language skills also positively impact children's self-regulation, (b) identify child and intervention factors that contextualize this effect, and (c) examine the degree to which effects on self-regulation are mediated by children's gains on the target skill of the interventions to better identify mechanisms responsible for gains in self-regulation."
R305A210462,Efficacy of a Peer-Delivered Intervention for High School Students with ADHD,Education Research Grants,"Social, Emotional, and Behavioral Context for Teaching and Learning",Soc/Beh,"High school students with ADHD have poor access to evidence-based interventions in schools due to documented population-specific and setting-specific barriers. To overcome these barriers, the purpose of this project is to successfully implement and evaluate a peer- delivered low intensity intervention that targets organization, time management, and planning (OTP) and motivation deficits in high school students with ADHD and related impairments (STRIPES; Students Taking Responsibility and Initiative through Peer-Enhanced Support)."
R305H050036,A Randomized Trial of Two Promising Interventions for Students with Attention Problems,Education Research Grants,Cognition and Student Learning,Soc/Beh,"Attention problems, even when not severe enough to warrant a formal diagnosis of attention deficit hyperactivity disorder, are strongly associated with academic achievement difficulties and have an adverse impact on school success for thousands of students each year. At the time of this study, there were no interventions that had been clearly established to enhance attention and achievement among students with attention difficulties. The researchers' goal in this project was to conduct a rigorous, school-based evaluation of two promising interventions for inattentive students. Researchers anticipated that documenting the efficacy of either approach, or their combination, would have important implications for helping students whose academic achievement is significantly impaired by inattentive behavior in the classroom."
R305F050051,An Experimental Study of the Effectiveness of Instructional Consultation Teams,Field Initiated Evaluations of Education Innovations,NA,Soc/Beh,"At the time of this project, a growing number of K-12 students, including a disproportionate share of minority students, were referred for and received special education services which may have included the use of team-based services. In this project, the researchers aimed to assess instructional consultation (IC) teams, a team-based service delivered to all elementary children. IC teams were problem-solving teams with special training who consult with teachers on instructional content and discipline issues. The IC teams aimed to reduce the need for special education evaluation and placement by supporting classroom teachers' application of evidence-based instruction and assessment to support struggling learners. At the end of the project, researchers anticipated that the results would show whether instructional consultation teams in one large district improved elementary school students' achievement in mathematics and reading, reduced problem behavior, reduced the assignment of students to special education, and reduced retention in grade."
R305F050069,Effects of Enhanced After-School Programs on Educational Outcomes: A Randomized Trial,Field Initiated Evaluations of Education Innovations,NA,Soc/Beh,"In this study, researchers proposed to learn if an enhanced middle school after-school program improved academic performance and the behavior of students in grades 6 to 8 relative to a treatment-as-usual control group. In addition to providing supervision of children while parents are working, after-school programs are often intended to improve academic performance and to alter related student behavior such as attendance, drug use, and conduct. Yet, as of 2005, rigorous research on the effects of after-school programs had been unable to verify links between programs and such outcomes. The enhanced program tested in this evaluation included several new components, such as specialized training to reduce the likelihood of substance abuse and other risky behavior, structured tutoring in academic subjects, and attendance incentives. At the end of the intended project, the researchers aimed to show whether an enhanced after-school program in one large district improved middle school students' academic outcomes and behavior."
R305F050284,Evaluation of Efficacy of CBC for Addressing Disruptive Behaviors of Children at Risk for Academic Failure,Field Initiated Evaluations of Education Innovations,NA,Soc/Beh,"The purpose of this study was to evaluate the effectiveness of Conjoint Behavioral Consultation (CBC), a structured family-school intervention addressing the disruptive and challenging behavior elementary school students at risk for academic failure. CBC was meant to address challenges facing students with behavior problems, such as the tendency to fail more courses, earn lower grades, miss more days of school, and be more likely to be retained in grade than their peers without behavioral problems. At the end of this proposed project, the researchers intended to produce results that would show whether CBC in one large district improved the academic performance and social skills and reduces the disruptive behavior of elementary students."
R324R200003,Implementing Fraction Intervention Classwide to Address Mathematics Learning Disabilities in Inclusive Classrooms,Research Grants Focused on Systematic Replication,NA,Soc/Beh,"To date, the efficacy of the Inclusive Fraction Intervention identified by IES for replication has been evaluated only when delivered in small groups by research staff tutors to students identified with or at-risk for mathematics learning disabilities (MLD). The purpose of this proposed efficacy replication is to assess the efficacy of the Inclusive Fraction Intervention on the same population in a different setting (classwide in inclusive general education, not small-group pullout) by different personnel (general education teachers, not research staff tutors). Researchers will also assess effects on non-MLD classmates."
R324N190012,Evaluating the Impact of Integrated Behavior and Reading Multi-Tiered Systems of Support in Elementary Schools,Research Networks Focused on Critical Problems of Education Policy and Practice in Special Education,The Multi-Tiered Systems of Support (MTSS) Network,Soc/Beh,"The goal of this study is to rigorously evaluate the impact of integrated behavior and reading practices in kindergarten through Grade 2 within a comprehensive, multi-tiered system of support (MTSS) framework. Research has identified effective but separate reading and behavior practices for students with or at risk for disabilities and has examined separate reading and behavior tiered systems of support. However, because of the potential to use resources more efficiently and align support to address the common co-occurrence of reading and behavior difficulties, there is a need to conduct rigorous research on truly integrated practices within an MTSS framework. To address this need, the current project will examine the impacts of integrating reading and behavior support at Tiers 1, 2 and 3 of an MTSS framework on students' reading and behavior outcomes as well as teachers' practice."
R324X220067,Project ENGAGE: Enhancing Student Engagement to Facilitate Learning and Well-Being,Research to Accelerate Pandemic Recovery in Special Education,NA,Soc/Beh,"This project aims to (1) analyze existing data to determine how internalizing and externalizing behavior patterns, as well as referrals for special education eligibility, may have shifted over time with the pandemic, and (2) test Recognize. Relax. Record. (RRR). RRR is an intervention designed to reduce symptoms of anxiety, increase engagement, maximize learning recovery, and improve academic outcomes for students with and at risk for emotional and behavioral disorders (EBD). Due to the COVID-19 pandemic, schools are in immediate need of actionable and focused research-based strategies to support students' academic, behavior, and social development. One particularly vulnerable population is students with or at risk for EBD, particularly those with elevated internalizing behavior patterns. Given the educational complexities and personal trauma experienced during the pandemic era, many students are expected to exhibit elevated levels of internalizing issues (such as anxiety), which may impede learning. At the same time, teachers are striving to maximize student engagement to facilitate learning and well-being. This project aims to better understand the impact of the pandemic on students' social and emotional needs and provide schools with an intervention to address the expected rise in students with internalizing behavior challenges."
R305L030002,Second Step,Social and Character Development,NA,Soc/Beh,"In this project, the researchers proposed to evaluate the effects of Second Step, a curriculum designed to develop students' social-emotional skills. They tested the curriculum in schools in which character development planning teams were used to plan specific strategies or activities in the school, set implementation standards, review feedback on program implementation, and engage in group planning."
R305L030003,"Reading, Writing, Respect and Resolution: The Impact of a Social and Character Development and Literacy Program on Teachers and Children",Social and Character Development,NA,Soc/Beh,"Reading, Writing, Respect and Resolution: The Impact of a Social and Character Development and Literacy Program on Teachers and Children"
R305L030004,Positive Action for Social and Character Development,Social and Character Development,NA,Soc/Beh,"In this project, the researchers aimed to evaluate Positive Action, a program intended to promote students' social skills and self-concept and reduce anti-social behavior by providing a comprehensive approach that includes grade-specific curricula, school-wide climate change, and parental involvement. Positive Action included content to help with social and emotional learning and school climate. The researchers proposed to determine whether Positive Action impacted such factors and student academic outcomes."
R305L030065,Academic and Behavioral Competencies Model,Social and Character Development,NA,Soc/Beh,"In this project, researchers aimed to evaluate the efficacy of the Academic and Behavioral Competencies (ABC) model, a school-wide program designed to enhance students' social competencies and behavior. The ABC model included strategies such as school-wide discipline rules, social skills training, peer tutoring, peer mediation, and parent training, and include methods of working with children with impaired behavioral or social functioning (such as ADHD).

In the primary study, the researchers were conducting a randomized trial in a large urban school district serving students from high risk, impoverished neighborhoods. The study was to follow one group of students from grade 1 to grade 3 grade and a second group of students from the grade 3 to grade 5. With this design, the researchers hoped to understand the effects of the ABC program on students in the grade 3 after multiple years of intervention (the grade 1 to grade 3 cohort) as compared to 1 year of intervention (the grade 3 to grade 5 cohort). The researchers also proposed to examine teachers' classroom management strategies, the effects of the intervention on child psychopathology, and whether the intervention prevents the need for medication and other mental health services for children."
R305L030162,Social and Character Development in Rural Youth: The Competence Support Program,Social and Character Development,NA,Soc/Beh,"In this project, the researchers aimed to evaluate the Competence Support Program, a multi-level program that includes social skills training, school-wide behavior management, and school-wide training in classroom social dynamics management. They intend to test the ways in which the program trains teachers to identify student peer groups, the leaders of those groups, and the socially aggressive students. Researchers also examined how students' personal characteristics (such as risk status), social roles (such as bully or victim), and peer affiliations (either prosocial or antisocial) interact with the classroom and school social context. The researchers hypothesized that along with direct instruction of students about how to behave in social situations, teacher training would in turn influence students' aggressive behavior and relationships with their peers, school engagement, academic achievement, and bonding with school adults"
R305L030165,Promoting Alternative Thinking Strategies,Social and Character Development,NA,Soc/Beh,"In this study, the researchers evaluated the impact of the Promoting Alternative Thinking Strategies (PATHS) program, which was designed to strengthen all kindergarten through fifth grade students' emotional literacy, positive peer relations, and social problem-solving. The researchers evaluated the effects of PATHS in New York and Minnesota."
R305L030173,Love in a Big World,Social and Character Development,NA,Soc/Beh,"In this project, the researchers evaluated Love in a Big World (LBW), a character education program designed to promote children's positive relationships with their teachers and peers and enhance the classroom and school environment. The LBW curriculum uses stories to teach students about positive character traits and their use, staff and principal training, a peer-recognition program, school assemblies, service projects, motivational morning announcements, and newsletters.

The research team tested the effect of LBW on teachers. Specifically, whether teacher training affected teachers' character education knowledge, self-efficacy, and positive attitudes toward character education and whether these outcomes influenced the fidelity of program implementation. The researchers also evaluated the program theory behind LBW. They examined how the program affected antisocial and prosocial behavior as well as classroom and school climate. Both of these were assessed through changes in teacher/student interaction, acquisition of character education knowledge and social-emotional competence, and students' positive attitudes and beliefs about their control over their own actions. The effects of the program were to be tested in suburban and rural schools in the mid-South. Children in these schools were predominantly Caucasian and African American from low-income to middle-class families."
R324A070118,Testing The Impact of PBIS Plus,Special Education Research Grants,"Social, Emotional, and Behavioral Competence",Soc/Beh,Safe and orderly school environments are important for student achievement. Many students may be referred for special education services and exhibit behavioral problems in school because of a chaotic school environment or a classroom teacher who is not able to create a safe and orderly classroom environment. The school-wide Positive Behavioral Interventions and Supports program holds promise for enhancing the school climate and reducing student behavior problems. The purpose of this study is to determine whether implementation of PBIS Plus in elementary schools will result in improved outcomes for students beyond those achieved by the standard model.
R324A070181,Class-wide Function-Based Intervention Teams: A Research to Practice Agenda for Functional Behavior Assessment (CW: FIT),Special Education Research Grants,"Social, Emotional, and Behavioral Competence",Soc/Beh,"General estimates of the number of school-aged children with documented emotional and behavioral disorders range from 14 percent to 26 percent of the general population. Although advances have been made in developing interventions for reducing problem behavior, there is still a need to determine the efficacy of behavioral interventions in schools. Behavioral interventions based on an understanding of ""why"" a student displays problem behavior (i.e., the function or cause) have shown promising results for addressing a wide range of problem behaviors. Although these function-based interventions have often been used with individual students, research has demonstrated the feasibility of developing a group or class-wide intervention based on these principles. Results of a pilot test showed promising results for one class-wide intervention, Class-wide Function-based Intervention Teams, but the efficacy of the intervention has not been tested.

To that end, the researchers will implement and examine the efficacy of the intervention with elementary students with or at risk of serious behavior disorders in general and special education settings. This behavioral intervention is designed to teach appropriate behavior skills (e.g., how to appropriately gain the teacher's attention) and reinforce the use of those skills through a game format. The intervention package also includes individual intervention procedures for students who do not successfully respond to the classwide intervention."
R324A070183,Think Time Efficacy Study,Special Education Research Grants,"Social, Emotional, and Behavioral Competence",Soc/Beh,"This project is conducting a randomized efficacy study of the Think Time Strategy, a prevention-oriented behavioral intervention, with elementary school children who exhibit disruptive behavior. Think Time has been developed and pilot tested with elementary age children who exhibit disruptive behavior and has been recognized as a promising intervention program. However, the efficacy of this program has not been tested."
R324A080195,Efficacy and Sustainability of the STAR Program,Special Education Research Grants,Autism Spectrum Disorders,Soc/Beh,"The number of children with autism spectrum disorder served in the US public education system has risen an average of 16% each year over the last decade. The education system has struggled to serve students with autism effectively because of the limited number of interventions that have demonstrated efficacy in classroom settings with a diversity of children and teachers. Furthermore, very little research has examined whether and how efficacious interventions can be successfully implemented and sustained in community settings.

To address this need, researchers are evaluating the Strategies for Teaching Based on Autism Research Program. The individual components of the intervention are evidence based but rigorous evidence of the efficacy of the entire program is limited. The purpose of this study is to evaluate the Strategies for Teaching Based on Autism Research Program compared to a typical classroom service model serving children with autism spectrum disorders. Whether the program can be maintained once training support is removed will also be explored. The researchers are including key outcomes related to the learning and development of young children with autism and exploring factors that may moderate outcomes. The project will also address whether length of teacher training affects child outcomes and program sustainability."
R324A090091,"Improving Social-Communication, Literacy, and Adaptive Behaviors for Young Children with Autism Spectrum Disorders",Special Education Research Grants,Autism Spectrum Disorders,Soc/Beh,"Literacy skills, social communication skills, and the ability to participate in groups are important for success in educational settings. However, many children with autism are not equipped with these skills, which may potentially limit these children's success in education settings. Moreover, interventions that are effective in peer inclusive education settings have yet to be determined for the estimated three to six children out of every 1,000 who will be diagnosed with autism.

Researchers in this study are evaluating the Peer Networks Intervention Project, a comprehensive social-communication and literacy intervention program that addresses early social-communication and interaction skills, reading and academic skills, and behavioral and adaptive functional skills for young children with autism spectrum disorder. The purpose of this study is to evaluate the intervention against a typical classroom service model serving young children with autism spectrum disorders."
R324A090094,Comprehensive Autism Program using Strategies for Teaching based on Autism Research,Special Education Research Grants,Autism Spectrum Disorders,Soc/Beh,"With an increasing number of young children with autism spectrum disorders in public schools, local and state education agencies must find cost-effective, research-based preschool programs that educators can use. To date, many programs for children with autism spectrum disorders have not been empirically evaluated. Minimal guidance is therefore available for educators and other school personnel for determining which approaches may be best to use with children with autism spectrum disorders. Despite limited empirical support for any particular approach, experts agree that the earlier a child with an autism spectrum disorder can be enrolled in a program to specifically address academic and life skills, the better.

Researchers in this study are evaluating the Comprehensive Autism Program Using Strategies for Teaching Based on Autism Research, which is a comprehensive program for preschoolers with autism spectrum disorders. The program is intended to improve language, pre-academic skills, social skills, adaptive behavior, and cognitive skills for children with autism spectrum disorders. The intervention incorporates multiple recommended strategies and approaches for teaching young children with autism spectrum disorders, but rigorous evidence of the efficacy of the entire program is limited. The intervention will be compared to a typical classroom service model serving young children with autism spectrum disorders. The researchers are including key outcomes related to the learning and development of young children with autism spectrum disorders and exploring factors that may mediate and moderate outcomes. The researchers will also be examining key outcomes for children after one and two years of the intervention."
R324A100115,A Randomized Trial of Conjoint Behavioral Consultation (CBC) in Rural Educational Settings: Efficacy for Elementary Students With Disruptive Behaviors,Special Education Research Grants,"Social, Emotional, and Behavioral Competence",Soc/Beh,"The purpose of this project is to test the efficacy of Conjoint Behavioral Consultation (CBC) in rural Nebraska elementary schools. Students with social-behavioral problems early in their school careers are at high risk of developing long-term pervasive behavioral and academic problems. CBC is an indirect intervention that allows for individuation of parent- and teacher-delivered behavior plans that are grounded in ecological-behavioral theory, supported by empirical evidence, and implemented across multiple setting (e.g., home and school). Evidence for the efficacy of CBC exists, including small-n experimental designs and randomized trials in urban and suburban school settings. However, the CBC intervention has never been tested for efficacy in rural settings, where schools struggle to access specialized services, including consultation and parent involvement programs."
R324A100174,A Randomized Trial of the SCERTS Curriculum for Students with Autism Spectrum Disorders in Early Elementary School Classrooms,Special Education Research Grants,Autism Spectrum Disorders,Soc/Beh,"Over the past two decades the prevalence of children diagnosed with an autism spectrum disorder has risen significantly. Current prevalence rates indicate that 1 in every 110 children has an autism spectrum disorder. Few studies to date have evaluated comprehensive interventions in early elementary school for students with autism. Schools are left with the significant challenge of meeting the educational needs of students with autism spectrum disorders and resource allocation.

Researchers in this study are evaluating the SCERTS Curriculum, a fully-developed and comprehensive treatment model that targets individualized intervention goals and objectives for students with autism in the domains of social communication and emotional regulation. Environmental and interpersonal supports are also provided to optimize learning in the classroom. The purpose of this study is to evaluate the intervention against a typical classroom service model serving students with autism spectrum disorders."
R324A110027,Students Exposed to Trauma: An Efficacy Study of the Cognitive Behavioral Intervention for Trauma in Schools,Special Education Research Grants,"Social, Emotional, and Behavioral Competence",Soc/Beh,"There is a compelling need for school-based interventions to ameliorate the behavioral and academic challenges of the growing number of students who experience acute or chronic trauma. However, rigorous evidence supporting the use of trauma-focused interventions in schools is scarce, and does not always include student outcomes that may be of interest for school personnel (e.g., teacher ratings of student behavior, academic outcomes). This research team will conduct a randomized controlled trial to test the efficacy of the Cognitive Behavioral Intervention for Trauma in Schools (CBITS) intervention, a promising school-based, structured, symptom-focused therapy program to improve behavioral outcomes (e.g., depression, symptoms of post traumatic stress disorder) for at-risk middle school students who have experienced a broad range of exposure to violence and trauma."
R324A110166,Efficacy Study of Check and Connect to Improve Student Outcomes,Special Education Research Grants,"Social, Emotional, and Behavioral Competence",Soc/Beh,"There is a compelling need to more effectively intervene with youth with emotional and behavioral disorders to change their pattern of negative behavioral and academic experiences in high school. Importantly, there is a need to engage them in their school programs so they persist through graduation and are well prepared for success in their adult lives. This research team will conduct a randomized controlled trial to test the efficacy of the Check and Connect intervention, a promising, comprehensive student engagement intervention developed to promote school success and completion for secondary students at high risk for school failure and dropout. Although the intervention has been studied previously, the impact of the program has not been evaluated specifically with students with emotional disturbance."
R324A110173,Efficacy of the BEST in CLASS Intervention for Young Children at High Risk for Emotional and Behavioral Disorders,Special Education Research Grants,"Social, Emotional, and Behavioral Competence",Soc/Beh,"The prevalence rates of young children at elevated risk for emotional and behavioral disorders is concerning, with data indicating that approximately 12-25 percent of young children display chronic problem behaviors that impact their current and future performance in school. There is a need to intervene early with young children before the severity and intensity of their problems increase. BEST in CLASS was developed with IES funding as a secondary level intervention for teachers in early childhood classrooms. The focus of the intervention is on improving student social, emotional, and behavioral functioning, and concomitantly, the pre-academic competence of 4 year olds at high risk for the development of emotional and behavioral disorders. BEST in CLASS has demonstrated feasibility of implementation by early childhood educators as well as promise for preventing and ameliorating problem behaviors demonstrated by high-risk children in early childhood settings, but the efficacy of the intervention has not yet been tested."
R324A110246,LEAP–USA Follow-up Project,Special Education Research Grants,Autism Spectrum Disorders,Soc/Beh,"According to the Centers for Disease Control, autism is increasingly becoming a public health crisis with a prevalence that has reached 1 in 110. To provide early intervention, LEAP-USA was developed as a comprehensive intervention model for preschool children with autism. Based on inclusion with typically developing peers, it aims to provide intervention and early education for young children with autism in a manner that does not tax school systems' limited resources. The first randomized controlled trial (RCT) of LEAP has recently been completed, comparing the full-scale model with training to a reduced one. The evaluation demonstrated positive impacts in the areas of child cognition, language, social skills, and symptom severity.

The purpose of the current project is to follow these same children who participated in the original RCT over the next three years. The researchers will examine whether: a) the gains demonstrated in the previous evaluation continue to manifest themselves; b) positive impacts are found in additional areas (classroom placement, academic achievement, use of supportive services); and c) contemporaneous classroom quality is related to student outcomes."
R324A120027,Evaluating the Efficacy of the School-based Social Competence Intervention for Adolescents (SCI-A) with High Functioning Autism,Special Education Research Grants,"Social, Emotional, and Behavioral Competence",Soc/Beh,"Youth with high-functioning autism spectrum disorders (ASD) exhibit social skills deficits that inhibit their ability to navigate the complex social environment. For example, students with ASD are often unable to pick up nonverbal social cues and social prompts, and tend to display socially unacceptable behavior. Students are described as socially awkward, self-centered, or emotionally blunted. This interferes not only with their ability to succeed in school, but also with their successful transition to adulthood (e.g., employment). Research on existing social skills programs has been somewhat mixed but, in general, concludes that interventions delivered in more natural contexts and environments are associated with stronger maintenance and generalization of social skills. With funding from IES, the research team developed the Social Competence Intervention for Adolescents (SCI-A), a cognitive-behavior intervention approach that targets skills designed to promote self-monitoring and self-evaluation (e.g., recognizing feelings and emotions of self and others). The intervention is also designed to provide effective scaffolded instruction, building upon each skill, with maintenance of learned skills reinforced throughout by the use of repetition, integration, and feedback as new skills are added. SCI-A has demonstrated feasibility of implementation as well as promise for improving student outcomes, but the efficacy of the intervention has not yet been tested."
R324A120041,Team-Initiated Problem Solving for Improved Student Outcome,Special Education Research Grants,"Social, Emotional, and Behavioral Competence",Soc/Beh,"The goal of this project was to examine the efficacy of Team-Initiated Problem Solving (TIPS), a model for training and coaching school teams to use behavioral and academic data to define and solve problems. Schoolwide Positive Behavioral Interventions and Supports (PBIS) is a frequently used systems-level intervention that involves school teams actively engaging problem solving to improve student academic, social, emotional, and behavioral outcomes. This requires both appropriate data management systems and practical procedures for using data in daily problem solving. To meet this need, in a prior IES project, TIPS was developed and demonstrated feasibility of implementation by school teams as well as promise for improving team problem solving. Building upon the prior study, this project conducted a randomized controlled trial to examine the efficacy of TIPS for not only improving team problem solving, but also improving team implementation of solutions and student academic and behavioral outcomes."
R324A120169,A Summer Preparatory Program for Middle and High School Students with ADHD,Special Education Research Grants,"Social, Emotional, and Behavioral Competence",Soc/Beh,"Adolescents with Attention Deficit/Hyperactivity Disorder (ADHD) are at high risk for academic failure and school dropout. Middle and high school students with ADHD experience substantially more academic impairment than their peers, with an estimated one-third of students with ADHD ultimately dropping out of high school. Core symptoms of ADHD include disorganization and inattention, which make learning and retaining academic information difficult. Research has shown that students with ADHD have difficulty transitioning to less structured academic environments (e.g., the transition from elementary school to middle school, and the transition from middle to high school). The middle and high school environments require increased student self-reliance, where students are required to keep track of their own schedule and school materials, turn in assignments with minimal prompts, remember page numbers and worksheets that are given across the day by multiple teachers, and plan for long-term projects. These environments are challenging for adolescents with ADHD.

To address these challenges, summer intervention programs in which at-risk students are identified and recruited into summer programs that offer academic instruction, social support, and school orientation activities have been implemented with success for children. However, relatively few such programs are available for adolescents. The Summer Preparatory Program (SPP) is a program that teaches academic skills and skills to improve psychosocial functioning. The SPP has demonstrated feasibility of implementation as well as promise for improving student outcomes, but the efficacy of the intervention has not yet been tested."
R324A120232,Project DATA: A Multisite Evaluation of a School-based Model for Preschoolers with Autism,Special Education Research Grants,Autism Spectrum Disorders,Soc/Beh,"The prevalence of autism spectrum disorders (ASD) has risen dramatically in the past decade and children are being identified at earlier ages, putting pressure on school districts to provide effective interventions for these young children. One comprehensive treatment model that aims to address this need for effective early intervention is Project DATA (Developmentally Appropriate Treatment for Autism). This model blends practices from the fields of applied behavior analysis, early childhood education, and early childhood special education.

The purpose of this research is to evaluate Project DATA for preschool children using a randomized controlled trial. The research team will examine the impact of the intervention on child cognition, language, social skills, and behavior. They will also investigate potential child-level moderators as well as family functioning and satisfaction as potential mediators of intervention effects."
R324A120344,"A Multi-Site Efficacy Trial of the Class-wide Function-related Intervention Teams ""CW-FIT"": A Research to Practice Agency for Students With and At Risk for EBD",Special Education Research Grants,"Social, Emotional, and Behavioral Competence",Soc/Beh,"Research suggests that 3-6 percent of school-age children have emotional and behavioral disorders (EBD), yet these students are typically not identified until they have exhibited serious problems, including school failure, over multiple school years. There is a need for evidence-based interventions that prevent and ameliorate severe problem behavior exhibited by school-age children. Behavioral interventions based on an understanding of ""why"" a student displays problem behavior (i.e., the function or cause) have shown promising results for addressing a wide range of problem behaviors. One such intervention with evidence of efficacy is the Class-wide Function-based Intervention Teams (CW-FIT), which is designed to teach appropriate behavior skills (e.g., how to appropriately gain the teacher's attention) and reinforce the use of those skills through a game format. The intervention package also includes individual intervention procedures for students who do not successfully respond to the class-wide intervention. CW-FIT has prior evidence of efficacy to improve class-wide on-task behavior and decrease disruptive behaviors of students with or at risk for EBD.

This study intends to replicate prior findings with a larger, more diverse population across three geographical areas. In addition, the implementation will better represent typical conditions of routine practice with school staff providing the majority of the supervision, compared to the first efficacy trial which included coaches supported with grant funds. This study will examine the impact of the intervention on outcomes measured at the teacher, class, and individual student levels for students diagnosed with or at risk for EBD in general and special education settings."
R324A120358,Efficacy of the Collaborative Life Skills Program,Special Education Research Grants,"Social, Emotional, and Behavioral Competence",Soc/Beh,"Attention Deficit Hyperactivity Disorder (ADHD) is a serious condition defined by inattention and/or impulsivity and hyperactivity, and associated with significant academic and social impairment. It is estimated that 3 to 7 percent of students in the elementary grades meet criteria for a diagnosis of ADHD, but there is a lack of effective, potent, and sustainable school-based interventions to mitigate ADHD and to support optimal learning and social outcomes. To address this need, the research team developed the Collaborative Life Skills Program (CLS) through funding from the Institute of Education Sciences. CLS is a collaborative school-home behavioral intervention for ADHD consisting of an integrated delivery of child social and life skills training, parent training, and teacher consultation. CLS has demonstrated feasibility of implementation in elementary schools as well as promise for preventing and ameliorating problem behaviors in children with or at risk for ADHD, but the efficacy of the intervention has not yet been tested. The purpose of this study is to conduct a randomized efficacy trial to evaluate the effects of CLS on behavioral and academic outcomes for students with symptoms of ADHD."
R324A130180,Parent Connectors: An Efficacy Study of Peer-Support for Parents of Middle School Youth with Emotional Disturbance,Special Education Research Grants,Families of Children with Disabilities,Soc/Beh,"Youth with emotional and behavioral disorders are more likely to experience poor education outcomes than those from any other disability group. Although the effectiveness of parental involvement in improving academic outcomes of students is supported by research, students with emotional disturbance (ED) are the least likely to have families who are involved in their education. Because effective interventions for this population have not yet been established in schools, there is a need to evaluate the efficacy of family support programs. The purpose of this project is to evaluate the efficacy of Parent Connectors, an innovative parent-to-parent intervention developed to support the families of middle-school youth with ED, using a longitudinal, randomized controlled trial. The investigators aim to examine: (1) the outcomes of the intervention on caregiver strain and self-efficacy (proximal outcomes), parent and child participation in education and mental health services, and child behavioral and educational outcomes in school (intermediate outcomes); (2) whether these outcomes are maintained in the subsequent school-year following the completion of services; and (3) how various factors and processes may mediate or moderate outcomes. More specifically, the study will examine (a) how child demographics and parent characteristics may moderate proximal and intermediate outcomes; (b) how processes such as implementation level may mediate proximal and intermediate outcomes; and (c) how proximal outcomes may mediate intermediate outcomes, which may then mediate improvement in child academic performance (distal outcomes)."
R324A130216,Efficacy of a Comprehensive School-Based Intervention for Children with High-Functioning Autism Spectrum Disorders (HFASDs),Special Education Research Grants,Autism Spectrum Disorders,Soc/Beh,"Core features of high-functioning autism spectrum disorders (HFASD) include a significant and pervasive deficit in social skills, and repetitive and restricted behaviors, interests, and/or activities. Associated features include problems in pragmatic communication, comprehension of affective information, and emotional-behavioral functioning. Together these impairments and features interfere with learning and academic performance because classroom learning involves social communication, sustained attention, and behavioral regulation. The increasing number of students with HFASD and the heterogeneity in symptoms are posing a major intervention challenge to schools. This has led to a significant need for manualized, school-based interventions for students with HFASD.

This project will use a cluster randomized controlled trial to evaluate the efficacy of a comprehensive school-based intervention (CSBI) on the outcomes of elementary school children with HFASD. Compared to a control group, students with HFASD who complete the CSBI are hypothesized to demonstrate significantly greater social-communicative understanding, fewer ASD symptoms, better social skills, higher rates of peer interactions, and greater academic achievement. In addition, the potential mediating role of fidelity of implementation and moderating role of IQ and language level will be examined."
R324A140002,A Modular CBT for Reducing Anxiety and Improving Educational Outcomes,Special Education Research Grants,"Social, Emotional, and Behavioral Competence",Soc/Beh,"The primary purpose of this research was to evaluate the efficacy of a modular cognitive-behavioral intervention (M-CBT) on reducing excessive anxiety and improving student academic, social, and behavioral performance in school. Anxiety disorders are the most common childhood psychiatric conditions and are known to severely impair children's academic, social, and behavioral functioning in school. Approximately 11-15 percent of youth receiving special education services (generally under the category of emotional disturbance) and 10-20 percent of youth at risk for special education have excessive anxiety requiring treatment. Despite the growing efficacy of cognitive-behavioral treatment for anxiety, this intervention is not widely used in schools. This study aimed to examine outcomes of M-CBT on student with a diagnosed anxiety order."
R324A140005,Examining the Efficacy of Classroom Pivotal Response Teaching in Classroom Environments,Special Education Research Grants,Autism Spectrum Disorders,Soc/Beh,"With increasing rates of autism spectrum disorders (ASD), public schools are straining to provide high-quality, evidence-based programs for these students. Most current evidence-based practices for students with ASD were designed for use in one-on-one or highly controlled settings. Little research to date has examined the effectiveness of specific techniques in the context of school systems.

The purpose of this project is to conduct a randomized trial of an intervention called Classroom Pivotal Response Teaching (CPRT), an intervention specifically adapted for use in classrooms for children with ASD. The trial will study children in preschool through fifth-grade classrooms to determine whether the program improves students' communication, object play, academic and social skills, on-task behavior, and progress toward IEP goals, including an examination of moderators and mediators of outcomes. The study will also examine teacher fidelity of implementation, moderators and mediators of teacher fidelity, and sustainability of program components."
R324A150179,Efficacy of Enhanced First Step to Success Intervention for Tertiary-Level Students with Disruptive Behavior,Special Education Research Grants,"Social, Emotional, and Behavioral Competence",Soc/Beh,"The purpose of this efficacy study was to examine whether adding a brief, home-visitation intervention, homeBase (hB), to an existing child- and teacher- focused intervention, First Step Next (FSN), would improve social-emotional and behavioral outcomes for young children with challenging behavior in home and school settings who required intensive support. Research has shown that children's home experiences are linked to their mental health and educational success, particularly parenting practices at home that support children's adjustment to the social and educational demands of school. FSN has demonstrated promise for improving behavioral and educational outcomes for students in this age range with moderate problem behaviors, but prior to this study, the efficacy of the FSN intervention had not yet been tested with children who demonstrate severe impairment across home and school settings, and homeBase had not been tested as a stand-alone intervention."
R324A160017,A Randomized Trial of Conjoint Behavioral Consultation (CBC) with Latino Students: A Replication Study,Special Education Research Grants,"Social, Emotional, and Behavioral Competence",Soc/Beh,"The purpose of this project was to test the efficacy of Conjoint Behavioral Consultation (CBC) (also known as Teachers and Parents as Partners, or TAPP) for supporting the social-behavioral and academic performance of Latinx elementary school students at risk for Emotional and Behavioral Disorders (EBD) and the family-school partnerships that support these students. Latinx students, who account for nearly 25 percent of the student population in the United States at the time of this study, experience large disparities in educational outcomes and high rates of unmet mental health needs that exacerbate risk for school disengagement, suspension, and expulsion. Evidence-based interventions that are culturally responsive to the needs of Latinx populations were lacking. Although evidence for the efficacy of CBC existed across a variety of geographical settings (e.g., urban, rural), CBC had never been tested for efficacy specifically with Latinx students and their families. The current study will examine the impact of TAPP para Familias Latinas on Latinx students' social-behavioral and academic outcomes and parent and teacher relationships and competencies for supporting Latinx students."
R324A160136,Evaluating a Social-Emotional Learning Curriculum for Children At Risk for Emotional or Behavioral Disorders,Special Education Research Grants,"Social, Emotional, and Behavioral Competence",Soc/Beh,"The purpose of this project is to examine the efficacy of the Social-Emotional Learning Foundations (SELF) intervention for improving social-emotional learning, behavior, and school adjustment for children at risk for Emotional and Behavioral Disorders (EBD). Students with social-behavioral problems early in their school careers are at high risk of developing long-term pervasive behavioral and academic problems, and early school success depends on successful social-emotional development. Given increasing demands to demonstrate accountability for academic achievement, however, educators maximize academic instruction time, often at the expense of social-emotional learning. Through small group instruction within the general education classroom, SELF integrates social-emotional learning with literacy instruction to support the social-emotional competencies and academic outcomes of children with EBD. SELF has demonstrated feasibility of implementation by early elementary school teachers as well as promise for improving social-emotional competence and school adjustment for students at risk for EBD, but the efficacy of the intervention has not yet been tested."
R324A180005,Testing the Long-Term Beneficial Impacts from a Comprehensive School Intervention for High-Functioning Children with ASD (HFASD): An Efficacy Follow-Up Study,Special Education Research Grants,Autism Spectrum Disorders,Soc/Beh,"The purpose of this study is to evaluate the long-term impacts of a comprehensive school-based intervention (CSBI) that yielded beneficial impacts for elementary school students with high-functioning autism spectrum disorder (HFASD). Results from the initial randomized controlled trial indicated that students in grades 1-5 with HFASD in the CSBI schools demonstrated significantly better outcomes on measures of social-cognition, social-communication skills, and ASD symptoms compared to students with HFASD who received typical instruction in the control schools. Although these results are encouraging, the long-term impacts of the CSBI are unknown. To date, school-based social interventions for students with HFASD have yielded mixed results regarding maintenance of gains over time and follow-up intervals have been relatively short (e.g., a few months). This study aims to overcome this limitation by conducting a 2-year follow-up study of students with HFASD who participated in the original study to test the long-term impacts of the CSBI."
R324A180037,Family-Centered Intervention in Schools to Reduce Social and Behavioral Problems From Early Elementary School to Adolescence,Special Education Research Grants,"Social, Emotional, and Behavioral Competence",Soc/Beh,"The purpose of this study is to examine the long-term efficacy of the Kindergarten Family Check-Up (FCU), a school-based, family-centered intervention intended to prevent student social and behavioral problems. In addition, the research team will examine the impact of a booster session of FCU delivered during the transition to middle school, as providing support during key transitions (e.g., school entry, transition to middle school) may be critical for school success for students with or at risk for problem behavior. For students at high-risk for behavior problems, questions remain about the sustainability of impacts from early intervention over time and the dosage needed to prevent future problems. A recently completed randomized controlled trial of Kindergarten FCU demonstrated positive impacts on student behavior and academic outcomes during and up to three years after the transition to kindergarten. The current study is both a follow-up and an extension of the Kindergarten FCU. The primary aims are to determine the long-term impact of receiving the original kindergarten intervention and the effects of a middle school booster session of FCU on students' behavior and academic outcomes. In addition, the current study will examine factors related to the successful adoption and implementation of the FCU by schools."
R324A180091,Efficacy Follow-Up Study of the CSESA Model,Special Education Research Grants,Autism Spectrum Disorders,Soc/Beh,"The purpose of this project was to determine the longer-term outcomes for high school students with autism who participated in an efficacy study of a comprehensive treatment model developed by the IES-funded Center on Secondary Education for Students with Autism Spectrum Disorders (CSESA). Compared to other high school students with disabilities, students with autism have significantly more difficulty with daily living activities, a lower sense of self direction, fewer planned activities and social engagement with friends, and are less likely to have paid employment outside of school. The majority of rigorous research on interventions for children with autism has been conducted with preschool- and elementary-aged students, leaving a gap in research focused on secondary students with autism. The CSESA model was a comprehensive intervention that was developed to fill this gap. Results from the initial efficacy study of CSESA demonstrated significant differences in school-wide program quality and in student progress towards individual goals for students in the CSESA schools compared with those in the Services as Usual (SAU) condition, but no differences were found in performance on standardized measures. This project followed up with the students involved in the original efficacy study of CSESA to determine the longer-term intervention effects (both in-school and post-school outcomes) and whether there is evidence of factors that may mediate or moderate the impact of the intervention on youth with autism."
R324A190046,Evaluating the Efficacy of a Daily Check-in/Check-out Intervention for Students At Risk for Emotional and Behavioral Disorders,Special Education Research Grants,"Social, Emotional, and Behavioral Competence",Soc/Beh,"The purpose of this study is to evaluate the efficacy of Check-in/Check-out (CICO) for improving social, emotional, and academic behavior of elementary school students at risk for emotional and behavioral disorders (EBD). CICO is a manualized Tier 2 behavioral intervention commonly implemented within a multi-tiered framework and designed to improve the social and behavioral performance of students with emerging problem behavior. Research has indicated that CICO is a promising intervention for improving student outcomes, has high acceptability ratings from participants, and has shown feasibility of implementation in elementary school settings. However, evaluations of CICO have primarily used single-case research designs and high quality, group design studies are lacking. This study will examine the efficacy of CICO for improving teacher instructional practices; student social, emotional, and academic behaviors; and parent perceptions of school partnership, and potential mediators or moderators of those effects. In addition, the cost and cost-effectiveness of the intervention will be examined."
R324A190154,"Examining Outcomes of a Multi-Component, Individually Tailored Consultation Process Focused on Classroom Management for Teachers (K-5)",Special Education Research Grants,"Social, Emotional, and Behavioral Competence",Soc/Beh,"The purpose of this study is to evaluate the efficacy of the Classroom Behavior Support Program (CBS) for improving elementary school teachers' classroom management and behavior and outcomes for all students, including those at risk for emotional and behavioral disorders (EBD). CBS is a multi-component, individually tailored consultation that was developed with previous IES funding to improve teachers' use of universal classroom management practices and targeted interventions. Such practices and interventions can improve academic and behavioral functioning in elementary school students at risk for EBD. However, teachers often feel unprepared to implement these practices to address disruptive behavior. Consultation that includes problem solving and performance feedback is one way to improve teacher implementation of universal and targeted strategies but can still lead to variable implementation without individual tailoring. The current study aims to address this by evaluating a consultation program that is individually tailored to match teachers' strengths and weaknesses and addresses common barriers to integrity, including teachers' knowledge about best practices, skills to implement those practices, and beliefs about their own skills or the practices."
R324A190239,Enhancing IEPs of Children with ADHD Using Daily Report Cards: An Efficacy Trial,Special Education Research Grants,"Social, Emotional, and Behavioral Competence",Soc/Beh,"The purpose of this project is to test the efficacy of using a Daily Report Card (DRC) intervention as an enhancement to the individualized education program (IEP) for students with attention-deficit hyperactivity disorder (ADHD). Children with ADHD are at risk for negative academic and social outcomes due to difficulties with attention, impulse control, and activity modulation. Because of these problems, effective interventions aimed at improving academic performance and social/behavioral outcomes are needed. Although many children with ADHD have an IEP that may include evidence-based practices for students with learning and behavioral disabilities, prior research suggests that there is a need to supplement the IEP in order to make it more usable for teachers and to ensure that students receive supports that are directly linked to target behaviors that impact the child's learning, achievement, and social development. The DRC provides teachers with a daily link to a child's IEP goals and objectives and a mechanism for providing feedback to the child and parent on progress. Using a DRC as an enhancement to the IEP has shown promise for improving students' behavior, academic achievement, and IEP goal attainment. Thus, the current study aims to build on these promising findings to determine whether linking a DRC to a child's IEP goals and objectives shows efficacy for improving the academic and social outcomes for students with ADHD."
R324A200007,"Combining the Self-Determined Learning Model of Instruction and Peer Supports: Examining the Impact on Academic, Social, and Functional Outcomes for Students With Autism Spectrum Disorders",Special Education Research Grants,Autism Spectrum Disorders,Soc/Beh,"The purpose of this project is to examine the initial efficacy of a comprehensive intervention combining two research-based interventions, the Self-Determined Learning Model of Instruction (SDLMI) and Peer Supports (PS), on academic, social, and functional outcomes for secondary students with autism spectrum disorders (ASD) in inclusive general education classrooms. Efficacy studies of the SDLMI and PS have been conducted separately, establishing impacts on outcomes for students with disabilities. However, each intervention has unique features that, if combined, has the potential to more comprehensively address the complex needs of youth with ASD in secondary schools."
R324A200063,Initial Efficacy Evaluation of the CW-FIT Middle School Program: Improving Academic Engagement and Outcomes for Middle School Students,Special Education Research Grants,"Social, Emotional, and Behavioral Competence",Soc/Beh,"The purpose of the CW-FIT Middle School (CW-FIT MS) project is to conduct an Initial Efficacy evaluation of CW-FIT MS for improving middle school students' engagement, academic outcomes and socially appropriate behaviors while improving their teachers' classroom management practices. Classroom behavior problems top the list of concerns for teachers, who consistently rank students' disruptive, defiant, and aggressive behaviors as major barriers to teaching. Classroom management is particularly important in middle school where teachers often struggle with managing classrooms and students struggle with disengagement and disruptive behavior. CW-FIT MS was developed with IES funding and has demonstrated feasibility of implementation by middle school teachers as well as promise for improve education outcomes of middle school students with or at risk for emotional and behavioral disorders (EBD), but the efficacy of the intervention has not yet been tested."
R324A200154,Modular Approach for Autism Programs in Schools (MAAPS),Special Education Research Grants,Autism Spectrum Disorders,Soc/Beh,"The purpose of this project is to test the efficacy of an individualized, comprehensive modular intervention system, the Modular Approach for Autism Programs in Schools (MAAPS). MAAPS integrates evidence-based strategies to address core and associated features of autism spectrum disorders (ASD) to enhance the success of elementary students with ASD in schools. The primary aim is to evaluate whether, compared to services as usual, MAAPS improves teacher/instructional personnel outcomes and subsequent student educational outcomes."
R324B060029,Universal Cognitive-Behavioral Intervention for Elementary Students to Reduce Disruptive/Aggressive Behavior,Special Education Research Grants,"Social, Emotional, and Behavioral Competence",Soc/Beh,"The purpose of this project is to determine whether a cognitive-behavioral problem-solving curriculum focused on anger management and implemented by school personnel in classroom settings improves student behavioral outcomes related to positive social adjustment and school success. Researchers have found that teaching cognitive strategies through cognitive-behavioral intervention can decrease student disruption/aggression and strengthen pro-social behavior. Many such interventions incorporate components difficult for typical schools to sustain without external support. Thus, there is a need to determine whether a feasible, sustainable, cost-effective intervention can effectively alter negative behaviors and thereby improve social outcomes for students at risk."
R324B060047,Adaptive Treatments for Children with ADHD,Special Education Research Grants,"Social, Emotional, and Behavioral Competence",Soc/Beh,"The purpose of this study is to investigate the efficacy of two forms of ADHD treatment: medication and behavioral intervention. Unlike previous research, this study proposes to examine the effect of sequential implementation of the two forms of ADHD treatment on students unresponsive to the primary intervention. By using sequential implementation of either medication followed by behavioral intervention or behavioral intervention followed by medication, students with ADHD will receive the lowest effective dosage of medication and/or intensity of behavioral intervention; therefore, costs will be reduced and students will not be subjected to unnecessary interventions."
R324B070219,Comparison of Two Comprehensive Treatment Models for Preschool-Aged Children With Autism Spectrum Disorders and Their Families,Special Education Research Grants,Autism Spectrum Disorders,Soc/Beh,"Prevalence rates for Autism Spectrum Disorders (ASD) have risen in the last decade. According to the Centers for Disease Control and Prevention, one in 150 children has an ASD. This increase has created pressure on local school systems to provide effective treatment and services for children with such disorders. To date, few studies have been conducted to evaluate the effects of school-based interventions that address the multiple needs of children with ASD.

To address this need, researchers at the University of North Carolina at Chapel Hill are evaluating two established comprehensive treatment models. Treatment and Education of Autistic and Communication-Handicapped Children and Learning Experiences: Alternative Program for Preschoolers and Parents are widely used and have been in use for over 25 years. Rigorous evidence of the efficacy of these comprehensive treatment models, however, is limited. The purpose of this study is to compare the immediate and long-term effects of the two comprehensive treatment models to each other and to a typical classroom service model. The researchers are including key outcomes related to the learning and development of young children with autism and to family functioning. Furthermore, the project will address the maintenance and differential treatment effects of each model and the relative cost."
R305F050117,Evaluation of Writing Wings: Writing Instruction for Disadvantaged Elementary School Children,Field Initiated Evaluations of Education Innovations,NA,Unclassified,"In this project, researchers proposed to evaluate the effect of Writing Wings, a writing instruction program developed by the Success for All Foundation that targets disadvantaged children in grades 3 to 5, a critical period for the acquisition of good writing skills. At the end of the project, the researchers intended to show whether implementing Writing Wings in 20 elementary schools improved the writing of their disadvantaged students."
R305F050161,Evaluation of Ohio's School Conflict Management Program,Field Initiated Evaluations of Education Innovations,NA,Unclassified,"At the time of this study, interpersonal conflict and aggressive behavior occurred at unacceptably high rates in many U.S. schools, which not only threatened students and teachers but also harmed academic performance. In this project, researchers examined the Ohio school conflict management program, a well-established and promising program that addresses interpersonal conflict and aggressive behavior. The Ohio school conflict management program aimed to improve both behavioral and academic outcomes among middle school students. Researchers anticipated that the results at the end of the project would show whether implementation of the Ohio school conflict management program in schools throughout the stated reduced student-to-student and student-to-teacher conflict and improved attendance and academic performance."
R305F050223,"Evaluation of the Computer and Team-Assisted Mathematical Acceleration (CATAMA) Lab in Urban, High-Poverty, High-Minority Middle Schools",Field Initiated Evaluations of Education Innovations,NA,Unclassified,"In this project, the researchers proposed to evaluate the impact of an elective math course of middle school students who need additional assistance. In the early 2000s, national and international comparisons of student achievement show that U.S. students in general, and minority and low-income students in particular, fell rapidly behind between the 4th and the 8th grades. Many minority children from low-income families were leaving middle school poorly prepared to succeed in a rigorous sequence of college preparatory math classes in high school. At the end of the project, the researchers aimed to determine whether an elective math course in one large urban district improved middle school students' mathematics achievement and whether the course had different results depending on students' initial level of math skills."
R305F050256,An Experimental Design Evaluation of Full-Day Kindergarten,Field Initiated Evaluations of Education Innovations,NA,Unclassified,"At the time of this study, full-day kindergarten was used increasingly as a strategy to address achievement gaps and promote early learning and school readiness. In this project, the researchers compared the academic results of full-day kindergarten with those of half-day kindergarten. Through this comparison, the researchers expected the results to show whether providing full-day kindergarten in two high-poverty schools improved academic performance and attendance rates and reduced special education referrals and grade retention, all considered predictors of later school success."
R305F050274,An Evaluation of the SOURCE (Student Outreach for College Enrollment) Program: An Intervention to Promote College Application and Enrollment Among Urban Youth,Field Initiated Evaluations of Education Innovations,NA,Unclassified,"In the early 2000s, young people from higher income families were much more likely to attend college than those of limited means, and only about half of the disparity was attributed to differences in high school grades and test scores. The researchers conducted this study to assess an advising program that sought to increase college-going among inner-city youth. The advising program was motivated by research that showed disadvantaged students were less successful than other students in completing the college application process, including registering for and taking the SAT, completing and submitting college applications, and completing financial aid applications. The researchers intended to show whether the advising program in one large urban school district encouraged low-income youth to complete the college application process, to enroll in college, and to complete college courses."
