grant_id,ies_title,project_type,design,is_rct_final,design_signal,pre_wwc_call,in_wwc,wwc_designs,wwc_is_rct,rct_evidence,eric_rct_desc,eric_qed_desc,hit_title,hit_purpose,hit_abstract,hit_eric,hit_nonrct,is_center,n_abstracts,is_trial_design
R305A080608,Project Collaborative Strategic Reading (CSR): Interventions for Struggling Adolescent and Adult Readers and Writers,Efficacy,Efficacy,TRUE,RCT (ERIC descriptor),RCT,FALSE,NA,FALSE,purpose + abstract + eric,TRUE,FALSE,FALSE,TRUE,TRUE,TRUE,TRUE,FALSE,32,TRUE
R305A090294,Impact of Teacher Study Groups as Observed Teaching Practice and Student Vocabulary Knowledge: A Multi-Site Randomized Control Trial in First Grade,Efficacy,Efficacy,TRUE,RCT (ERIC descriptor),RCT,FALSE,NA,FALSE,title + abstract + eric,TRUE,FALSE,TRUE,FALSE,TRUE,TRUE,FALSE,FALSE,6,TRUE
R305A090528,Applications of Intelligent Tutoring Systems (ITS) to Improve the Skill Levels of Students with Deficiencies in Mathematics,Efficacy,Efficacy,TRUE,RCT (ERIC descriptor),RCT,FALSE,NA,FALSE,eric,TRUE,FALSE,FALSE,FALSE,FALSE,TRUE,FALSE,FALSE,6,TRUE
R305A090533,Experimental Validation of the Tools of the Mind Prekindergarten Curriculum,Efficacy,Efficacy,TRUE,RCT (ERIC descriptor),RCT,FALSE,NA,FALSE,eric,TRUE,FALSE,FALSE,FALSE,FALSE,TRUE,FALSE,FALSE,9,TRUE
R305A090555,Word Generation: An Efficacy Trial,Efficacy,Efficacy,TRUE,RCT (ERIC descriptor),RCT,FALSE,NA,FALSE,abstract + eric,TRUE,TRUE,FALSE,FALSE,TRUE,TRUE,TRUE,FALSE,16,TRUE
R305A110252,Assessing the Efficacy of Check & Connect for Improving Outcomes for At-Risk High School Students,Efficacy,Efficacy,TRUE,RCT (ERIC descriptor),RCT,FALSE,NA,FALSE,abstract + eric,TRUE,FALSE,FALSE,FALSE,TRUE,TRUE,FALSE,FALSE,3,TRUE
R305A120811,Burst: Reading Efficacy Study,Efficacy,Efficacy,TRUE,RCT (ERIC descriptor),RCT,FALSE,NA,FALSE,abstract + eric,TRUE,FALSE,FALSE,FALSE,TRUE,TRUE,TRUE,FALSE,2,TRUE
R305A130107,Professional Development to Support New Teachers' Use of Effective Classroom Management Techniques,Efficacy,Efficacy,TRUE,RCT (ERIC descriptor),RCT,FALSE,NA,FALSE,abstract + eric,TRUE,FALSE,FALSE,FALSE,TRUE,TRUE,FALSE,FALSE,2,TRUE
R305A140189,Testing the Efficacy of an Ecological Approach to Family Intervention and Treatment During Early Elementary School to Prevent Problem Behavior and Improve Academic Outcomes,Efficacy,Efficacy,TRUE,RCT (ERIC descriptor),RCT,FALSE,NA,FALSE,purpose + abstract + eric,TRUE,FALSE,FALSE,TRUE,TRUE,TRUE,FALSE,FALSE,8,TRUE
R305A140340,Khan Academy Resources for Maximizing Mathematics Achievement: A Postsecondary Mathematics Efficacy Study,Efficacy,Efficacy,TRUE,RCT (ERIC descriptor),RCT,FALSE,NA,FALSE,abstract + eric,TRUE,FALSE,FALSE,FALSE,TRUE,TRUE,FALSE,FALSE,3,TRUE
R305A180374,Efficacy of MindUP on Pre-Kindergarteners' Development of Social-Emotional Learning Competencies and Academic Skills,Efficacy,Efficacy,TRUE,RCT (ERIC descriptor),RCT,FALSE,NA,FALSE,abstract + eric,TRUE,FALSE,FALSE,FALSE,TRUE,TRUE,FALSE,FALSE,1,TRUE
R305E040085,Assessing the Impact of Principals' Professional Development: An Evaluation of the National Institute for School Leadership,Efficacy,Efficacy,TRUE,RCT (ERIC descriptor),RCT,FALSE,NA,FALSE,abstract + eric,TRUE,FALSE,FALSE,FALSE,TRUE,TRUE,FALSE,FALSE,82,TRUE
R305E090005,A Proposal to Measure the Impact of Indiana's System of Diagnostic Assessments on Student Achievement Outcomes,Efficacy,Efficacy,TRUE,RCT (ERIC descriptor),RCT,FALSE,NA,FALSE,purpose + abstract + eric,TRUE,FALSE,FALSE,TRUE,TRUE,TRUE,FALSE,FALSE,5,TRUE
R305F050051,An Experimental Study of the Effectiveness of Instructional Consultation Teams,Efficacy,Efficacy,TRUE,RCT (ERIC descriptor),RCT,FALSE,NA,FALSE,abstract + eric,TRUE,FALSE,FALSE,FALSE,TRUE,TRUE,FALSE,FALSE,2,TRUE
R305F050284,Evaluation of Efficacy of CBC for Addressing Disruptive Behaviors of Children at Risk for Academic Failure,Efficacy,Efficacy,TRUE,RCT (ERIC descriptor),RCT,FALSE,NA,FALSE,abstract + eric,TRUE,FALSE,FALSE,FALSE,TRUE,TRUE,FALSE,FALSE,4,TRUE
R305F100007,Reading for Understanding Across Grades 6 through 12: Evidence-Based Argumentation for Disciplinary Learning,Development and Innovation,Efficacy,TRUE,RCT (ERIC descriptor),RCT,FALSE,NA,FALSE,abstract + eric,TRUE,FALSE,FALSE,FALSE,TRUE,TRUE,TRUE,FALSE,33,TRUE
R305H170042,Strengthening School Readiness through Pre-K for All: A University-District Partnership,Efficacy,Efficacy,TRUE,RCT (ERIC descriptor),RCT,FALSE,NA,FALSE,abstract + eric,TRUE,FALSE,FALSE,FALSE,TRUE,TRUE,TRUE,FALSE,2,TRUE
R305K050045,Classroom Connectivity in Promoting Mathematics and Science Achievement,Efficacy,Efficacy,TRUE,RCT (ERIC descriptor),RCT,FALSE,NA,FALSE,eric,TRUE,FALSE,FALSE,FALSE,FALSE,TRUE,FALSE,FALSE,NA,TRUE
R324A080071,"Establishing the Efficacy of the ""Special Friends"" Project",Efficacy,Efficacy,TRUE,RCT (ERIC descriptor),RCT,FALSE,NA,FALSE,eric,TRUE,FALSE,FALSE,FALSE,FALSE,TRUE,FALSE,FALSE,12,TRUE
R324A090044,Efficacy Trial of Carescapes: Promoting Social Development in Home-based Child Care,Efficacy,Efficacy,TRUE,RCT (ERIC descriptor),RCT,FALSE,NA,FALSE,purpose + eric,TRUE,FALSE,FALSE,TRUE,FALSE,TRUE,FALSE,FALSE,4,TRUE
R324A100215,Examining the Efficacy of Banking Time: A Teacher-Child Early Intervention to Improve Children's Emotional and Behavioral Development,Efficacy,Efficacy,TRUE,RCT (ERIC descriptor),RCT,FALSE,NA,FALSE,abstract + eric,TRUE,FALSE,FALSE,FALSE,TRUE,TRUE,FALSE,FALSE,12,TRUE
R324A110183,Relative Effectiveness of Contrasting Approaches to Response-Contingent Learning Interventions,Efficacy,Efficacy,TRUE,RCT (ERIC descriptor),RCT,FALSE,NA,FALSE,abstract + eric,TRUE,FALSE,FALSE,FALSE,TRUE,TRUE,FALSE,FALSE,7,TRUE
R324A120027,Evaluating the Efficacy of the School-based Social Competence Intervention for Adolescents (SCI-A) with High Functioning Autism,Efficacy,Efficacy,TRUE,RCT (ERIC descriptor),RCT,FALSE,NA,FALSE,abstract + eric,TRUE,FALSE,FALSE,FALSE,TRUE,TRUE,FALSE,FALSE,2,TRUE
R324A120097,A Randomized Controlled Trial of Prevent-Teach-Reinforce for Young Children,Efficacy,Efficacy,TRUE,RCT (ERIC descriptor),RCT,FALSE,NA,FALSE,title + abstract + eric,TRUE,FALSE,TRUE,FALSE,TRUE,TRUE,FALSE,FALSE,5,TRUE
R324A120260,On the Way Home: Promoting Transition Outcomes in Youth with EBD or LD—An Efficacy and Replication Study,Efficacy,Efficacy,TRUE,RCT (ERIC descriptor),RCT,FALSE,NA,FALSE,abstract + eric,TRUE,FALSE,FALSE,FALSE,TRUE,TRUE,FALSE,FALSE,3,TRUE
R324A120291,Joint Attention Mediated Learning Intervention for Toddlers with Autism Spectrum Disorders and Their Families,Efficacy,Efficacy,TRUE,RCT (ERIC descriptor),RCT,FALSE,NA,FALSE,eric,TRUE,FALSE,FALSE,FALSE,FALSE,TRUE,FALSE,FALSE,7,TRUE
R324E060088,Improving Language and Literacy Outcomes for Preschool Children at Highest Risk for Reading Problems,Efficacy,Efficacy,TRUE,RCT (ERIC descriptor),RCT,FALSE,NA,FALSE,abstract + eric,TRUE,FALSE,FALSE,FALSE,TRUE,TRUE,FALSE,FALSE,12,TRUE
R305F100005,Developing Reading Comprehension Assessments Targeting Struggling Readers,Exploration,Other,TRUE,RCT (ERIC descriptor),RCT,FALSE,NA,FALSE,abstract + eric,TRUE,FALSE,FALSE,FALSE,TRUE,TRUE,FALSE,FALSE,62,FALSE
R305A090150,National Randomized Controlled Trial Study of SRA/McGraw-Hill Open-Court Reading Program,Scale-Up Evaluations,Scale-up,TRUE,RCT (ERIC descriptor),RCT,FALSE,NA,FALSE,title + abstract + eric,TRUE,FALSE,TRUE,FALSE,TRUE,TRUE,FALSE,FALSE,1,TRUE
R305A110297,Scale-up Evaluation of Reading Intervention for First Grade English Learners,Scale-Up Evaluations,Scale-up,TRUE,RCT (ERIC descriptor),RCT,FALSE,NA,FALSE,abstract + eric,TRUE,FALSE,FALSE,FALSE,TRUE,TRUE,FALSE,FALSE,1,TRUE
R305G040145,Breakthrough to Literacy in the Chicago Public Schools: A Large Scale Evaluation of the Effectiveness of a Reading Comprehension Intervention,Scale-Up Evaluations,Scale-up,TRUE,RCT (ERIC descriptor),RCT,FALSE,NA,FALSE,eric,TRUE,FALSE,FALSE,FALSE,FALSE,TRUE,TRUE,FALSE,NA,TRUE
R305A040082,Center for Data-Driven Reform in Education,Efficacy,Efficacy,TRUE,RCT (WWC),non-RCT,TRUE,RCT,TRUE,purpose + abstract + eric,FALSE,FALSE,FALSE,TRUE,TRUE,TRUE,FALSE,TRUE,423,TRUE
R305A050004,"Center for Research on Evaluation, Standards, and Student Testing (CRESST)",Development and Innovation,Efficacy,TRUE,RCT (WWC),non-RCT,TRUE,QED+RCT,TRUE,none,FALSE,FALSE,FALSE,FALSE,FALSE,FALSE,FALSE,TRUE,10,TRUE
R305A070324,"Efficacy of Sound Partners Supplemental Tutoring for ELL Students, Grades K-1",Efficacy,Efficacy,TRUE,RCT (WWC),RCT,TRUE,RCT,TRUE,abstract + eric,FALSE,FALSE,FALSE,FALSE,TRUE,TRUE,FALSE,FALSE,13,TRUE
R305A080133,"Efficacy and Replication Research on the Intelligent Tutoring System for the Structure Strategy—Rural and Suburban Schools Grades 4, 5, 7, and 8",Efficacy,Efficacy,TRUE,RCT (WWC),RCT,TRUE,RCT,TRUE,abstract + eric,TRUE,FALSE,FALSE,FALSE,TRUE,TRUE,FALSE,FALSE,2,TRUE
R305A080196,Efficacy of Earobics Step I in English Language Learners and Low SES Minority Children,Efficacy,Efficacy,TRUE,RCT (WWC),RCT,TRUE,RCT,TRUE,abstract,FALSE,FALSE,FALSE,FALSE,TRUE,FALSE,FALSE,FALSE,3,TRUE
R305A080253,The Chicago Social and Character Development Trial: Extension to Grade 8,Efficacy,Efficacy,TRUE,RCT (WWC),RCT,TRUE,RCT,TRUE,abstract + eric,FALSE,FALSE,FALSE,FALSE,TRUE,TRUE,FALSE,FALSE,51,TRUE
R305A080326,A Randomized Controlled Trial of the Combination of Two Preventive Interventions,Efficacy,Efficacy,TRUE,RCT (WWC),RCT,TRUE,RCT,TRUE,title + purpose + abstract + eric,FALSE,FALSE,TRUE,TRUE,TRUE,TRUE,FALSE,FALSE,24,TRUE
R305A080464,Closing the Achievement Gap in Middle School Mathematics Utilizing Stanford University's Education Program for Gifted Youth Differentiated Mathematics Program,Efficacy,Efficacy,TRUE,RCT (WWC),RCT,TRUE,RCT,TRUE,abstract,FALSE,FALSE,FALSE,FALSE,TRUE,FALSE,FALSE,FALSE,1,TRUE
R305A080479,Fostering Fluency With Basic Addition and Subtraction,Efficacy,Efficacy,TRUE,RCT (WWC),RCT,TRUE,RCT,TRUE,abstract + eric,FALSE,FALSE,FALSE,FALSE,TRUE,TRUE,FALSE,FALSE,9,TRUE
R305A080512,Testing the Efficacy of INSIGHTS in Enhancing the Academic Learning Context,Efficacy,Efficacy,TRUE,RCT (WWC),RCT,TRUE,RCT,TRUE,purpose + abstract + eric,FALSE,FALSE,FALSE,TRUE,TRUE,TRUE,FALSE,FALSE,23,TRUE
R305A080627,An Efficacy Trial of Robust Vocabulary Instruction,Efficacy,Efficacy,TRUE,RCT (WWC),RCT,TRUE,RCT,TRUE,abstract + eric,FALSE,FALSE,FALSE,FALSE,TRUE,TRUE,FALSE,FALSE,2,TRUE
R305A080631,Increasing Opportunities-to-Learn in Urban Middle Schools,Efficacy,Efficacy,TRUE,RCT (WWC),RCT,TRUE,RCT,TRUE,abstract + eric,FALSE,FALSE,FALSE,FALSE,TRUE,TRUE,FALSE,FALSE,11,TRUE
R305A080696,A Randomized Control Trial to Assess the Efficacy of the Balanced Leadership Program,Efficacy,Efficacy,TRUE,RCT (WWC),RCT,TRUE,RCT,TRUE,title + abstract + eric,TRUE,FALSE,TRUE,FALSE,TRUE,TRUE,FALSE,FALSE,41,TRUE
R305A080697,Closing the SES Related Gap in Young Children's Mathematical Knowledge,Efficacy,Efficacy,TRUE,RCT (WWC),unknown,TRUE,RCT,TRUE,none,FALSE,FALSE,FALSE,FALSE,FALSE,FALSE,FALSE,FALSE,219,TRUE
R305A090212,Improving School Readiness of High-Risk Preschoolers: Combining High-Quality Instructional Strategies with Responsive Training for Teachers and Parents,Efficacy,Efficacy,TRUE,RCT (WWC),RCT,TRUE,RCT,TRUE,abstract,FALSE,FALSE,FALSE,FALSE,TRUE,FALSE,FALSE,FALSE,2,TRUE
R305A090438,"The Social Skills Improvement System Classwide Intervention Program: Social, Behavioral, and Academic Outcomes in Elementary School",Efficacy,Efficacy,TRUE,RCT (WWC),RCT,TRUE,RCT,TRUE,abstract + eric,TRUE,FALSE,FALSE,FALSE,TRUE,TRUE,FALSE,FALSE,38,TRUE
R305A090527,Spatial Temporal Mathematics at Scale: An Innovative and Fully-Developed Paradigm to Boost Math Achievement Among All Learners,Efficacy,Efficacy,TRUE,RCT (WWC),RCT,TRUE,RCT,TRUE,abstract + eric,FALSE,FALSE,FALSE,FALSE,TRUE,TRUE,FALSE,FALSE,4,TRUE
R305A100066,Evaluating the Long-Term Effects and the Costs of Two Community College Interventions,Efficacy,Efficacy,TRUE,RCT (WWC),RCT,TRUE,RCT,TRUE,abstract + eric,FALSE,FALSE,FALSE,FALSE,TRUE,TRUE,FALSE,FALSE,5,TRUE
R305A100342,Evaluation of a Video-Based Modeling Program to Promote Effective Teacher Classroom Management Practices,Efficacy,Efficacy,TRUE,RCT (WWC),RCT,TRUE,RCT,TRUE,abstract + eric,TRUE,FALSE,FALSE,FALSE,TRUE,TRUE,FALSE,FALSE,58,TRUE
R305A100367,"Increasing Adolescent Engagement, Motivation, and Achievement: Efficacy of a Web-Based, Teacher Professional Development Model",Efficacy,Efficacy,TRUE,RCT (WWC),RCT,TRUE,QED+RCT,TRUE,abstract + eric,TRUE,FALSE,FALSE,FALSE,TRUE,TRUE,FALSE,FALSE,98,TRUE
R305A100568,Efficacy of Rich Vocabulary (RVOC) Instruction for Classrooms,Efficacy,Efficacy,TRUE,RCT (WWC),RCT,TRUE,RCT,TRUE,purpose + abstract + eric,FALSE,FALSE,FALSE,TRUE,TRUE,TRUE,TRUE,FALSE,1,TRUE
R305A100654,The Targeted Reading Intervention: A Web-Based Professional Development Program Targeting K-1 Classroom Teachers and Their Struggling Readers,Efficacy,Efficacy,TRUE,RCT (WWC),RCT,TRUE,RCT,TRUE,purpose + abstract + eric,TRUE,FALSE,FALSE,TRUE,TRUE,TRUE,FALSE,FALSE,20,TRUE
R305A100670,Improving the Teaching and Learning of English Language Learners: The Instructional Conversational Model,Efficacy,Efficacy,TRUE,RCT (WWC),RCT,TRUE,RCT,TRUE,abstract + eric,TRUE,FALSE,FALSE,FALSE,TRUE,TRUE,TRUE,FALSE,2,TRUE
R305A110085,Follow-Up to the Study of the Efficacy of North Carolina's Early College High School Model,Efficacy,Efficacy,TRUE,RCT (WWC),unknown,TRUE,RCT,TRUE,none,FALSE,FALSE,FALSE,FALSE,FALSE,FALSE,FALSE,FALSE,43,TRUE
R305A110136,An Efficacy Trial of Two Interventions Designed to Reduce Stereotype Threat Vulnerability and Close Academic Performance Gaps,Efficacy,Efficacy,TRUE,RCT (WWC),RCT,TRUE,RCT,TRUE,abstract,FALSE,FALSE,FALSE,FALSE,TRUE,FALSE,FALSE,FALSE,11,TRUE
R305A110149,Assessing the Efficacy of Online Credit Recovery in Algebra I for At-Risk Ninth Graders,Efficacy,Efficacy,TRUE,RCT (WWC),RCT,TRUE,RCT,TRUE,abstract + eric,FALSE,FALSE,FALSE,FALSE,TRUE,TRUE,FALSE,FALSE,19,TRUE
R305A110204,Performance-Based Scholarship Demonstration — An Alternative Financial Aid Program to Incentivize Academic Success,Efficacy,Efficacy,TRUE,RCT (WWC),RCT,TRUE,RCT,TRUE,purpose + abstract + eric,TRUE,FALSE,FALSE,TRUE,TRUE,TRUE,FALSE,FALSE,20,TRUE
R305A110358,Learning of Ratio and Proportion Problem-Solving Using Schema-Based Instruction: Efficacy and Sustainability,Efficacy,Efficacy,TRUE,RCT (WWC),RCT,TRUE,RCT,TRUE,abstract + eric,TRUE,TRUE,FALSE,FALSE,TRUE,TRUE,TRUE,FALSE,8,TRUE
R305A110483,Numbers Plus Efficacy Study,Efficacy,Efficacy,TRUE,RCT (WWC),unknown,TRUE,RCT,TRUE,none,FALSE,FALSE,FALSE,FALSE,FALSE,FALSE,FALSE,FALSE,NA,TRUE
R305A110809,Promoting College Enrollment among Disadvantaged Students: A Randomized Controlled Trial of Two Low-Cost Interventions,Efficacy,Efficacy,TRUE,RCT (WWC),RCT,TRUE,RCT,TRUE,title + purpose + abstract + eric,FALSE,FALSE,TRUE,TRUE,TRUE,TRUE,FALSE,FALSE,2,TRUE
R305A120125,An Efficacy Study of Online Mathematics Homework Support: An Evaluation of the ASSISTments Formative Assessment and Tutoring Platform,Efficacy,Efficacy,TRUE,RCT (WWC),RCT,TRUE,RCT,TRUE,abstract + eric,TRUE,FALSE,FALSE,FALSE,TRUE,TRUE,FALSE,FALSE,43,TRUE
R305A120262,A Randomized Study of the Efficacy of a Two-Year Mathematics Intervention for At-Risk Pre-Kindergarten and Kindergarten Students,Efficacy,Efficacy,TRUE,RCT (WWC),RCT,TRUE,RCT,TRUE,title + abstract + eric,FALSE,FALSE,TRUE,FALSE,TRUE,TRUE,FALSE,FALSE,1,TRUE
R305A120269,"Why are Some Charter Schools More Effective than Others? Econometric Methods and Empirical Evidence from Massachusetts, Michigan, and Texas",Efficacy,Efficacy,TRUE,RCT (WWC),RCT,TRUE,RCT,TRUE,eric,TRUE,FALSE,FALSE,FALSE,FALSE,TRUE,FALSE,FALSE,81,TRUE
R305A120631,Efficacy Trial of MyTeaching Partner-Mathematics and Science Curricula and Implementation Support System,Efficacy,Efficacy,TRUE,RCT (WWC),RCT,TRUE,RCT,TRUE,purpose + abstract,FALSE,FALSE,FALSE,TRUE,TRUE,FALSE,TRUE,FALSE,3,TRUE
R305A120677,Getting Students to the Finish Line: An Efficacy Study of a Ninth Grade Early Warning Indicator Intervention,Efficacy,Efficacy,TRUE,RCT (WWC),unknown,TRUE,RCT,TRUE,none,FALSE,FALSE,FALSE,FALSE,FALSE,FALSE,FALSE,FALSE,4,TRUE
R305A120781,Replicating the CGI Experiment in Diverse Environments,Efficacy,Efficacy,TRUE,RCT (WWC),RCT,TRUE,RCT,TRUE,abstract + eric,FALSE,FALSE,FALSE,FALSE,TRUE,TRUE,FALSE,FALSE,11,TRUE
R305A130011,Efficacy of an Organizational Skills Intervention for Middle School Students with ADHD,Efficacy,Efficacy,TRUE,RCT (WWC),RCT,TRUE,RCT,TRUE,abstract + eric,TRUE,FALSE,FALSE,FALSE,TRUE,TRUE,FALSE,FALSE,8,TRUE
R305A130044,Testing the Promise: A Randomized Trial of a Promise College Scholarship for Urban Public School Students,Efficacy,Efficacy,TRUE,RCT (WWC),RCT,TRUE,RCT,TRUE,title + purpose + abstract + eric,TRUE,FALSE,TRUE,TRUE,TRUE,TRUE,FALSE,FALSE,2,TRUE
R305A130125,Using Computer-Assisted Instruction to Accelerate Students through Developmental Math: An Impact Study of Modularization and Compression,Efficacy,Efficacy,TRUE,RCT (WWC),RCT,TRUE,RCT,TRUE,abstract + eric,TRUE,FALSE,FALSE,FALSE,TRUE,TRUE,FALSE,FALSE,1,TRUE
R305A130143,Evaluation of a Classroom Management Training Program for Middle School Teachers,Efficacy,Efficacy,TRUE,RCT (WWC),RCT,TRUE,RCT,TRUE,abstract + eric,TRUE,FALSE,FALSE,FALSE,TRUE,TRUE,FALSE,FALSE,16,TRUE
R305A130336,Kidsteps II: Promoting School Readiness Through Social-Emotional Skill Building in Preschool,Efficacy,Efficacy,TRUE,RCT (WWC),RCT,TRUE,RCT,TRUE,abstract + eric,TRUE,FALSE,FALSE,FALSE,TRUE,TRUE,FALSE,FALSE,3,TRUE
R305A130400,Efficacy of an Integrated Digital Elementary School Mathematics Curriculum,Efficacy,Efficacy,TRUE,RCT (WWC),RCT,TRUE,RCT,TRUE,abstract + eric,FALSE,FALSE,FALSE,FALSE,TRUE,TRUE,FALSE,FALSE,2,TRUE
R305A130700,Efficacy of Supplemental Early Vocabulary Connections Instruction for English Language Learners,Efficacy,Efficacy,TRUE,RCT (WWC),RCT,TRUE,RCT,TRUE,abstract + eric,FALSE,FALSE,FALSE,FALSE,TRUE,TRUE,FALSE,FALSE,5,TRUE
R305A140059,Sustaining the Boost: Longitudinal Impacts of the Boston Prekindergarten Program and Variation in Impacts,Efficacy,Efficacy,TRUE,RCT (WWC),non-RCT,TRUE,RCT,TRUE,none,FALSE,FALSE,FALSE,FALSE,FALSE,FALSE,TRUE,FALSE,9,TRUE
R305A140121,Digital Messaging to Improve College Enrollment and Success,Efficacy,Efficacy,TRUE,RCT (WWC),RCT,TRUE,RCT,TRUE,eric,FALSE,FALSE,FALSE,FALSE,FALSE,TRUE,FALSE,FALSE,NA,TRUE
R305A150058,Preventing Dropout Among At-Risk Youth: A Study of Project Goal with English Learners,Efficacy,Efficacy,TRUE,RCT (WWC),RCT,TRUE,RCT,TRUE,abstract + eric,FALSE,FALSE,FALSE,FALSE,TRUE,TRUE,FALSE,FALSE,5,TRUE
R305A150108,Word Learning Strategies: A Program for Upper-Elementary Readers,Efficacy,Efficacy,TRUE,RCT (WWC),RCT,TRUE,RCT,TRUE,eric,FALSE,FALSE,FALSE,FALSE,FALSE,TRUE,FALSE,FALSE,3,TRUE
R305A150207,Improving the Educational and Social Emotional Functioning of College Students with ADHD,Efficacy,Efficacy,TRUE,RCT (WWC),RCT,TRUE,RCT,TRUE,purpose + abstract + eric,TRUE,FALSE,FALSE,TRUE,TRUE,TRUE,FALSE,FALSE,3,TRUE
R305A150221,Testing the Efficacy of Double Check: A Cultural Proficiency Professional Development Model in Middle Schools,Efficacy,Efficacy,TRUE,RCT (WWC),RCT,TRUE,RCT,TRUE,abstract + eric,TRUE,FALSE,FALSE,FALSE,TRUE,TRUE,TRUE,FALSE,24,TRUE
R305A150243,Evaluating the Efficacy of Learning Trajectories in Early Mathematics,Efficacy,Efficacy,TRUE,RCT (WWC),RCT,TRUE,RCT,TRUE,abstract + eric,FALSE,FALSE,FALSE,FALSE,TRUE,TRUE,TRUE,FALSE,4,TRUE
R305A150407,Examining the Efficacy of Differential Levels of Professional Development for Teaching Content Area Reading Strategies,Efficacy,Efficacy,TRUE,RCT (WWC),RCT,TRUE,RCT,TRUE,abstract + eric,FALSE,FALSE,FALSE,FALSE,TRUE,TRUE,TRUE,FALSE,10,TRUE
R305A150429,Digital Scaffolding for English Language Arts,Efficacy,Efficacy,TRUE,RCT (WWC),RCT,TRUE,RCT,TRUE,abstract + eric,TRUE,FALSE,FALSE,FALSE,TRUE,TRUE,FALSE,FALSE,1,TRUE
R305A150477,Early College High Schools at Scale: Probing Impacts and Generalizability with a Quasi-Experiment Benchmarked Against an RCT,Efficacy,Efficacy,TRUE,RCT (WWC),RCT,TRUE,RCT,TRUE,title + purpose + abstract + eric,FALSE,TRUE,TRUE,TRUE,TRUE,TRUE,TRUE,FALSE,2,TRUE
R305A160060,A Multisite Randomized Controlled Trial (RCT) of Descubriendo la Lectura (DLL) Topic Area: English learners,Efficacy,Efficacy,TRUE,RCT (WWC),RCT,TRUE,RCT,TRUE,title + abstract + eric,FALSE,FALSE,TRUE,FALSE,TRUE,TRUE,FALSE,FALSE,2,TRUE
R305A160109,Efficacy Evaluation of Zoology One: Kindergarten Research Labs,Efficacy,Efficacy,TRUE,RCT (WWC),RCT,TRUE,RCT,TRUE,abstract + eric,FALSE,FALSE,FALSE,FALSE,TRUE,TRUE,FALSE,FALSE,4,TRUE
R305A160111,Efficacy of a Brief Intervention Strategy for School Mental Health Clinicians,Efficacy,Efficacy,TRUE,RCT (WWC),RCT,TRUE,RCT,TRUE,abstract,FALSE,FALSE,FALSE,FALSE,TRUE,FALSE,FALSE,FALSE,3,TRUE
R305A160140,AIR Early College Follow-Up Efficacy Study,Efficacy,Efficacy,TRUE,RCT (WWC),RCT,TRUE,RCT,TRUE,purpose,FALSE,FALSE,FALSE,TRUE,FALSE,FALSE,TRUE,FALSE,7,TRUE
R305A160242,Supporting Strategic Writers: Effects of an Innovative Developmental Writing Program on Writing and Reading Outcomes,Efficacy,Efficacy,TRUE,RCT (WWC),RCT,TRUE,RCT,TRUE,eric,FALSE,FALSE,FALSE,FALSE,FALSE,TRUE,TRUE,FALSE,3,TRUE
R305A160261,Efficacy of the BrightStart! Program for Promoting Emergent Literacy Skills of PreKindergarten Children at Risk for Reading Difficulties,Efficacy,Efficacy,TRUE,RCT (WWC),RCT,TRUE,RCT,TRUE,abstract + eric,FALSE,FALSE,FALSE,FALSE,TRUE,TRUE,TRUE,FALSE,7,TRUE
R305A160263,An Efficacy Study of Interleaved Mathematics Practice,Efficacy,Efficacy,TRUE,RCT (WWC),RCT,TRUE,RCT,TRUE,abstract + eric,TRUE,FALSE,FALSE,FALSE,TRUE,TRUE,FALSE,FALSE,7,TRUE
R305A160273,Assessing the Long-Term Efficacy and Costs of the City University of New York's (CUNY'S) Accelerated Study in Associate Programs (ASAP),Efficacy,Efficacy,TRUE,RCT (WWC),RCT,TRUE,RCT,TRUE,purpose + abstract + eric,TRUE,FALSE,FALSE,TRUE,TRUE,TRUE,FALSE,FALSE,19,TRUE
R305A170111,Randomized Controlled Trial of the Supporting Knowledge in Language and Literacy (SKILL) Program for Children who are At-Risk for Language and Literacy Difficulties,Efficacy,Efficacy,TRUE,RCT (WWC),RCT,TRUE,RCT,TRUE,title + abstract + eric,TRUE,FALSE,TRUE,FALSE,TRUE,TRUE,FALSE,FALSE,5,TRUE
R305A170152,Assessing the Efficacy of Online Credit Recovery on Student Learning and High School Graduation,Efficacy,Efficacy,TRUE,RCT (WWC),RCT,TRUE,RCT,TRUE,abstract + eric,TRUE,FALSE,FALSE,FALSE,TRUE,TRUE,FALSE,FALSE,2,TRUE
R305A170250,"P-TECH 9–14 Schools: An Impact, Implementation and Cost Study",Efficacy,Efficacy,TRUE,RCT (WWC),RCT,TRUE,RCT,TRUE,eric,FALSE,FALSE,FALSE,FALSE,FALSE,TRUE,FALSE,FALSE,NA,TRUE
R305A170471,Assessing the Efficacy and Implementation of City Connects: A Systemic Approach to Student Support,Efficacy,Efficacy,TRUE,RCT (WWC),RCT,TRUE,RCT,TRUE,eric,FALSE,FALSE,FALSE,FALSE,FALSE,TRUE,TRUE,FALSE,NA,TRUE
R305A170641,Efficacy of ASSISTments Online Homework Support for Middle School Mathematics Learning: A Replication Study,Efficacy,Efficacy,TRUE,RCT (WWC),RCT,TRUE,RCT,TRUE,abstract + eric,FALSE,FALSE,FALSE,FALSE,TRUE,TRUE,FALSE,FALSE,5,TRUE
R305A180224,"Efficacy Study of Adventures Aboard the S.S.GRIN: Social, Emotional, and Academic Skills",Efficacy,Efficacy,TRUE,RCT (WWC),RCT,TRUE,RCT,TRUE,abstract + eric,FALSE,FALSE,FALSE,FALSE,TRUE,TRUE,FALSE,FALSE,3,TRUE
R305A180290,Testing the Efficacy of INSIGHTS for Promoting Positive Learning Environments and Academic Achievement in Nebraska: A Replication Study,Efficacy,Efficacy,TRUE,RCT (WWC),RCT,TRUE,RCT,TRUE,abstract + eric,FALSE,FALSE,FALSE,FALSE,TRUE,TRUE,FALSE,FALSE,3,TRUE
R305A180336,Efficacy of the BELLA Program: ESL and Classroom Teachers Working Together with Students and Families,Efficacy,Efficacy,TRUE,RCT (WWC),RCT,TRUE,RCT,TRUE,abstract + eric,FALSE,FALSE,FALSE,FALSE,TRUE,TRUE,FALSE,FALSE,1,TRUE
R305A180401,The Efficacy of From Here to There: A Dynamic Technology for Improving Algebraic Understanding,Efficacy,Efficacy,TRUE,RCT (WWC),RCT,TRUE,RCT,TRUE,abstract + eric,FALSE,FALSE,FALSE,FALSE,TRUE,TRUE,TRUE,FALSE,27,TRUE
R305A180513,Efficacy Study of an Integrated Science and Literacy Curriculum for Young Learners,Efficacy,Efficacy,TRUE,RCT (WWC),RCT,TRUE,RCT,TRUE,purpose + eric,FALSE,FALSE,FALSE,TRUE,FALSE,TRUE,FALSE,FALSE,NA,TRUE
R305A210276,Scaling Up College Completion Efforts for Student Success (SUCCESS): A Multisite Randomized Controlled Trial,Efficacy,Efficacy,TRUE,RCT (WWC),RCT,TRUE,RCT,TRUE,title + eric,FALSE,FALSE,TRUE,FALSE,FALSE,TRUE,FALSE,FALSE,NA,TRUE
R305B070074,Child-Instruction Interactions in Reading: Examining Causal Effects of Individualized Instruction in Second and Third Grade,Efficacy,Efficacy,TRUE,RCT (WWC),RCT,TRUE,RCT,TRUE,abstract + eric,FALSE,FALSE,FALSE,FALSE,TRUE,TRUE,FALSE,FALSE,124,TRUE
R305C200016,Center for Research on the Educational Achievement and Teaching of English Language Learners (CREATE),Other,Efficacy,TRUE,RCT (WWC),non-RCT,TRUE,RCT,TRUE,abstract + eric,FALSE,FALSE,FALSE,FALSE,TRUE,TRUE,FALSE,TRUE,6,TRUE
R305E090009,Evaluating the Effectiveness of Tennessee's Voluntary Pre-K Program,Efficacy,Efficacy,TRUE,RCT (WWC),RCT,TRUE,QED+RCT,TRUE,abstract + eric,TRUE,FALSE,FALSE,FALSE,TRUE,TRUE,FALSE,FALSE,52,TRUE
R305E100008,The Impact of the Michigan Merit Curriculum and Michigan Promise Scholarship on Student Outcomes,Efficacy,Efficacy,TRUE,RCT (WWC),RCT,TRUE,RCT,TRUE,eric,FALSE,TRUE,FALSE,FALSE,FALSE,TRUE,TRUE,FALSE,170,TRUE
R305E120003,The Effect of Dual-Language Immersion on Student Achievement in the Portland Public Schools,Efficacy,Efficacy,TRUE,RCT (WWC),RCT,TRUE,RCT,TRUE,abstract + eric,FALSE,FALSE,FALSE,FALSE,TRUE,TRUE,FALSE,FALSE,19,TRUE
R305E130009,Beyond Triage: A Randomized Experiment in Sustained Pre-College Advising,Efficacy,Efficacy,TRUE,RCT (WWC),RCT,TRUE,RCT,TRUE,title + abstract + eric,FALSE,FALSE,TRUE,FALSE,TRUE,TRUE,FALSE,FALSE,14,TRUE
R305F050122,Experimental Field Study of Cognitive Tutor Geometry Curriculum,Efficacy,Efficacy,TRUE,RCT (WWC),RCT,TRUE,RCT,TRUE,abstract + eric,TRUE,FALSE,FALSE,FALSE,TRUE,TRUE,TRUE,FALSE,43,TRUE
R305F050223,"Evaluation of the Computer and Team-Assisted Mathematical Acceleration (CATAMA) Lab in Urban, High-Poverty, High-Minority Middle Schools",Efficacy,Efficacy,TRUE,RCT (WWC),RCT,TRUE,RCT,TRUE,eric,FALSE,FALSE,FALSE,FALSE,FALSE,TRUE,FALSE,FALSE,NA,TRUE
R305F100013,Understanding Malleable Cognitive Processes and Integrated Comprehension Interventions for Grades 7–12,Development and Innovation,Efficacy,TRUE,RCT (WWC),RCT,TRUE,RCT,TRUE,abstract + eric,TRUE,TRUE,FALSE,FALSE,TRUE,TRUE,TRUE,FALSE,139,TRUE
R305F100026,Catalyzing Comprehension Through Discussion and Debate,Development and Innovation,Efficacy,TRUE,RCT (WWC),RCT,TRUE,RCT,TRUE,abstract + eric,TRUE,FALSE,FALSE,FALSE,TRUE,TRUE,FALSE,FALSE,37,TRUE
R305F100027,"Examining Effective Intervention Targets, Longitudinal Intensity, and Scaling Factors for Pre-K to 5th Grade Student Comprehension",Development and Innovation,Efficacy,TRUE,RCT (WWC),RCT,TRUE,RCT,TRUE,abstract + eric,TRUE,FALSE,FALSE,FALSE,TRUE,TRUE,FALSE,FALSE,77,TRUE
R305G040103,Quick Reads Supplementary Tutoring Efficacy and Replication Trials,Efficacy,Efficacy,TRUE,RCT (WWC),RCT,TRUE,RCT,TRUE,abstract + eric,FALSE,FALSE,FALSE,FALSE,TRUE,TRUE,FALSE,FALSE,21,TRUE
R305G050005,Print Referencing Efficacy,Efficacy,Efficacy,TRUE,RCT (WWC),RCT,TRUE,RCT,TRUE,abstract + eric,FALSE,FALSE,FALSE,FALSE,TRUE,TRUE,FALSE,FALSE,26,TRUE
R305G050216,The Read Aloud Curriculum in First Grade Classrooms: Furthering Our Understanding of Immediate and Long-Term Impacts and Causal Influences,Efficacy,Efficacy,TRUE,RCT (WWC),RCT,TRUE,RCT,TRUE,abstract + eric,FALSE,FALSE,FALSE,FALSE,TRUE,TRUE,FALSE,FALSE,3,TRUE
R305H060042,"Attention, Memory, and Executive Functions in Written Language Expression in Elementary School Children",Efficacy,Efficacy,TRUE,RCT (WWC),unknown,TRUE,RCT,TRUE,none,FALSE,FALSE,FALSE,FALSE,FALSE,FALSE,FALSE,FALSE,7,TRUE
R305H140028,Dual-Credit Courses and the Road to College: Experimental Evidence from Tennessee,Efficacy,Efficacy,TRUE,RCT (WWC),RCT,TRUE,RCT,TRUE,abstract + eric,TRUE,FALSE,FALSE,FALSE,TRUE,TRUE,TRUE,FALSE,4,TRUE
R305H140065,Evaluating the Impact of CUNY Start through a Researcher (MDRC) – Local Education Agency (City University of New York) Partnership,Efficacy,Efficacy,TRUE,RCT (WWC),RCT,TRUE,RCT,TRUE,eric,TRUE,FALSE,FALSE,FALSE,FALSE,TRUE,FALSE,FALSE,1,TRUE
R305H170085,An Experimental Evaluation of Corequisite Developmental Education in Texas,Efficacy,Efficacy,TRUE,RCT (WWC),RCT,TRUE,RCT,TRUE,purpose + abstract,FALSE,FALSE,FALSE,TRUE,TRUE,FALSE,FALSE,FALSE,5,TRUE
R305H190036,The Evaluation of Career and College Promise,Efficacy,Efficacy,TRUE,RCT (WWC),non-RCT,TRUE,QED+RCT,TRUE,none,FALSE,FALSE,FALSE,FALSE,FALSE,FALSE,TRUE,FALSE,5,TRUE
R305J020014,Evaluation of Pre-Kindergarten Curricula in Head Start and Public School Settings,Efficacy,Efficacy,TRUE,RCT (WWC),RCT,TRUE,RCT,TRUE,eric,FALSE,FALSE,FALSE,FALSE,FALSE,TRUE,FALSE,FALSE,NA,TRUE
R305J020026,A Longitudinal Study of the Effects of a Pre-Kindergarten Mathematics Curriculum on Low-Income Children's Mathematical Knowledge,Efficacy,Efficacy,TRUE,RCT (WWC),RCT,TRUE,RCT,TRUE,abstract + eric,FALSE,FALSE,FALSE,FALSE,TRUE,TRUE,FALSE,FALSE,9,TRUE
R305K040001,An Examination of the Impact of Big Math for Little Kids on Pre-K and Kindergarten Students' Learning of Math,Efficacy,Efficacy,TRUE,RCT (WWC),RCT,TRUE,RCT,TRUE,purpose,FALSE,FALSE,FALSE,TRUE,FALSE,FALSE,TRUE,FALSE,292,TRUE
R305K060142,Measuring the Efficacy and Student Achievement of Research-based Instructional Materials in High School Multidisciplinary Science,Efficacy,Efficacy,TRUE,RCT (WWC),RCT,TRUE,RCT,TRUE,abstract + eric,FALSE,FALSE,FALSE,FALSE,TRUE,TRUE,FALSE,FALSE,6,TRUE
R305L030004,Positive Action for Social and Character Development,Efficacy,Efficacy,TRUE,RCT (WWC),RCT,TRUE,RCT,TRUE,abstract,FALSE,FALSE,FALSE,FALSE,TRUE,FALSE,FALSE,FALSE,38,TRUE
R305L030165,Promoting Alternative Thinking Strategies,Efficacy,Efficacy,TRUE,RCT (WWC),RCT,TRUE,RCT,TRUE,abstract,FALSE,FALSE,FALSE,FALSE,TRUE,FALSE,FALSE,FALSE,82,TRUE
R305R060022,Study of the Efficacy of North Carolina's Learn and Earn Early College High School Model,Efficacy,Efficacy,TRUE,RCT (WWC),unknown,TRUE,RCT,TRUE,none,FALSE,FALSE,FALSE,FALSE,FALSE,FALSE,FALSE,FALSE,41,TRUE
R305W060016,The Pathway Project: A Cognitive Strategies Approach to Reading and Writing Instruction for Teachers of Secondary English Language Learners,Efficacy,Efficacy,TRUE,RCT (WWC),RCT,TRUE,RCT,TRUE,abstract + eric,FALSE,FALSE,FALSE,FALSE,TRUE,TRUE,FALSE,FALSE,8,TRUE
R324A070181,Class-wide Function-Based Intervention Teams: A Research to Practice Agenda for Functional Behavior Assessment (CW: FIT),Efficacy,Efficacy,TRUE,RCT (WWC),RCT,TRUE,RCT+SingleCase,TRUE,abstract + eric,FALSE,FALSE,FALSE,FALSE,TRUE,TRUE,FALSE,FALSE,9,TRUE
R324A070206,Improving Mathematics Performance of At Risk Students and Students with Learning Disabilities in Urban Middle Schools (MSM Project),Efficacy,Efficacy,TRUE,RCT (WWC),RCT,TRUE,RCT,TRUE,purpose + abstract + eric,FALSE,FALSE,FALSE,TRUE,TRUE,TRUE,FALSE,FALSE,7,TRUE
R324A080026,A Randomized Efficacy Trial of the Kids in Transition to School (KITS) Program for Children with Developmental Disabilities and Behavioral Problems,Efficacy,Efficacy,TRUE,RCT (WWC),RCT,TRUE,RCT,TRUE,title + eric,TRUE,FALSE,TRUE,FALSE,FALSE,TRUE,FALSE,FALSE,1,TRUE
R324A080037,Sit Together and Read: Early Childhood Special Education,Efficacy,Efficacy,TRUE,RCT (WWC),RCT,TRUE,RCT,TRUE,abstract + eric,FALSE,FALSE,FALSE,FALSE,TRUE,TRUE,FALSE,FALSE,21,TRUE
R324A090052,Responsiveness-To-Instruction to Strengthen the Academic Performance of Students with Reading and Math Disabilities,Efficacy,Efficacy,TRUE,RCT (WWC),RCT,TRUE,RCT,TRUE,abstract,FALSE,FALSE,FALSE,FALSE,TRUE,FALSE,FALSE,FALSE,11,TRUE
R324A090094,Comprehensive Autism Program using Strategies for Teaching based on Autism Research,Efficacy,Efficacy,TRUE,RCT (WWC),unknown,TRUE,RCT,TRUE,none,FALSE,FALSE,FALSE,FALSE,FALSE,FALSE,FALSE,FALSE,NA,TRUE
R324A090104,Project ECRI: Enhancing Core Reading Instruction in First Grade,Efficacy,Efficacy,TRUE,RCT (WWC),RCT,TRUE,RCT,TRUE,abstract + eric,TRUE,FALSE,FALSE,FALSE,TRUE,TRUE,TRUE,FALSE,8,TRUE
R324A090179,Evaluating the Efficacy of Enhanced Anchored Instruction for Middle School Students with Learning Disabilities in Math,Efficacy,Efficacy,TRUE,RCT (WWC),RCT,TRUE,RCT,TRUE,abstract + eric,FALSE,FALSE,FALSE,FALSE,TRUE,TRUE,FALSE,FALSE,25,TRUE
R324A090181,An Efficacy Trial of Milieu Teaching Language Intervention in Preschoolers with Language Disorders,Efficacy,Efficacy,TRUE,RCT (WWC),RCT,TRUE,RCT,TRUE,abstract + eric,FALSE,FALSE,FALSE,FALSE,TRUE,TRUE,FALSE,FALSE,17,TRUE
R324A100115,A Randomized Trial of Conjoint Behavioral Consultation (CBC) in Rural Educational Settings: Efficacy for Elementary Students With Disruptive Behaviors,Efficacy,Efficacy,TRUE,RCT (WWC),RCT,TRUE,RCT,TRUE,title + purpose + abstract + eric,TRUE,FALSE,TRUE,TRUE,TRUE,TRUE,FALSE,FALSE,14,TRUE
R324A100166,My Life: Evaluation of Self-Determination Enhancement for Transitioning Students in Special Education and Foster Care,Efficacy,Efficacy,TRUE,RCT (WWC),RCT,TRUE,RCT,TRUE,purpose,FALSE,FALSE,FALSE,TRUE,FALSE,FALSE,FALSE,FALSE,1,TRUE
R324A100305,Efficacy of a Parent-Mediated Intervention for One-Year-Olds at Risk for Autism,Efficacy,Efficacy,TRUE,RCT (WWC),RCT,TRUE,RCT,TRUE,abstract + eric,TRUE,FALSE,FALSE,FALSE,TRUE,TRUE,FALSE,FALSE,10,TRUE
R324A100391,Peer Support and Peer Network Interventions to Improve Peer Relationships and School Engagement,Efficacy,Efficacy,TRUE,RCT (WWC),RCT,TRUE,RCT,TRUE,abstract + eric,TRUE,FALSE,FALSE,FALSE,TRUE,TRUE,FALSE,FALSE,16,TRUE
R324A110048,Efficacy Trials with a New Early Literacy and Language Curriculum for Preschool Children with Developmental Speech and/or Language Impairment,Efficacy,Efficacy,TRUE,RCT (WWC),RCT,TRUE,RCT,TRUE,abstract + eric,FALSE,FALSE,FALSE,FALSE,TRUE,TRUE,FALSE,FALSE,12,TRUE
R324A110135,Project Early Vocabulary Intervention,Efficacy,Efficacy,TRUE,RCT (WWC),RCT,TRUE,RCT,TRUE,abstract + eric,FALSE,FALSE,FALSE,FALSE,TRUE,TRUE,FALSE,FALSE,5,TRUE
R324A110166,Efficacy Study of Check and Connect to Improve Student Outcomes,Efficacy,Efficacy,TRUE,RCT (WWC),RCT,TRUE,RCT,TRUE,purpose,FALSE,FALSE,FALSE,TRUE,FALSE,FALSE,FALSE,FALSE,14,TRUE
R324A110173,Efficacy of the BEST in CLASS Intervention for Young Children at High Risk for Emotional and Behavioral Disorders,Efficacy,Efficacy,TRUE,RCT (WWC),RCT,TRUE,RCT,TRUE,abstract + eric,TRUE,FALSE,FALSE,FALSE,TRUE,TRUE,FALSE,FALSE,32,TRUE
R324A110246,LEAP–USA Follow-up Project,Efficacy,Efficacy,TRUE,RCT (WWC),RCT,TRUE,RCT,TRUE,purpose + abstract + eric,TRUE,FALSE,FALSE,TRUE,TRUE,TRUE,FALSE,FALSE,1,TRUE
R324A110256,Advancing Social-Communication and Play (ASAP): An Intervention Program for Preschoolers with Autism,Efficacy,Efficacy,TRUE,RCT (WWC),RCT,TRUE,RCT,TRUE,purpose + eric,TRUE,FALSE,FALSE,TRUE,FALSE,TRUE,FALSE,FALSE,1,TRUE
R324A120041,Team-Initiated Problem Solving for Improved Student Outcome,Efficacy,Efficacy,TRUE,RCT (WWC),RCT,TRUE,RCT,TRUE,purpose + abstract + eric,TRUE,FALSE,FALSE,TRUE,TRUE,TRUE,FALSE,FALSE,3,TRUE
R324A120153,Efficacy of the Getting Ready Intervention at Supporting Parental Engagement and Positive Outcomes for Preschool Children at Educational Risk,Efficacy,Efficacy,TRUE,RCT (WWC),RCT,TRUE,RCT,TRUE,abstract + eric,FALSE,FALSE,FALSE,FALSE,TRUE,TRUE,FALSE,FALSE,3,TRUE
R324A120304,A Randomized Control Trial of a Tier 2 Kindergarten Mathematics Intervention,Efficacy,Efficacy,TRUE,RCT (WWC),RCT,TRUE,RCT,TRUE,title + abstract + eric,TRUE,FALSE,TRUE,FALSE,TRUE,TRUE,TRUE,FALSE,27,TRUE
R324A120344,"A Multi-Site Efficacy Trial of the Class-wide Function-related Intervention Teams ""CW-FIT"": A Research to Practice Agency for Students With and At Risk for EBD",Efficacy,Efficacy,TRUE,RCT (WWC),RCT,TRUE,RCT+SingleCase,TRUE,abstract + eric,TRUE,FALSE,FALSE,FALSE,TRUE,TRUE,FALSE,FALSE,14,TRUE
R324A120358,Efficacy of the Collaborative Life Skills Program,Efficacy,Efficacy,TRUE,RCT (WWC),RCT,TRUE,RCT,TRUE,purpose + eric,TRUE,FALSE,FALSE,TRUE,FALSE,TRUE,FALSE,FALSE,1,TRUE
R324A120365,The Effects of Online Decision Making Support for Home Visitors Using an RTI Approach to Promote the Language Development of At-risk Infants and Toddlers,Efficacy,Efficacy,TRUE,RCT (WWC),RCT,TRUE,RCT,TRUE,abstract,FALSE,FALSE,FALSE,FALSE,TRUE,FALSE,FALSE,FALSE,4,TRUE
R324A130066,Read It Again! In Early Childhood Special Education,Efficacy,Efficacy,TRUE,RCT (WWC),RCT,TRUE,RCT,TRUE,abstract + eric,FALSE,FALSE,FALSE,FALSE,TRUE,TRUE,FALSE,FALSE,7,TRUE
R324A130216,Efficacy of a Comprehensive School-Based Intervention for Children with High-Functioning Autism Spectrum Disorders (HFASDs),Efficacy,Efficacy,TRUE,RCT (WWC),RCT,TRUE,RCT,TRUE,purpose + abstract + eric,TRUE,FALSE,FALSE,TRUE,TRUE,TRUE,FALSE,FALSE,7,TRUE
R324A150021,Implementing an emergent literacy program for students with intellectual disabilities and autism in general education classrooms,Efficacy,Efficacy,TRUE,RCT (WWC),RCT,TRUE,RCT,TRUE,eric,FALSE,FALSE,FALSE,FALSE,FALSE,TRUE,FALSE,FALSE,1,TRUE
R324A150047,An Efficacy Study of the School-based National Professional Development Center on Autism Spectrum Disorders Model (NPDC),Efficacy,Efficacy,TRUE,RCT (WWC),non-RCT,TRUE,RCT,TRUE,abstract + eric,FALSE,FALSE,FALSE,FALSE,TRUE,TRUE,FALSE,TRUE,5,TRUE
R324A150078,Developing Connections Between Word Problems and Mathematical Equations to Promote Word-Problem Performance Among Students with Mathematics Difficulty,Efficacy,Efficacy,TRUE,RCT (WWC),RCT,TRUE,RCT,TRUE,abstract + eric,FALSE,FALSE,FALSE,FALSE,TRUE,TRUE,FALSE,FALSE,28,TRUE
R324A150103,Efficacy of the START-Play Program for Infants with Neuromotor Disorders,Efficacy,Efficacy,TRUE,RCT (WWC),RCT,TRUE,RCT,TRUE,purpose + abstract + eric,TRUE,FALSE,FALSE,TRUE,TRUE,TRUE,FALSE,FALSE,16,TRUE
R324A150179,Efficacy of Enhanced First Step to Success Intervention for Tertiary-Level Students with Disruptive Behavior,Efficacy,Efficacy,TRUE,RCT (WWC),RCT,TRUE,RCT,TRUE,abstract + eric,FALSE,FALSE,FALSE,FALSE,TRUE,TRUE,FALSE,FALSE,4,TRUE
R324A150221,Preschool First Step to Success: An Efficacy Replication Study,Efficacy,Efficacy,TRUE,RCT (WWC),RCT,TRUE,RCT,TRUE,purpose + abstract + eric,TRUE,FALSE,FALSE,TRUE,TRUE,TRUE,FALSE,FALSE,3,TRUE
R324A150269,Passport to Literacy: Examining the Effectiveness of the Voyager Passport Intervention for Fourth-grade Students with or at High Risk for Reading Disabilities,Efficacy,Efficacy,TRUE,RCT (WWC),RCT,TRUE,RCT,TRUE,abstract + eric,TRUE,FALSE,FALSE,FALSE,TRUE,TRUE,FALSE,FALSE,26,TRUE
R324A160008,Efficacy Study of the Universally Designed Science Notebook: An Intervention to Support All Students' Elementary School Science Learning,Efficacy,Efficacy,TRUE,RCT (WWC),RCT,TRUE,RCT,TRUE,abstract + eric,FALSE,FALSE,FALSE,FALSE,TRUE,TRUE,FALSE,FALSE,1,TRUE
R324A160046,A Randomized Control Trial of a Tier 2 First Grade Mathematics Intervention,Efficacy,Efficacy,TRUE,RCT (WWC),RCT,TRUE,RCT,TRUE,title + abstract,FALSE,FALSE,TRUE,FALSE,TRUE,FALSE,FALSE,FALSE,6,TRUE
R324A160136,Evaluating a Social-Emotional Learning Curriculum for Children At Risk for Emotional or Behavioral Disorders,Efficacy,Efficacy,TRUE,RCT (WWC),RCT,TRUE,RCT,TRUE,abstract + eric,FALSE,FALSE,FALSE,FALSE,TRUE,TRUE,FALSE,FALSE,1,TRUE
R324A170069,Efficacy of Paraprofessional Behavior Support Coaching for Elementary School Students with Externalizing Behavior Disorders,Efficacy,Efficacy,TRUE,RCT (WWC),RCT,TRUE,RCT,TRUE,abstract + eric,FALSE,FALSE,FALSE,FALSE,TRUE,TRUE,FALSE,FALSE,12,TRUE
R324A170148,Paths 2 the Future: Testing the Efficacy of a Career Development Intervention for High School Girls with Disabilities,Efficacy,Efficacy,TRUE,RCT (WWC),RCT,TRUE,RCT,TRUE,abstract + eric,FALSE,FALSE,FALSE,FALSE,TRUE,TRUE,FALSE,FALSE,7,TRUE
R324A190072,Examining the Efficacy of a Content Area Reading Comprehension Intervention for Students With Disabilities,Efficacy,Efficacy,TRUE,RCT (WWC),RCT,TRUE,RCT,TRUE,abstract + eric,FALSE,FALSE,FALSE,FALSE,TRUE,TRUE,FALSE,FALSE,3,TRUE
R324A200140,Examining the Efficacy of a Fraction Sense Intervention Grounded in Principles From the Science of Learning,Efficacy,Efficacy,TRUE,RCT (WWC),RCT,TRUE,RCT,TRUE,eric,TRUE,FALSE,FALSE,FALSE,FALSE,TRUE,FALSE,FALSE,1,TRUE
R324B060029,Universal Cognitive-Behavioral Intervention for Elementary Students to Reduce Disruptive/Aggressive Behavior,Efficacy,Efficacy,TRUE,RCT (WWC),RCT,TRUE,RCT,TRUE,eric,FALSE,FALSE,FALSE,FALSE,FALSE,TRUE,FALSE,FALSE,1,TRUE
R324E060067,Project Early Reading Intervention,Efficacy,Efficacy,TRUE,RCT (WWC),RCT,TRUE,RCT,TRUE,abstract + eric,FALSE,FALSE,FALSE,FALSE,TRUE,TRUE,TRUE,FALSE,37,TRUE
R324E060068,LEAP - USA (Using Science-Based Approaches),Efficacy,Efficacy,TRUE,RCT (WWC),RCT,TRUE,RCT,TRUE,abstract + eric,FALSE,FALSE,FALSE,FALSE,TRUE,TRUE,FALSE,FALSE,27,TRUE
R324G060005,Multiple-Component Remediation for Struggling Middle School Readers,Efficacy,Efficacy,TRUE,RCT (WWC),RCT,TRUE,RCT,TRUE,abstract + eric,FALSE,FALSE,FALSE,FALSE,TRUE,TRUE,FALSE,FALSE,2,TRUE
R305A040043,National Research and Development Center on School Choice,Other,Other,TRUE,RCT (WWC),non-RCT,TRUE,RCT,TRUE,abstract + eric,FALSE,FALSE,FALSE,FALSE,TRUE,TRUE,TRUE,TRUE,74,FALSE
R305A040056,National Research Center on Rural Education Support,Other,Other,TRUE,RCT (WWC),non-RCT,TRUE,RCT,TRUE,purpose + abstract + eric,TRUE,FALSE,FALSE,TRUE,TRUE,TRUE,FALSE,TRUE,45,FALSE
R305A060010,National Center for Postsecondary Research,Other,Other,TRUE,RCT (WWC),non-RCT,TRUE,RCT,TRUE,abstract + eric,FALSE,TRUE,FALSE,FALSE,TRUE,TRUE,TRUE,TRUE,289,FALSE
R305A140361,Impact of Early College High School (ECHS) Model on Postsecondary Performance and Completion,Follow-Up,Other,TRUE,RCT (WWC),unknown,TRUE,RCT,TRUE,none,FALSE,FALSE,FALSE,FALSE,FALSE,FALSE,FALSE,FALSE,26,FALSE
R305C080015,National Research & Development Center on Instructional Technology: Center for Advanced Technology in Schools,Other,Other,TRUE,RCT (WWC),non-RCT,TRUE,RCT,TRUE,eric,FALSE,FALSE,FALSE,FALSE,FALSE,TRUE,FALSE,TRUE,1,FALSE
R305C090022,The National Center for Research on Rural Education,Other,Other,TRUE,RCT (WWC),non-RCT,TRUE,RCT,TRUE,abstract + eric,TRUE,FALSE,FALSE,FALSE,TRUE,TRUE,FALSE,TRUE,9,FALSE
R305C140007,Center for the Analysis of Postsecondary Readiness,Other,Other,TRUE,RCT (WWC),non-RCT,TRUE,QED+RCT,TRUE,eric,FALSE,FALSE,FALSE,FALSE,FALSE,TRUE,TRUE,TRUE,5,FALSE
R324C100004,National Research and Development Center on Improving Mathematics Instruction for Students with Mathematics Difficulties,Other,Other,TRUE,RCT (WWC),non-RCT,TRUE,RCT,TRUE,abstract,FALSE,FALSE,FALSE,FALSE,TRUE,FALSE,FALSE,TRUE,63,FALSE
R324C120006,Center on Secondary Education for Students with Autism Spectrum Disorders (CSESA),Other,Other,TRUE,RCT (WWC),non-RCT,TRUE,RCT,TRUE,abstract + eric,FALSE,FALSE,FALSE,FALSE,TRUE,TRUE,FALSE,TRUE,41,FALSE
R324D130003,Improving Reading and Mathematics Outcomes for Students with Learning Disabilities: Next Generation Intensive Interventions,Other,Other,TRUE,RCT (WWC),RCT,TRUE,RCT,TRUE,abstract + eric,FALSE,FALSE,FALSE,FALSE,TRUE,TRUE,FALSE,FALSE,34,FALSE
R324R200005,ROOTS Replication: A Systematic Replication of a Tier 2 Kindergarten Mathematics Intervention,Efficacy,Replication,TRUE,RCT (WWC),RCT,TRUE,RCT,TRUE,eric,FALSE,FALSE,FALSE,FALSE,FALSE,TRUE,FALSE,FALSE,NA,TRUE
R305A070185,Effectiveness of Cognitive Tutor Algebra One Implemented at Scale,Scale-Up Evaluations,Scale-up,TRUE,RCT (WWC),RCT,TRUE,RCT,TRUE,abstract + eric,FALSE,FALSE,FALSE,FALSE,TRUE,TRUE,FALSE,FALSE,19,TRUE
R305A120813,Longitudinal Study of a Successful Scaling-Up Project: Extending TRIAD,Scale-Up Evaluations,Scale-up,TRUE,RCT (WWC),RCT,TRUE,RCT,TRUE,abstract,FALSE,FALSE,FALSE,FALSE,TRUE,FALSE,FALSE,FALSE,24,TRUE
R305G040104,Scaling Up Peer Assisted Learning Strategies to Strengthen Reading Achievement,Scale-Up Evaluations,Scale-up,TRUE,RCT (WWC),RCT,TRUE,RCT,TRUE,purpose + abstract + eric,FALSE,FALSE,FALSE,TRUE,TRUE,TRUE,FALSE,FALSE,24,TRUE
R305K050004,Scaling Up the Implementation of a Pre-Kindergarten Mathematics Curriculum in Public Preschool Programs,Scale-Up Evaluations,Scale-up,TRUE,RCT (WWC),RCT,TRUE,RCT,TRUE,eric,FALSE,FALSE,FALSE,FALSE,FALSE,TRUE,FALSE,FALSE,2,TRUE
R305K050157,Scaling Up TRIAD: Teaching Early Mathematics for Understanding with Trajectories and Technologies,Scale-Up Evaluations,Scale-up,TRUE,RCT (WWC),RCT,TRUE,RCT,TRUE,abstract + eric,FALSE,FALSE,FALSE,FALSE,TRUE,TRUE,FALSE,FALSE,90,TRUE
R305W030257,Scaling-up Effective Intervention for Preventing Reading Difficulties in Young Children,Scale-Up Evaluations,Scale-up,TRUE,RCT (WWC),RCT,TRUE,RCT,TRUE,abstract + eric,FALSE,FALSE,FALSE,FALSE,TRUE,TRUE,FALSE,FALSE,11,TRUE
R305A160026,The Scale Up of Promoting Adolescents Comprehension of Text,Effectiveness,Effectiveness,TRUE,RCT (text),RCT,FALSE,NA,FALSE,abstract + eric,FALSE,FALSE,FALSE,FALSE,TRUE,TRUE,FALSE,FALSE,2,TRUE
R305A170047,Effectiveness of the Social Skills Improvement System Classwide Intervention Program (SSIS-CIP) in the Primary Grades,Effectiveness,Effectiveness,TRUE,RCT (text),RCT,FALSE,NA,FALSE,eric,FALSE,FALSE,FALSE,FALSE,FALSE,TRUE,FALSE,FALSE,7,TRUE
R305A070063,The Efficacy of the Responsive Classroom Approach for Improving Teacher Quality and Children's Academic Performance,Efficacy,Efficacy,TRUE,RCT (text),RCT,FALSE,NA,FALSE,purpose + abstract,FALSE,FALSE,FALSE,TRUE,TRUE,FALSE,FALSE,FALSE,40,TRUE
R305A070117,Determinants of Student Outcomes in an Urban School District: Educational Interventions and Family Choices,Efficacy,Efficacy,TRUE,RCT (text),RCT,FALSE,NA,FALSE,abstract,FALSE,FALSE,FALSE,FALSE,TRUE,FALSE,FALSE,FALSE,11,TRUE
R305A080063,A Randomized Controlled Study of the Effects of Intelligent Online Chemistry Tutors in Urban California School Districts,Efficacy,Efficacy,TRUE,RCT (text),RCT,FALSE,NA,FALSE,title,FALSE,FALSE,TRUE,FALSE,FALSE,FALSE,FALSE,FALSE,13,TRUE
R305A080699,Early Learning in Mathematics: Efficacy in Kindergarten Classrooms,Efficacy,Efficacy,TRUE,RCT (text),RCT,FALSE,NA,FALSE,abstract + eric,FALSE,FALSE,FALSE,FALSE,TRUE,TRUE,FALSE,FALSE,21,TRUE
R305A090100,An Efficacy Study of Two Computer-Based Attention Training Systems in Schools,Efficacy,Efficacy,TRUE,RCT (text),RCT,FALSE,NA,FALSE,abstract,FALSE,FALSE,FALSE,FALSE,TRUE,FALSE,FALSE,FALSE,277,TRUE
R305A090114,Assessing the Efficacy of a Comprehensive Intervention in Physical Science on Head Start Teachers and Children,Efficacy,Efficacy,TRUE,RCT (text),RCT,FALSE,NA,FALSE,abstract,FALSE,FALSE,FALSE,FALSE,TRUE,FALSE,TRUE,FALSE,3,TRUE
R305A090162,A Randomized Trial of Reducing Stereotype Threat Among Minority and Economically Disadvantaged Students,Efficacy,Efficacy,TRUE,RCT (text),RCT,FALSE,NA,FALSE,title + abstract + eric,FALSE,FALSE,TRUE,FALSE,TRUE,TRUE,FALSE,FALSE,12,TRUE
R305A090204,Simplification and Incentives: A Randomized Experiment for Increasing College Savings,Efficacy,Efficacy,TRUE,RCT (text),RCT,FALSE,NA,FALSE,title + abstract,FALSE,FALSE,TRUE,FALSE,TRUE,FALSE,FALSE,FALSE,639,TRUE
R305A090281,Promoting Science among English Language Learners (P-SELL): Efficacy and Sustainability,Efficacy,Efficacy,TRUE,RCT (text),RCT,FALSE,NA,FALSE,abstract,FALSE,FALSE,FALSE,FALSE,TRUE,FALSE,FALSE,FALSE,16,TRUE
R305A090369,"Summer School and Summer Learning: An Examination of Selection, Implementation, and Program Effects in a Multiyear Randomized Trial",Efficacy,Efficacy,TRUE,RCT (text),RCT,FALSE,NA,FALSE,title,FALSE,FALSE,TRUE,FALSE,FALSE,FALSE,TRUE,FALSE,15,TRUE
R305A090446,Professional Development to Support and Sustain a Classroom Behavior Management Strategy,Efficacy,Efficacy,TRUE,RCT (text),RCT,FALSE,NA,FALSE,purpose,FALSE,FALSE,FALSE,TRUE,FALSE,FALSE,FALSE,FALSE,NA,TRUE
R305A090479,Responding to the National Crisis in Writing: An Efficacy Study of an Elementary Grades Writing Program,Efficacy,Efficacy,TRUE,RCT (text),RCT,FALSE,NA,FALSE,purpose,FALSE,FALSE,FALSE,TRUE,FALSE,FALSE,FALSE,FALSE,30,TRUE
R305A090481,Systems Leadership in Middle School: A School Policy Intervention With Random Assignment,Efficacy,Efficacy,TRUE,RCT (text),RCT,FALSE,NA,FALSE,title + purpose + abstract,FALSE,FALSE,TRUE,TRUE,TRUE,FALSE,FALSE,FALSE,137,TRUE
R305A100058,Tools of the Mind: Promoting Self-Regulation and Academic Ability in Kindergarten,Efficacy,Efficacy,TRUE,RCT (text),RCT,FALSE,NA,FALSE,abstract,FALSE,FALSE,FALSE,FALSE,TRUE,FALSE,FALSE,FALSE,23,TRUE
R305A100120,"Evaluation of a Random Assignment Intervention to Improve College Choice Among High Achieving, Low Income Students",Efficacy,Efficacy,TRUE,RCT (text),RCT,FALSE,NA,FALSE,title + abstract,FALSE,FALSE,TRUE,FALSE,TRUE,FALSE,FALSE,FALSE,1004,TRUE
R305A100389,Interactions Between Visual and Auditory Interventions for Reading,Efficacy,Efficacy,TRUE,RCT (text),RCT,FALSE,NA,FALSE,purpose,FALSE,FALSE,FALSE,TRUE,FALSE,FALSE,FALSE,FALSE,5,TRUE
R305A100445,Using Data to Inform Decisions: How Teachers Use Data to Inform Practice and Improve Student Performance in Mathematics,Efficacy,Efficacy,TRUE,RCT (text),RCT,FALSE,NA,FALSE,purpose + abstract + eric,FALSE,FALSE,FALSE,TRUE,TRUE,TRUE,FALSE,FALSE,7,TRUE
R305A110112,Evaluating the Success of Undergraduates in the U-Pace Intervention to Improve Academic Achievement for All Postsecondary Education Students,Efficacy,Efficacy,TRUE,RCT (text),RCT,FALSE,NA,FALSE,abstract,FALSE,FALSE,FALSE,FALSE,TRUE,FALSE,FALSE,FALSE,3,TRUE
R305A120045,Efficacy Study of a Pre-Algebra Supplemental Program in Rural Mississippi Schools,Efficacy,Efficacy,TRUE,RCT (text),RCT,FALSE,NA,FALSE,eric,FALSE,FALSE,FALSE,FALSE,FALSE,TRUE,TRUE,FALSE,NA,TRUE
R305A120145,Written Language Problems in Middle School Students: A Randomized Trial of the Self-Regulated Strategy Development (SRSD) Model Using a Tier 2 Intervention,Efficacy,Efficacy,TRUE,RCT (text),RCT,FALSE,NA,FALSE,title + purpose + eric,FALSE,FALSE,TRUE,TRUE,FALSE,TRUE,FALSE,FALSE,5,TRUE
R305A120288,Perceptual Learning Technology in Mathematics Education: Efficacy and Replication,Efficacy,Efficacy,TRUE,RCT (text),RCT,FALSE,NA,FALSE,abstract,FALSE,FALSE,FALSE,FALSE,TRUE,FALSE,FALSE,FALSE,3,TRUE
R305A120391,A Randomized Efficacy Trial of the Kids in Transition to School (KITS) Program to Improve the School Readiness of Children in Disadvantaged Communities,Efficacy,Efficacy,TRUE,RCT (text),RCT,FALSE,NA,FALSE,title + purpose,FALSE,FALSE,TRUE,TRUE,FALSE,FALSE,FALSE,FALSE,NA,TRUE
R305A120809,Preventing Truancy in Urban Schools Through Provision of School Services by Truancy Officers,Efficacy,Efficacy,TRUE,RCT (text),RCT,FALSE,NA,FALSE,purpose,FALSE,FALSE,FALSE,TRUE,FALSE,FALSE,FALSE,FALSE,NA,TRUE
R305A120810,A Randomized Controlled Trial of Student Success Skills: A Program to Improve Academic Achievement for All Students,Efficacy,Efficacy,TRUE,RCT (text),RCT,FALSE,NA,FALSE,title,FALSE,FALSE,TRUE,FALSE,FALSE,FALSE,FALSE,FALSE,2,TRUE
R305A120812,Supporting Early Adolescent Learning and Social Success - Project SEALS,Efficacy,Efficacy,TRUE,RCT (text),RCT,FALSE,NA,FALSE,purpose + abstract,FALSE,FALSE,FALSE,TRUE,TRUE,FALSE,FALSE,FALSE,15,TRUE
R305A140070,Testing the Efficacy of a Developmentally Informed Coping Power Program in Middle Schools,Efficacy,Efficacy,TRUE,RCT (text),RCT,FALSE,NA,FALSE,abstract + eric,FALSE,FALSE,FALSE,FALSE,TRUE,TRUE,TRUE,FALSE,3,TRUE
R305A140092,The Impact of a Teacher-Led Early Algebra Intervention on Children's Algebra-Readiness for Middle School,Efficacy,Efficacy,TRUE,RCT (text),RCT,FALSE,NA,FALSE,abstract + eric,FALSE,FALSE,FALSE,FALSE,TRUE,TRUE,FALSE,FALSE,4,TRUE
R305A140253,Student Outcomes of Integrative Mental Health Services,Efficacy,Efficacy,TRUE,RCT (text),RCT,FALSE,NA,FALSE,abstract + eric,FALSE,FALSE,FALSE,FALSE,TRUE,TRUE,FALSE,FALSE,2,TRUE
R305A140298,Efficacy Follow-up of ParentCorps: Long-term Impact of Early Childhood Family-Focused Intervention on Academic Achievement,Efficacy,Efficacy,TRUE,RCT (text),RCT,FALSE,NA,FALSE,purpose,FALSE,FALSE,FALSE,TRUE,FALSE,FALSE,FALSE,FALSE,NA,TRUE
R305A140356,Multisite Study of School-Based Treatment Approaches for Adolescents with ADHD,Efficacy,Efficacy,TRUE,RCT (text),RCT,FALSE,NA,FALSE,eric,FALSE,FALSE,FALSE,FALSE,FALSE,TRUE,FALSE,FALSE,10,TRUE
R305A140378,Scalable Approaches for Preparing Early Childhood Teachers: Identifying Costs and Effectiveness of Evidence Based Approaches to Coaching,Efficacy,Efficacy,TRUE,RCT (text),RCT,FALSE,NA,FALSE,eric,FALSE,FALSE,FALSE,FALSE,FALSE,TRUE,FALSE,FALSE,NA,TRUE
R305A140488,Math for All: Assessing the Efficacy of a Professional Development Program for Elementary School Teachers,Efficacy,Efficacy,TRUE,RCT (text),RCT,FALSE,NA,FALSE,purpose,FALSE,FALSE,FALSE,TRUE,FALSE,FALSE,FALSE,FALSE,NA,TRUE
R305A140692,Improving Classroom Learning Environments by Cultivating Awareness and Resilience in Education (CARE): A Cluster Randomized Controlled Efficacy Trial,Efficacy,Efficacy,TRUE,RCT (text),RCT,FALSE,NA,FALSE,title + abstract,FALSE,FALSE,TRUE,FALSE,TRUE,FALSE,FALSE,FALSE,23,TRUE
R305A140698,WORLD Efficacy Study,Efficacy,Efficacy,TRUE,RCT (text),RCT,FALSE,NA,FALSE,purpose,FALSE,FALSE,FALSE,TRUE,FALSE,FALSE,FALSE,FALSE,1,TRUE
R305A150043,Improvement of Elementary Fractions Instruction: Randomized Controlled Trial Using Lesson Study with a Fractions Resource Kit,Efficacy,Efficacy,TRUE,RCT (text),RCT,FALSE,NA,FALSE,title + purpose + abstract + eric,FALSE,FALSE,TRUE,TRUE,TRUE,TRUE,FALSE,FALSE,1,TRUE
R305A150046,"Evaluation of We Have Skills, A Multimedia Classroom Level Social Skills Program for Elementary Students",Efficacy,Efficacy,TRUE,RCT (text),RCT,FALSE,NA,FALSE,abstract + eric,FALSE,FALSE,FALSE,FALSE,TRUE,TRUE,FALSE,FALSE,2,TRUE
R305A150088,Improving Children's Understanding of Mathematical Equivalence: An Efficacy Study,Efficacy,Efficacy,TRUE,RCT (text),RCT,FALSE,NA,FALSE,purpose + abstract + eric,FALSE,FALSE,FALSE,TRUE,TRUE,TRUE,FALSE,FALSE,1,TRUE
R305A150142,Efficacy of a Growth Mindset Intervention to Increase Student Success,Efficacy,Efficacy,TRUE,RCT (text),RCT,FALSE,NA,FALSE,abstract + eric,FALSE,FALSE,FALSE,FALSE,TRUE,TRUE,FALSE,FALSE,3,TRUE
R305A150169,Educational Outcomes of the Incredible Years Small Group Program for Early Elementary Students with Self-Regulation Difficulties,Efficacy,Efficacy,TRUE,RCT (text),RCT,FALSE,NA,FALSE,abstract + eric,FALSE,FALSE,FALSE,FALSE,TRUE,TRUE,FALSE,FALSE,3,TRUE
R305A150325,An Investigation of Direct Instruction Spoken English for At-Risk English Learners,Efficacy,Efficacy,TRUE,RCT (text),RCT,FALSE,NA,FALSE,abstract + eric,FALSE,FALSE,FALSE,FALSE,TRUE,TRUE,FALSE,FALSE,3,TRUE
R305A150463,Testing the Effectiveness of Professional Development in Academic Vocabulary on Observed Teaching Practice and Academic Vocabulary Knowledge of English Learners in 8th Grade Social Studies Classrooms,Efficacy,Efficacy,TRUE,RCT (text),RCT,FALSE,NA,FALSE,abstract,FALSE,FALSE,FALSE,FALSE,TRUE,FALSE,FALSE,FALSE,1,TRUE
R305A150488,Intervening with Children Experiencing Serious Peer Difficulties: The Friendship Connections Program,Efficacy,Efficacy,TRUE,RCT (text),RCT,FALSE,NA,FALSE,abstract + eric,FALSE,FALSE,FALSE,FALSE,TRUE,TRUE,FALSE,FALSE,6,TRUE
R305A160177,Does Early Intervention Benefit Social-Emotional and Academic Development in Middle School? A Follow-up Study of INSIGHTS,Efficacy,Efficacy,TRUE,RCT (text),RCT,FALSE,NA,FALSE,purpose,FALSE,FALSE,FALSE,TRUE,FALSE,FALSE,FALSE,FALSE,2,TRUE
R305A160241,Generating Large and Sustained Impacts on Early Language Skills: Evaluation of Timing and Duration of Intervention,Efficacy,Efficacy,TRUE,RCT (text),RCT,FALSE,NA,FALSE,abstract,FALSE,FALSE,FALSE,FALSE,TRUE,FALSE,FALSE,FALSE,8,TRUE
R305A160346,Testing the Efficacy of Embedded Social Skills within a Universal Classroom Management Program: Well-Managed Schools,Efficacy,Efficacy,TRUE,RCT (text),RCT,FALSE,NA,FALSE,purpose + eric,FALSE,FALSE,FALSE,TRUE,FALSE,TRUE,FALSE,FALSE,NA,TRUE
R305A160400,Financial Aid Nudges: A National Experiment to Increase Retention of Financial Aid and College Persistence,Efficacy,Efficacy,TRUE,RCT (text),RCT,FALSE,NA,FALSE,abstract + eric,FALSE,FALSE,FALSE,FALSE,TRUE,TRUE,FALSE,FALSE,1,TRUE
R305A170052,Evaluation of Organization Skills Training Program for Upper Elementary Students,Efficacy,Efficacy,TRUE,RCT (text),RCT,FALSE,NA,FALSE,abstract + eric,FALSE,FALSE,FALSE,FALSE,TRUE,TRUE,FALSE,FALSE,2,TRUE
R305A170068,Efficacy of the TELL Curriculum for Preschool Children who are Economically Disadvantaged,Efficacy,Efficacy,TRUE,RCT (text),RCT,FALSE,NA,FALSE,abstract + eric,FALSE,FALSE,FALSE,FALSE,TRUE,TRUE,FALSE,FALSE,1,TRUE
R305A170114,Increasing Learning By Promoting Early Abstract Thought,Efficacy,Efficacy,TRUE,RCT (text),RCT,FALSE,NA,FALSE,abstract + eric,FALSE,FALSE,FALSE,FALSE,TRUE,TRUE,FALSE,FALSE,8,TRUE
R305A170139,An Efficacy Study of Toggle Talk,Efficacy,Efficacy,TRUE,RCT (text),RCT,FALSE,NA,FALSE,abstract,FALSE,FALSE,FALSE,FALSE,TRUE,FALSE,FALSE,FALSE,2,TRUE
R305A170171,An Efficacy Follow-Up Study of the Long-Term Effects of Reading Recovery Under the i3 Scale-Up,Efficacy,Efficacy,TRUE,RCT (text),RCT,FALSE,NA,FALSE,abstract + eric,FALSE,FALSE,FALSE,FALSE,TRUE,TRUE,TRUE,FALSE,1,TRUE
R305A170180,Evaluation of a Training Program to Promote Effective School Leadership,Efficacy,Efficacy,TRUE,RCT (text),RCT,FALSE,NA,FALSE,abstract,FALSE,FALSE,FALSE,FALSE,TRUE,FALSE,FALSE,FALSE,8,TRUE
R305A170635,Efficacy of the Core Knowledge Language Arts Read Aloud Program in Kindergarten through Second Grade Classrooms,Efficacy,Efficacy,TRUE,RCT (text),RCT,FALSE,NA,FALSE,abstract,FALSE,FALSE,FALSE,FALSE,TRUE,FALSE,FALSE,FALSE,12,TRUE
R305A180004,Causal Effects of the Kindergarten Transition Intervention,Efficacy,Efficacy,TRUE,RCT (text),RCT,FALSE,NA,FALSE,eric,FALSE,FALSE,FALSE,FALSE,FALSE,TRUE,FALSE,FALSE,4,TRUE
R305A180181,A Longitudinal Efficacy Study of the Montessori Preschool Model on Academic and Social-Emotional Outcomes,Efficacy,Efficacy,TRUE,RCT (text),RCT,FALSE,NA,FALSE,abstract + eric,FALSE,FALSE,FALSE,FALSE,TRUE,TRUE,FALSE,FALSE,9,TRUE
R305A180212,Efficacy Trial of the We-Write Intervention with 4th- and 5th-Grade Students,Efficacy,Efficacy,TRUE,RCT (text),RCT,FALSE,NA,FALSE,eric,FALSE,FALSE,FALSE,FALSE,FALSE,TRUE,FALSE,FALSE,NA,TRUE
R305A180259,Investigation of How and for Whom the Positive Action Social-Emotional and Character Development Program has its Effects on Student Behavior and Academic Achievement,Efficacy,Efficacy,TRUE,RCT (text),RCT,FALSE,NA,FALSE,purpose + abstract + eric,FALSE,FALSE,FALSE,TRUE,TRUE,TRUE,FALSE,FALSE,3,TRUE
R305A180326,"Examining the Efficacy of RULER on School Climate, Teacher Well-being, Classroom Climate, and Student Outcomes",Efficacy,Efficacy,TRUE,RCT (text),RCT,FALSE,NA,FALSE,purpose,FALSE,FALSE,FALSE,TRUE,FALSE,FALSE,FALSE,FALSE,NA,TRUE
R305A180429,Follow-up to the Replicating the CGI Experiment in Diverse Environments Study,Efficacy,Efficacy,TRUE,RCT (text),RCT,FALSE,NA,FALSE,abstract,FALSE,FALSE,FALSE,FALSE,TRUE,FALSE,FALSE,FALSE,5,TRUE
R305A190065,Developing Talkers: Building Effective Teachers of Academic Language Skills,Efficacy,Efficacy,TRUE,RCT (text),RCT,FALSE,NA,FALSE,eric,FALSE,FALSE,FALSE,FALSE,FALSE,TRUE,FALSE,FALSE,4,TRUE
R305A190088,School Adolescent Mood Project: Efficacy of IPT-AST in Schools,Efficacy,Efficacy,TRUE,RCT (text),RCT,FALSE,NA,FALSE,abstract + eric,FALSE,FALSE,FALSE,FALSE,TRUE,TRUE,FALSE,FALSE,1,TRUE
R305A190256,An Efficacy Study of the MathSpring Personalized Learning System That Responds to Student Affect,Efficacy,Efficacy,TRUE,RCT (text),RCT,FALSE,NA,FALSE,abstract + eric,FALSE,FALSE,FALSE,FALSE,TRUE,TRUE,FALSE,FALSE,4,TRUE
R305A190360,Project Citizen Research Program,Efficacy,Efficacy,TRUE,RCT (text),RCT,FALSE,NA,FALSE,eric,FALSE,FALSE,FALSE,FALSE,FALSE,TRUE,TRUE,FALSE,1,TRUE
R305A190478,"Evaluation of We Have Choices, an Upper-Elementary Self-Management Program",Efficacy,Efficacy,TRUE,RCT (text),RCT,FALSE,NA,FALSE,abstract,FALSE,FALSE,FALSE,FALSE,TRUE,FALSE,FALSE,FALSE,1,TRUE
R305A200101,Connecting Community College Students to Public and Community Resources: An Experimental Evaluation of Single Stop,Efficacy,Efficacy,TRUE,RCT (text),RCT,FALSE,NA,FALSE,abstract + eric,FALSE,FALSE,FALSE,FALSE,TRUE,TRUE,FALSE,FALSE,5,TRUE
R305A210412,Testing the Impact of Academically Focused Interventions on the Self-Regulation of Preschool and Elementary-School Students: An Integrative-Data-Analysis Approach,Efficacy,Efficacy,TRUE,RCT (text),RCT,FALSE,NA,FALSE,purpose,FALSE,FALSE,FALSE,TRUE,FALSE,FALSE,FALSE,FALSE,NA,TRUE
R305B070048,Evaluation of the First In Math Online Mathematics Program in New York City: A Randomized Control Trial,Efficacy,Efficacy,TRUE,RCT (text),RCT,FALSE,NA,FALSE,title,FALSE,FALSE,TRUE,FALSE,FALSE,FALSE,FALSE,FALSE,205,TRUE
R305B070508,Successful Transitions to Algebra 1: A Randomized Control Trial of Two Theories of Ninth Grade Algebra Instruction,Efficacy,Efficacy,TRUE,RCT (text),RCT,FALSE,NA,FALSE,title + abstract,FALSE,FALSE,TRUE,FALSE,TRUE,FALSE,TRUE,FALSE,81,TRUE
R305B070542,An Economical Improvement In Literacy and Numeracy,Efficacy,Efficacy,TRUE,RCT (text),RCT,FALSE,NA,FALSE,abstract,FALSE,FALSE,FALSE,FALSE,TRUE,FALSE,FALSE,FALSE,5,TRUE
R305B070702,A Randomized Efficacy Trial of Academically Enhanced Rigorous Career Academies: Studying the Impact of the National Academy Foundation (NAF) Model,Efficacy,Efficacy,TRUE,RCT (text),RCT,FALSE,NA,FALSE,title + eric,FALSE,FALSE,TRUE,FALSE,FALSE,TRUE,FALSE,FALSE,NA,TRUE
R305E050052,"Implementing Public School Choice in Charlotte, NC: Impacts on Student Outcomes, Competitiveness and Racial Segregation",Efficacy,Efficacy,TRUE,RCT (text),RCT,FALSE,NA,FALSE,abstract + eric,FALSE,FALSE,FALSE,FALSE,TRUE,TRUE,FALSE,FALSE,62,TRUE
R305E050135,Study of Innovative School Leadership Performance Evaluation Systems,Efficacy,Efficacy,TRUE,RCT (text),RCT,FALSE,NA,FALSE,abstract + eric,FALSE,FALSE,FALSE,FALSE,TRUE,TRUE,FALSE,FALSE,8,TRUE
R305E100030,Evaluation of the Effectiveness of the Ohio Department of Education's Literacy Core Curriculum for Early Childhood Educators,Efficacy,Efficacy,TRUE,RCT (text),RCT,FALSE,NA,FALSE,purpose + abstract + eric,FALSE,FALSE,FALSE,TRUE,TRUE,TRUE,FALSE,FALSE,28,TRUE
R305E150005,Using Teacher Evaluation Data to Drive Instructional Improvement: Evidence from the Evaluation Partnership Program in Tennessee,Efficacy,Efficacy,TRUE,RCT (text),RCT,FALSE,NA,FALSE,purpose,FALSE,FALSE,FALSE,TRUE,FALSE,FALSE,FALSE,FALSE,2,TRUE
R305F050069,Effects of Enhanced After-School Programs on Educational Outcomes: A Randomized Trial,Efficacy,Efficacy,TRUE,RCT (text),RCT,FALSE,NA,FALSE,title + abstract,FALSE,FALSE,TRUE,FALSE,TRUE,FALSE,FALSE,FALSE,20,TRUE
R305F050080,Evaluating the Efficacy of Read Well Kindergarten,Efficacy,Efficacy,TRUE,RCT (text),RCT,FALSE,NA,FALSE,abstract,FALSE,FALSE,FALSE,FALSE,TRUE,FALSE,FALSE,FALSE,2,TRUE
R305F050117,Evaluation of Writing Wings: Writing Instruction for Disadvantaged Elementary School Children,Efficacy,Efficacy,TRUE,RCT (text),RCT,FALSE,NA,FALSE,eric,FALSE,FALSE,FALSE,FALSE,FALSE,TRUE,FALSE,FALSE,NA,TRUE
R305F050245,"Promoting School Success in Children Attending Pre-K Programs in Poor, Urban Schools",Efficacy,Efficacy,TRUE,RCT (text),RCT,FALSE,NA,FALSE,abstract,FALSE,FALSE,FALSE,FALSE,TRUE,FALSE,FALSE,FALSE,3,TRUE
R305F100002,The Language Bases of Reading Comprehension,Development and Innovation,Efficacy,TRUE,RCT (text),RCT,FALSE,NA,FALSE,abstract + eric,FALSE,TRUE,FALSE,FALSE,TRUE,TRUE,TRUE,FALSE,51,TRUE
R305H030031,Increasing Learning By Promoting Early Abstract Thought,Efficacy,Efficacy,TRUE,RCT (text),RCT,FALSE,NA,FALSE,abstract + eric,FALSE,FALSE,FALSE,FALSE,TRUE,TRUE,FALSE,FALSE,4,TRUE
R305H050036,A Randomized Trial of Two Promising Interventions for Students with Attention Problems,Efficacy,Efficacy,TRUE,RCT (text),RCT,FALSE,NA,FALSE,title + eric,FALSE,FALSE,TRUE,FALSE,FALSE,TRUE,FALSE,FALSE,3,TRUE
R305H060080,Test-Enhanced Learning in the Classroom,Efficacy,Efficacy,TRUE,RCT (text),RCT,FALSE,NA,FALSE,abstract,FALSE,FALSE,FALSE,FALSE,TRUE,FALSE,FALSE,FALSE,41,TRUE
R305H170006,An Evaluation of the New Graduation Requirements in Texas,Efficacy,Efficacy,TRUE,RCT (text),RCT,FALSE,NA,FALSE,eric,FALSE,FALSE,FALSE,FALSE,FALSE,TRUE,FALSE,FALSE,NA,TRUE
R305J020039,Evaluation of the Effects of Creative Curriculum on Classroom Quality and Child Outcomes in Head Start,Efficacy,Efficacy,TRUE,RCT (text),RCT,FALSE,NA,FALSE,abstract,FALSE,FALSE,FALSE,FALSE,TRUE,FALSE,FALSE,FALSE,22,TRUE
R305J030084,Evaluation of the Language-Focused Curriculum,Efficacy,Efficacy,TRUE,RCT (text),RCT,FALSE,NA,FALSE,abstract + eric,FALSE,FALSE,FALSE,FALSE,TRUE,TRUE,FALSE,FALSE,50,TRUE
R305J030093,Evaluating the Effectiveness of Preschool Literacy Curriculum for Children At-Risk,Efficacy,Efficacy,TRUE,RCT (text),RCT,FALSE,NA,FALSE,abstract + eric,FALSE,FALSE,FALSE,FALSE,TRUE,TRUE,FALSE,FALSE,12,TRUE
R305J030138,Randomized Evaluation of Curiosity Corner With Follow-Up Into SFA and Control Elementary Programs,Efficacy,Efficacy,TRUE,RCT (text),RCT,FALSE,NA,FALSE,title,FALSE,FALSE,TRUE,FALSE,FALSE,FALSE,FALSE,FALSE,NA,TRUE
R305L030002,Second Step,Efficacy,Efficacy,TRUE,RCT (text),RCT,FALSE,NA,FALSE,abstract,FALSE,FALSE,FALSE,FALSE,TRUE,FALSE,FALSE,FALSE,16,TRUE
R305L030003,"Reading, Writing, Respect and Resolution: The Impact of a Social and Character Development and Literacy Program on Teachers and Children",Efficacy,Efficacy,TRUE,RCT (text),RCT,FALSE,NA,FALSE,abstract + eric,FALSE,FALSE,FALSE,FALSE,TRUE,TRUE,FALSE,FALSE,108,TRUE
R305L030065,Academic and Behavioral Competencies Model,Efficacy,Efficacy,TRUE,RCT (text),RCT,FALSE,NA,FALSE,purpose + abstract,FALSE,FALSE,FALSE,TRUE,TRUE,FALSE,FALSE,FALSE,26,TRUE
R305M030052,Teacher Quality Study: An Investigation of the Impact of Teacher Study Groups as a Means to Enhance The Quality of Reading Instruction for First Graders in High Poverty Schools in Two States,Efficacy,Efficacy,TRUE,RCT (text),RCT,FALSE,NA,FALSE,abstract + eric,FALSE,FALSE,FALSE,FALSE,TRUE,TRUE,FALSE,FALSE,18,TRUE
R305M040086,Can Literacy Professional Development be Improved with Web-based Collaborative Learning Tools: A Randomized Field Trial,Efficacy,Efficacy,TRUE,RCT (text),RCT,FALSE,NA,FALSE,title,FALSE,FALSE,TRUE,FALSE,FALSE,FALSE,FALSE,FALSE,27,TRUE
R305M050031,A Randomized Controlled Study of the Efficacy of Reading Apprenticeship Professional Development for High School History and Science Teaching and Learning,Efficacy,Efficacy,TRUE,RCT (text),RCT,FALSE,NA,FALSE,title,FALSE,FALSE,TRUE,FALSE,FALSE,FALSE,FALSE,FALSE,51,TRUE
R305M050226,"Comparing the Efficacy of Three Approaches to Improving Teaching Quality in Science Education: Curriculum Implementation, Design, and Adaptation",Efficacy,Efficacy,TRUE,RCT (text),RCT,FALSE,NA,FALSE,abstract + eric,FALSE,FALSE,FALSE,FALSE,TRUE,TRUE,FALSE,FALSE,2,TRUE
R305M050270,Investigating the Efficacy of a Professional Development Program in Classroom Assessment for Middle School Reading and Mathematics,Efficacy,Efficacy,TRUE,RCT (text),RCT,FALSE,NA,FALSE,abstract,FALSE,FALSE,FALSE,FALSE,TRUE,FALSE,TRUE,FALSE,496,TRUE
R305U070006,The Effects of Disadvantaged Schools and Neighborhoods on the Education of Low-Income Youth,Efficacy,Efficacy,TRUE,RCT (text),RCT,FALSE,NA,FALSE,abstract,FALSE,FALSE,FALSE,FALSE,TRUE,FALSE,FALSE,FALSE,725,TRUE
R305W060027,Content-Focused Coaching (SM) for High Quality Reading Instruction,Efficacy,Efficacy,TRUE,RCT (text),RCT,FALSE,NA,FALSE,abstract + eric,FALSE,FALSE,FALSE,FALSE,TRUE,TRUE,FALSE,FALSE,21,TRUE
R324A070118,Testing The Impact of PBIS Plus,Efficacy,Efficacy,TRUE,RCT (text),RCT,FALSE,NA,FALSE,abstract,FALSE,FALSE,FALSE,FALSE,TRUE,FALSE,FALSE,FALSE,10,TRUE
R324A070183,Think Time Efficacy Study,Efficacy,Efficacy,TRUE,RCT (text),RCT,FALSE,NA,FALSE,purpose + abstract + eric,FALSE,FALSE,FALSE,TRUE,TRUE,TRUE,FALSE,FALSE,11,TRUE
R324A080195,Efficacy and Sustainability of the STAR Program,Efficacy,Efficacy,TRUE,RCT (text),RCT,FALSE,NA,FALSE,abstract,FALSE,FALSE,FALSE,FALSE,TRUE,FALSE,FALSE,FALSE,26,TRUE
R324A100022,Preventing School Dropout with Secondary Students: The Implementation of an Individualized Reading Intervention and Dropout Prevention Intervention,Efficacy,Efficacy,TRUE,RCT (text),RCT,FALSE,NA,FALSE,abstract + eric,FALSE,FALSE,FALSE,FALSE,TRUE,TRUE,TRUE,FALSE,29,TRUE
R324A100174,A Randomized Trial of the SCERTS Curriculum for Students with Autism Spectrum Disorders in Early Elementary School Classrooms,Efficacy,Efficacy,TRUE,RCT (text),RCT,FALSE,NA,FALSE,title,FALSE,FALSE,TRUE,FALSE,FALSE,FALSE,FALSE,FALSE,1,TRUE
R324A100225,Efficacy of Broad Target Speech Recasts on Students with Down Syndrome,Efficacy,Efficacy,TRUE,RCT (text),RCT,FALSE,NA,FALSE,abstract,FALSE,FALSE,FALSE,FALSE,TRUE,FALSE,FALSE,FALSE,2,TRUE
R324A110018,A Study of the Effects of a Three-Tier Model of Interagency Collaboration on Transition Outcomes for Students with Disabilities,Efficacy,Efficacy,TRUE,RCT (text),RCT,FALSE,NA,FALSE,abstract + eric,FALSE,FALSE,FALSE,FALSE,TRUE,TRUE,FALSE,FALSE,1,TRUE
R324A110027,Students Exposed to Trauma: An Efficacy Study of the Cognitive Behavioral Intervention for Trauma in Schools,Efficacy,Efficacy,TRUE,RCT (text),RCT,FALSE,NA,FALSE,purpose + eric,FALSE,FALSE,FALSE,TRUE,FALSE,TRUE,FALSE,FALSE,NA,TRUE
R324A110353,Evaluation of a Comprehensive Community-based Intervention for Toddlers with ASD,Efficacy,Efficacy,TRUE,RCT (text),RCT,FALSE,NA,FALSE,purpose,FALSE,FALSE,FALSE,TRUE,FALSE,FALSE,FALSE,FALSE,37,TRUE
R324A120178,Examining the Efficacy of a Classroom-Wide Model for Promoting Social Emotional Development and Addressing Challenging Behavior in Preschool Children with or at-risk for Disabilities,Efficacy,Efficacy,TRUE,RCT (text),RCT,FALSE,NA,FALSE,purpose,FALSE,FALSE,FALSE,TRUE,FALSE,FALSE,FALSE,FALSE,8,TRUE
R324A120410,A Randomized Trial of a Tutor-Based Mathematics and Attention Intervention for Low-Performing Pre-Schoolers at Risk for Mathematical Difficulties in School,Efficacy,Efficacy,TRUE,RCT (text),RCT,FALSE,NA,FALSE,title,FALSE,FALSE,TRUE,FALSE,FALSE,FALSE,FALSE,FALSE,3,TRUE
R324A130180,Parent Connectors: An Efficacy Study of Peer-Support for Parents of Middle School Youth with Emotional Disturbance,Efficacy,Efficacy,TRUE,RCT (text),RCT,FALSE,NA,FALSE,purpose,FALSE,FALSE,FALSE,TRUE,FALSE,FALSE,FALSE,FALSE,4,TRUE
R324A140002,A Modular CBT for Reducing Anxiety and Improving Educational Outcomes,Efficacy,Efficacy,TRUE,RCT (text),RCT,FALSE,NA,FALSE,abstract,FALSE,FALSE,FALSE,FALSE,TRUE,FALSE,FALSE,FALSE,3,TRUE
R324A140003,Reading Achievement Multi-component Program (RAMP-UP),Efficacy,Efficacy,TRUE,RCT (text),RCT,FALSE,NA,FALSE,purpose,FALSE,FALSE,FALSE,TRUE,FALSE,FALSE,FALSE,FALSE,NA,TRUE
R324A140005,Examining the Efficacy of Classroom Pivotal Response Teaching in Classroom Environments,Efficacy,Efficacy,TRUE,RCT (text),RCT,FALSE,NA,FALSE,purpose + abstract,FALSE,FALSE,FALSE,TRUE,TRUE,FALSE,FALSE,FALSE,9,TRUE
R324A150076,Impact of Professional Development on Preschool Teachers' Use of Embedded-Instruction Practices: An Efficacy Trial of Tools for Teachers,Efficacy,Efficacy,TRUE,RCT (text),RCT,FALSE,NA,FALSE,purpose,FALSE,FALSE,FALSE,TRUE,FALSE,FALSE,FALSE,FALSE,4,TRUE
R324A150094,"An Efficacy Trial of J-EMT: Enhanced Milieu Teaching Language Intervention plus Joint Attention, Engagement and Regulation Intervention for Toddlers with Autism",Efficacy,Efficacy,TRUE,RCT (text),RCT,FALSE,NA,FALSE,abstract + eric,FALSE,FALSE,FALSE,FALSE,TRUE,TRUE,FALSE,FALSE,2,TRUE
R324A150138,READY for WAGES: Research on Employment of Adjudicated Youth through Working at Gaining Employment Social Skills Curriculum,Efficacy,Efficacy,TRUE,RCT (text),RCT,FALSE,NA,FALSE,eric,FALSE,FALSE,FALSE,FALSE,FALSE,TRUE,FALSE,FALSE,1,TRUE
R324A150149,Long-Term Effects of the Kids in Transition to School (KITS) Program for Children with Developmental Disabilities and Behavioral Problems,Efficacy,Efficacy,TRUE,RCT (text),RCT,FALSE,NA,FALSE,purpose,FALSE,FALSE,FALSE,TRUE,FALSE,FALSE,FALSE,FALSE,1,TRUE
R324A160017,A Randomized Trial of Conjoint Behavioral Consultation (CBC) with Latino Students: A Replication Study,Efficacy,Efficacy,TRUE,RCT (text),RCT,FALSE,NA,FALSE,title + abstract,FALSE,FALSE,TRUE,FALSE,TRUE,FALSE,FALSE,FALSE,2,TRUE
R324A170008,The Self-Determined Learning Model of Instruction: Examining the Impact of Implementation Supports on Teacher and Student Outcomes,Efficacy,Efficacy,TRUE,RCT (text),RCT,FALSE,NA,FALSE,abstract + eric,FALSE,FALSE,FALSE,FALSE,TRUE,TRUE,FALSE,FALSE,9,TRUE
R324A170086,An Efficacy Study of Strategic and Interactive Writing Instruction (SIWI): Teacher Development and Student Outcomes,Efficacy,Efficacy,TRUE,RCT (text),RCT,FALSE,NA,FALSE,abstract + eric,FALSE,FALSE,FALSE,FALSE,TRUE,TRUE,TRUE,FALSE,12,TRUE
R324A170101,Supporting Teachers' Implementation of Data-Based Instruction in Early Writing: An Efficacy Study,Efficacy,Efficacy,TRUE,RCT (text),RCT,FALSE,NA,FALSE,purpose + abstract + eric,FALSE,FALSE,FALSE,TRUE,TRUE,TRUE,FALSE,FALSE,8,TRUE
R324A180005,Testing the Long-Term Beneficial Impacts from a Comprehensive School Intervention for High-Functioning Children with ASD (HFASD): An Efficacy Follow-Up Study,Efficacy,Efficacy,TRUE,RCT (text),RCT,FALSE,NA,FALSE,purpose,FALSE,FALSE,FALSE,TRUE,FALSE,FALSE,FALSE,FALSE,NA,TRUE
R324A180037,Family-Centered Intervention in Schools to Reduce Social and Behavioral Problems From Early Elementary School to Adolescence,Efficacy,Efficacy,TRUE,RCT (text),RCT,FALSE,NA,FALSE,purpose,FALSE,FALSE,FALSE,TRUE,FALSE,FALSE,FALSE,FALSE,NA,TRUE
R324A190154,"Examining Outcomes of a Multi-Component, Individually Tailored Consultation Process Focused on Classroom Management for Teachers (K-5)",Efficacy,Efficacy,TRUE,RCT (text),RCT,FALSE,NA,FALSE,abstract,FALSE,FALSE,FALSE,FALSE,TRUE,FALSE,FALSE,FALSE,4,TRUE
R324A200101,A Randomized Trial of the Connect-IT Intervention in Middle School Students With or At Risk for Reading Disabilities,Efficacy,Efficacy,TRUE,RCT (text),RCT,FALSE,NA,FALSE,title + purpose,FALSE,FALSE,TRUE,TRUE,FALSE,FALSE,FALSE,FALSE,1,TRUE
R324A200151,Examining the Efficacy of Friends on the Block: An Intensive Early Literacy Intervention for Elementary Students With Intellectual and Developmental Disability (Project Intensity),Efficacy,Efficacy,TRUE,RCT (text),RCT,FALSE,NA,FALSE,purpose,FALSE,FALSE,FALSE,TRUE,FALSE,FALSE,FALSE,FALSE,1,TRUE
R324A200179,Efficacy of Story Friends Vocabulary Curriculum Targeting Preschoolers At Risk for Language and Literacy Disabilities,Efficacy,Efficacy,TRUE,RCT (text),RCT,FALSE,NA,FALSE,abstract,FALSE,FALSE,FALSE,FALSE,TRUE,FALSE,FALSE,FALSE,4,TRUE
R324A210021,Effectiveness of Leveled Literacy Intervention Intermediate for Third and Fourth Grade Students with Reading Difficulties or Disabilities,Efficacy,Efficacy,TRUE,RCT (text),RCT,FALSE,NA,FALSE,purpose,FALSE,FALSE,FALSE,TRUE,FALSE,FALSE,FALSE,FALSE,2,TRUE
R324A220161,Effects of CIRCLES on the Provision of Transition Services and Resulting Transition Outcomes for Students with Disabilities,Efficacy,Efficacy,TRUE,RCT (text),RCT,FALSE,NA,FALSE,purpose,FALSE,FALSE,FALSE,TRUE,FALSE,FALSE,FALSE,FALSE,1,TRUE
R324B060047,Adaptive Treatments for Children with ADHD,Efficacy,Efficacy,TRUE,RCT (text),RCT,FALSE,NA,FALSE,abstract,FALSE,FALSE,FALSE,FALSE,TRUE,FALSE,FALSE,FALSE,18,TRUE
R324E060086,A Randomized Trial of Preschool Instructional Strategies to Improve School Performance and Reduce Use of Special Education,Efficacy,Efficacy,TRUE,RCT (text),RCT,FALSE,NA,FALSE,title,FALSE,FALSE,TRUE,FALSE,FALSE,FALSE,FALSE,FALSE,1,TRUE
R305A170243,Using Web-Based Cognitive Assessment Systems for Predicting Student Performance on State Exams,Effectiveness,Other,TRUE,RCT (text),RCT,FALSE,NA,FALSE,abstract,FALSE,FALSE,FALSE,FALSE,TRUE,FALSE,FALSE,FALSE,13,FALSE
R305A190162,Long Term Effects of Professional Development to Support New Teachers' Use of Effective Classroom Management Techniques,Follow-Up,Other,TRUE,RCT (text),RCT,FALSE,NA,FALSE,abstract,FALSE,FALSE,FALSE,FALSE,TRUE,FALSE,FALSE,FALSE,2,FALSE
R305A210130,Children's Longitudinal Development from Pre-K through High School as Disrupted by COVID-19,Follow-Up,Other,TRUE,RCT (text),RCT,FALSE,NA,FALSE,purpose + abstract,FALSE,FALSE,FALSE,TRUE,TRUE,FALSE,FALSE,FALSE,12,FALSE
R305A220281,Following Up on Initial Promise: Experimental Evidence on the Impacts of Full-Day Pre-K,Follow-Up,Other,TRUE,RCT (text),RCT,FALSE,NA,FALSE,eric,FALSE,FALSE,FALSE,FALSE,FALSE,TRUE,FALSE,FALSE,1,FALSE
R305C160004,Precision Education: The Virtual Learning Lab,Other,Other,TRUE,RCT (text),RCT,FALSE,NA,FALSE,eric,FALSE,FALSE,FALSE,FALSE,FALSE,TRUE,FALSE,FALSE,19,FALSE
R305R220012,Harnessing Retrieval Practice to Enhance Learning in Diverse Domains,Efficacy,Other,TRUE,RCT (text),RCT,FALSE,NA,FALSE,abstract,FALSE,FALSE,FALSE,FALSE,TRUE,FALSE,FALSE,FALSE,5,FALSE
R324R200003,Implementing Fraction Intervention Classwide to Address Mathematics Learning Disabilities in Inclusive Classrooms,Efficacy,Replication,TRUE,RCT (text),RCT,FALSE,NA,FALSE,abstract,FALSE,FALSE,FALSE,FALSE,TRUE,FALSE,FALSE,FALSE,1,TRUE
R305A100116,National Randomized Control Trial of Everyday Mathematics,Scale-Up Evaluations,Scale-up,TRUE,RCT (text),RCT,FALSE,NA,FALSE,title + purpose + abstract,FALSE,FALSE,TRUE,TRUE,TRUE,FALSE,TRUE,FALSE,2,TRUE
R305A120280,Improving Information and Access to Financial Aid: Expanding the FAFSA Experiment,Scale-Up Evaluations,Scale-up,TRUE,RCT (text),RCT,FALSE,NA,FALSE,purpose,FALSE,FALSE,FALSE,TRUE,FALSE,FALSE,FALSE,FALSE,28,TRUE
R305W020002,Scaling Up a Language and Literacy Development Program at the Pre-Kindergarten Level,Scale-Up Evaluations,Scale-up,TRUE,RCT (text),RCT,FALSE,NA,FALSE,purpose + abstract + eric,FALSE,FALSE,FALSE,TRUE,TRUE,TRUE,FALSE,FALSE,38,TRUE
R305W020005,Scaling Up an Assessment-Driven Intervention Using the Internet and Hand-held Computers,Scale-Up Evaluations,Scale-up,TRUE,RCT (text),RCT,FALSE,NA,FALSE,abstract,FALSE,FALSE,FALSE,FALSE,TRUE,FALSE,FALSE,FALSE,57,TRUE
R324A090111,Ecological Approach to Family Intervention and Treatment (Eco-FIT) Integrated with PBS: An Effectiveness Trial in Middle School,Scale-Up Evaluations,Scale-up,TRUE,RCT (text),RCT,FALSE,NA,FALSE,abstract + eric,FALSE,FALSE,FALSE,FALSE,TRUE,TRUE,FALSE,FALSE,11,TRUE
R305A090019,The Impact of School Accountability Sanctions on Student Outcomes: Evidence from North Carolina,Efficacy,Efficacy,FALSE,RDD/QED (text),non-RCT,FALSE,NA,FALSE,none,FALSE,FALSE,FALSE,FALSE,FALSE,FALSE,TRUE,FALSE,19,TRUE
R305A090032,The Effects of No Child Left Behind on Student Outcomes and School Services,Efficacy,Efficacy,FALSE,RDD/QED (text),non-RCT,FALSE,NA,FALSE,none,FALSE,FALSE,FALSE,FALSE,FALSE,FALSE,TRUE,FALSE,1,TRUE
R305A090039,Modeling Longitudinal Effects of New York City's 5th Grade Promotion Policy on Student Achievement through a Regression Discontinuity Design,Efficacy,Efficacy,FALSE,RDD/QED (text),non-RCT,FALSE,NA,FALSE,none,FALSE,FALSE,FALSE,FALSE,FALSE,FALSE,TRUE,FALSE,NA,TRUE
R305A090209,Preparing to Succeed: An Efficacy Trial of Two Early Childhood Curricula,Efficacy,Efficacy,FALSE,RDD/QED (text),non-RCT,FALSE,NA,FALSE,none,FALSE,FALSE,FALSE,FALSE,FALSE,FALSE,TRUE,FALSE,102,TRUE
R305A140493,Consistency Management & Cooperative Discipline (CMCD): An Efficacy Trial with Students in Third and Fourth Grade Urban Schools,Efficacy,Efficacy,FALSE,RDD/QED (text),non-RCT,FALSE,NA,FALSE,none,FALSE,FALSE,FALSE,FALSE,FALSE,FALSE,TRUE,FALSE,NA,TRUE
R305A160188,"Alignment, Timing and Support: The Effect of Early Intervention on Student College Readiness",Efficacy,Efficacy,FALSE,RDD/QED (text),non-RCT,FALSE,NA,FALSE,none,FALSE,FALSE,FALSE,FALSE,FALSE,FALSE,TRUE,FALSE,3,TRUE
R305A180154,"A Regression Discontinuity Study of the Impact of ALFA Lab on 9th-Graders' Reading Achievement, Motivation, and Reading Frequency",Efficacy,Efficacy,FALSE,RDD/QED (text),non-RCT,FALSE,NA,FALSE,none,FALSE,FALSE,FALSE,FALSE,FALSE,FALSE,TRUE,FALSE,4,TRUE
R305A200060,The Impact of Integration: An Analysis of the METCO Voluntary Desegregation Busing Program,Efficacy,Efficacy,FALSE,RDD/QED (text),non-RCT,FALSE,NA,FALSE,none,FALSE,FALSE,FALSE,FALSE,FALSE,FALSE,TRUE,FALSE,NA,TRUE
R305A210008,Exploration of Departmentalized Instruction,Efficacy,Efficacy,FALSE,RDD/QED (text),non-RCT,FALSE,NA,FALSE,none,FALSE,FALSE,FALSE,FALSE,FALSE,FALSE,TRUE,FALSE,NA,TRUE
R305A210286,"The Implementation, Impact, and Cost-Effectiveness of Developmental Education Curricular Reform in California Community Colleges",Efficacy,Efficacy,FALSE,RDD/QED (text),non-RCT,FALSE,NA,FALSE,none,FALSE,FALSE,FALSE,FALSE,FALSE,FALSE,TRUE,FALSE,NA,TRUE
R305C190007,The Pathway Project: A Cognitive Strategies Approach to Reading and Writing Instruction for Teachers of Secondary English Language Learners,Development and Innovation,Efficacy,FALSE,RDD/QED (text),non-RCT,FALSE,NA,FALSE,none,FALSE,FALSE,FALSE,FALSE,FALSE,FALSE,TRUE,FALSE,17,TRUE
R305E100043,Middle School Intervention Project (MSIP),Efficacy,Efficacy,FALSE,RDD/QED (text),non-RCT,FALSE,NA,FALSE,none,FALSE,FALSE,FALSE,FALSE,FALSE,FALSE,TRUE,FALSE,3,TRUE
R305E110019,Gifted Education Program Participation and Program Impacts,Efficacy,Efficacy,FALSE,RDD/QED (text),non-RCT,FALSE,NA,FALSE,none,FALSE,FALSE,FALSE,FALSE,FALSE,FALSE,TRUE,FALSE,59,TRUE
R305E190002,An Evaluation of Turning Around North Carolina's Lowest Performing Schools: A State Partnership Evaluation,Efficacy,Efficacy,FALSE,RDD/QED (text),non-RCT,FALSE,NA,FALSE,none,FALSE,FALSE,FALSE,FALSE,FALSE,FALSE,TRUE,FALSE,3,TRUE
R305H190004,"Evaluating Michigan's Early Literacy Law: Impacts, Implementation and Improving State Capacity",Efficacy,Efficacy,FALSE,RDD/QED (text),non-RCT,FALSE,NA,FALSE,none,FALSE,FALSE,FALSE,FALSE,FALSE,FALSE,TRUE,FALSE,1,TRUE
R305L030162,Social and Character Development in Rural Youth: The Competence Support Program,Efficacy,Efficacy,FALSE,RDD/QED (text),non-RCT,FALSE,NA,FALSE,none,FALSE,FALSE,FALSE,FALSE,FALSE,FALSE,TRUE,FALSE,7,TRUE
R305U050002,A One-Year Follow-up of Evidence-Based Early Reading Intervention Provided by Kindergarten and First Grade Teachers,Efficacy,Efficacy,FALSE,RDD/QED (text),non-RCT,FALSE,NA,FALSE,none,FALSE,FALSE,FALSE,FALSE,FALSE,FALSE,TRUE,FALSE,145,TRUE
R324A200176,The Role of Algebraic Reasoning Within Additive and Multiplicative Multi-Step Problem Solving for Students With Mathematics Difficulty (Project RAAMPS),Efficacy,Efficacy,FALSE,RDD/QED (text),non-RCT,FALSE,NA,FALSE,none,FALSE,FALSE,FALSE,FALSE,FALSE,FALSE,TRUE,FALSE,4,TRUE
R305A080066,Evaluation of the SOURCE Program: An Intervention to Promote College Application and Enrollment Among Urban Youth - Primary Outcomes,Efficacy,Efficacy,FALSE,no design cue,unknown,FALSE,NA,FALSE,none,FALSE,FALSE,FALSE,FALSE,FALSE,FALSE,FALSE,FALSE,710,TRUE
R305A080096,Improving Postsecondary Preparation in Urban Public High Schools: An Evaluation of AVID in Chicago,Efficacy,Efficacy,FALSE,no design cue,unknown,FALSE,NA,FALSE,none,FALSE,FALSE,FALSE,FALSE,FALSE,FALSE,FALSE,FALSE,1,TRUE
R305A080347,Mindful Instruction of Nonmainstream Children,Efficacy,Efficacy,FALSE,no design cue,unknown,FALSE,NA,FALSE,none,FALSE,FALSE,FALSE,FALSE,FALSE,FALSE,FALSE,FALSE,9,TRUE
R305A080372,Massachusetts Expanded Learning Time: Implementation and Outcomes,Efficacy,Efficacy,FALSE,no design cue,unknown,FALSE,NA,FALSE,none,FALSE,FALSE,FALSE,FALSE,FALSE,FALSE,FALSE,FALSE,66,TRUE
R305A080459,Efficacy of Read It Again! In Rural Preschool Settings,Efficacy,Efficacy,FALSE,no design cue,unknown,FALSE,NA,FALSE,none,FALSE,FALSE,FALSE,FALSE,FALSE,FALSE,FALSE,FALSE,3,TRUE
R305A080700,Increasing the Efficacy of An Early Mathematics Curriculum with Scaffolding Designed to Promote Self-Regulation,Efficacy,Efficacy,FALSE,no design cue,unknown,FALSE,NA,FALSE,none,FALSE,FALSE,FALSE,FALSE,FALSE,FALSE,FALSE,FALSE,4,TRUE
R305A090094,Efficacy of the Science Writing Heuristic Approach,Efficacy,Efficacy,FALSE,no design cue,unknown,FALSE,NA,FALSE,none,FALSE,FALSE,FALSE,FALSE,FALSE,FALSE,FALSE,FALSE,5,TRUE
R305A090195,Testing the Effectiveness of CALM for High School Chemistry Students,Efficacy,Efficacy,FALSE,no design cue,unknown,FALSE,NA,FALSE,none,FALSE,FALSE,FALSE,FALSE,FALSE,FALSE,FALSE,FALSE,NA,TRUE
R305A090197,Efficacy Study of AnimalWatch: An Intelligent Tutoring System for Pre-Algebra,Efficacy,Efficacy,FALSE,no design cue,unknown,FALSE,NA,FALSE,none,FALSE,FALSE,FALSE,FALSE,FALSE,FALSE,FALSE,FALSE,37,TRUE
R305A090353,"Focusing on the Efficacy of Teaching Advanced Forms of Patterning on First Graders' Improvements in Reading, Mathematics, and Reasoning Ability",Efficacy,Efficacy,FALSE,no design cue,unknown,FALSE,NA,FALSE,none,FALSE,FALSE,FALSE,FALSE,FALSE,FALSE,FALSE,FALSE,1,TRUE
R305A090361,Effects of Classroom Management Training on Early Learning Skills,Efficacy,Efficacy,FALSE,no design cue,unknown,FALSE,NA,FALSE,none,FALSE,FALSE,FALSE,FALSE,FALSE,FALSE,FALSE,FALSE,223,TRUE
R305A100047,Linear Functions for Teaching: An Efficacy Study of Learning and Teaching Linear Functions,Efficacy,Efficacy,FALSE,no design cue,unknown,FALSE,NA,FALSE,none,FALSE,FALSE,FALSE,FALSE,FALSE,FALSE,FALSE,FALSE,130,TRUE
R305A100275,ECHOS: Early Childhood Hands on Science,Efficacy,Efficacy,FALSE,no design cue,unknown,FALSE,NA,FALSE,none,FALSE,FALSE,FALSE,FALSE,FALSE,FALSE,FALSE,FALSE,NA,TRUE
R305A100289,Learning Leadership: Kernel Routines for Instructional Improvement,Efficacy,Efficacy,FALSE,no design cue,unknown,FALSE,NA,FALSE,none,FALSE,FALSE,FALSE,FALSE,FALSE,FALSE,FALSE,FALSE,4,TRUE
R305A100369,Causes and Consequences of Public Subsidies in Higher Education: Evidence from Community College Districts,Efficacy,Efficacy,FALSE,no design cue,unknown,FALSE,NA,FALSE,none,FALSE,FALSE,FALSE,FALSE,FALSE,FALSE,FALSE,FALSE,144,TRUE
R305A100583,An Efficacy Study of Project GLAD,Efficacy,Efficacy,FALSE,no design cue,unknown,FALSE,NA,FALSE,none,FALSE,FALSE,FALSE,FALSE,FALSE,FALSE,FALSE,FALSE,NA,TRUE
R305A100596,Academic Achievement Outcomes from a Pre-K Family and School Intervention,Efficacy,Efficacy,FALSE,no design cue,unknown,FALSE,NA,FALSE,none,FALSE,FALSE,FALSE,FALSE,FALSE,FALSE,FALSE,FALSE,3,TRUE
R305A100625,"The Efficacy of Personal Response Systems (Clickers) as Learning Tools: A Multidisciplinary, Large-Scale, Empirical Evaluation",Efficacy,Efficacy,FALSE,no design cue,unknown,FALSE,NA,FALSE,none,FALSE,FALSE,FALSE,FALSE,FALSE,FALSE,FALSE,FALSE,48,TRUE
R305A100971,Ready or Not? California's Early Assessment Program and the Transition to College,Efficacy,Efficacy,FALSE,no design cue,unknown,FALSE,NA,FALSE,none,FALSE,FALSE,FALSE,FALSE,FALSE,FALSE,FALSE,FALSE,17,TRUE
R305A100995,A Multisite Evaluation of the Implementation and Impact of Supplemental Educational Services,Efficacy,Efficacy,FALSE,no design cue,unknown,FALSE,NA,FALSE,none,FALSE,FALSE,FALSE,FALSE,FALSE,FALSE,FALSE,FALSE,2,TRUE
R305A110176,Impact of the WRITE Program on English Learner Achievement and Teacher Instructional Practice,Efficacy,Efficacy,FALSE,no design cue,unknown,FALSE,NA,FALSE,none,FALSE,FALSE,FALSE,FALSE,FALSE,FALSE,FALSE,FALSE,19,TRUE
R305A110397,Longitudinal Follow-up of Successful Parent/Child Intervention in Pre-school Children At Risk for School Failure,Efficacy,Efficacy,FALSE,no design cue,unknown,FALSE,NA,FALSE,none,FALSE,FALSE,FALSE,FALSE,FALSE,FALSE,FALSE,FALSE,222,TRUE
R305A110398,Training Attention in At-risk Preschoolers: Expansion of our Successful Program to a Wider Population within Head Start,Efficacy,Efficacy,FALSE,no design cue,unknown,FALSE,NA,FALSE,none,FALSE,FALSE,FALSE,FALSE,FALSE,FALSE,FALSE,FALSE,1120,TRUE
R305A110515,Making Sense of SCIENCE: Efficacy Study of a Professional Development Series for Middle School Science Teachers,Efficacy,Efficacy,FALSE,no design cue,unknown,FALSE,NA,FALSE,none,FALSE,FALSE,FALSE,FALSE,FALSE,FALSE,FALSE,FALSE,488,TRUE
R305A110609,State Merit Aid Program and Student College Choice and Success: Evaluating the Efficacy of Florida's Bright Futures Program,Efficacy,Efficacy,FALSE,no design cue,unknown,FALSE,NA,FALSE,none,FALSE,FALSE,FALSE,FALSE,FALSE,FALSE,FALSE,FALSE,NA,TRUE
R305A110685,Data Modeling Supports the Development of Statistical Reasoning,Efficacy,Efficacy,FALSE,no design cue,unknown,FALSE,NA,FALSE,none,FALSE,FALSE,FALSE,FALSE,FALSE,FALSE,FALSE,FALSE,NA,TRUE
R305A110703,Efficacy of the WINGS After-School Social and Emotional Learning (SEL) Program,Efficacy,Efficacy,FALSE,no design cue,unknown,FALSE,NA,FALSE,none,FALSE,FALSE,FALSE,FALSE,FALSE,FALSE,FALSE,FALSE,9,TRUE
R305A110967,"The Impact of Incentives to Recruit and Retain Teachers in ""Hard-to-Staff"" Subjects: An Analysis of the Florida Critical Teacher Shortage Program",Efficacy,Efficacy,FALSE,no design cue,unknown,FALSE,NA,FALSE,none,FALSE,FALSE,FALSE,FALSE,FALSE,FALSE,FALSE,FALSE,61,TRUE
R305A120184,Investigation of the Efficacy of the JUMP Program of Mathematics Instruction,Efficacy,Efficacy,FALSE,no design cue,unknown,FALSE,NA,FALSE,none,FALSE,FALSE,FALSE,FALSE,FALSE,FALSE,FALSE,FALSE,1,TRUE
R305A120466,Doubling Up? The Impact of Remedial Algebra on Students' Long-Run Outcomes,Efficacy,Efficacy,FALSE,no design cue,unknown,FALSE,NA,FALSE,none,FALSE,FALSE,FALSE,FALSE,FALSE,FALSE,FALSE,FALSE,NA,TRUE
R305A130195,GlobalEd 2,Efficacy,Efficacy,FALSE,no design cue,unknown,FALSE,NA,FALSE,none,FALSE,FALSE,FALSE,FALSE,FALSE,FALSE,FALSE,FALSE,NA,TRUE
R305A130206,My Science Tutor: Improving Science Learning through Tutorial Dialogs (MyST),Efficacy,Efficacy,FALSE,no design cue,unknown,FALSE,NA,FALSE,none,FALSE,FALSE,FALSE,FALSE,FALSE,FALSE,FALSE,FALSE,NA,TRUE
R305A140221,Efficacy of ALEKS for Improving Student Algebra Achievement,Efficacy,Efficacy,FALSE,no design cue,unknown,FALSE,NA,FALSE,none,FALSE,FALSE,FALSE,FALSE,FALSE,FALSE,FALSE,FALSE,NA,TRUE
R305A140363,On the Importance of School Facilities Spending to School Outcomes,Efficacy,Efficacy,FALSE,no design cue,unknown,FALSE,NA,FALSE,none,FALSE,FALSE,FALSE,FALSE,FALSE,FALSE,FALSE,FALSE,NA,TRUE
R305A140386,Internet Implementation of Empirically Supported Interventions That Can Be Remotely Delivered in Authentic Preschool Programs for Mothers and Teachers: Evaluation of Direct Child and Teacher Outcomes,Efficacy,Efficacy,FALSE,no design cue,unknown,FALSE,NA,FALSE,none,FALSE,FALSE,FALSE,FALSE,FALSE,FALSE,FALSE,FALSE,NA,TRUE
R305A140559,Testing the Integration of an Empirically-supported Teacher Consultation Model and a Social-emotional Learning and Literacy Intervention in Urban Elementary Schools,Efficacy,Efficacy,FALSE,no design cue,unknown,FALSE,NA,FALSE,none,FALSE,FALSE,FALSE,FALSE,FALSE,FALSE,FALSE,FALSE,NA,TRUE
R305A150049,An Efficacy Trial of the HighScope Preschool Curriculum (HSPC),Efficacy,Efficacy,FALSE,no design cue,unknown,FALSE,NA,FALSE,none,FALSE,FALSE,FALSE,FALSE,FALSE,FALSE,FALSE,FALSE,NA,TRUE
R305A150057,Efficacy and Replication Trial of the Individualized Adaptive ITSS with 4th and 5th Grade Students in High Poverty Schools,Efficacy,Efficacy,FALSE,no design cue,unknown,FALSE,NA,FALSE,none,FALSE,FALSE,FALSE,FALSE,FALSE,FALSE,FALSE,FALSE,2,TRUE
R305A150200,Embedding Working Memory Training within Math Problem Solving Intervention,Efficacy,Efficacy,FALSE,no design cue,unknown,FALSE,NA,FALSE,none,FALSE,FALSE,FALSE,FALSE,FALSE,FALSE,FALSE,FALSE,NA,TRUE
R305A150253,A Scalable Growth Mindset Intervention to Raise Achievement and Persistence in Community College,Development and Innovation,Efficacy,FALSE,no design cue,unknown,FALSE,NA,FALSE,none,FALSE,FALSE,FALSE,FALSE,FALSE,FALSE,FALSE,FALSE,NA,TRUE
R305A150431,Effects of the Incredible Years Dinosaur Classroom Prevention Program on Preschool Children's Executive Functioning and Academic Achievement,Efficacy,Efficacy,FALSE,no design cue,unknown,FALSE,NA,FALSE,none,FALSE,FALSE,FALSE,FALSE,FALSE,FALSE,FALSE,FALSE,NA,TRUE
R305A150438,Efficacy of RENEW for High School Students with Emotional and Behavioral Challenges,Efficacy,Efficacy,FALSE,no design cue,unknown,FALSE,NA,FALSE,none,FALSE,FALSE,FALSE,FALSE,FALSE,FALSE,FALSE,FALSE,NA,TRUE
R305A150517,Evaluation of a Self-Monitoring Training Program for Elementary School Students,Efficacy,Efficacy,FALSE,no design cue,unknown,FALSE,NA,FALSE,none,FALSE,FALSE,FALSE,FALSE,FALSE,FALSE,FALSE,FALSE,2,TRUE
R305A160013,Contexts Inside and Outside of School Walls as Predictors of Differential Effectiveness in Preschool Professional Development,Efficacy,Efficacy,FALSE,no design cue,unknown,FALSE,NA,FALSE,none,FALSE,FALSE,FALSE,FALSE,FALSE,FALSE,FALSE,FALSE,4,TRUE
R305A160082,RAP Club: Improving Mental Health and School Performance in Urban Eighth Graders,Efficacy,Efficacy,FALSE,no design cue,unknown,FALSE,NA,FALSE,none,FALSE,FALSE,FALSE,FALSE,FALSE,FALSE,FALSE,FALSE,2,TRUE
R305A160223,The Impact of New Mexico's Teacher Evaluation System on Student Academic Outcomes,Efficacy,Efficacy,FALSE,no design cue,unknown,FALSE,NA,FALSE,none,FALSE,FALSE,FALSE,FALSE,FALSE,FALSE,FALSE,FALSE,2,TRUE
R305A160255,Investigating the Efficacy of a Web-Based Early Reading Intervention Professional Development Program for K-1 English Learners,Efficacy,Efficacy,FALSE,no design cue,unknown,FALSE,NA,FALSE,none,FALSE,FALSE,FALSE,FALSE,FALSE,FALSE,FALSE,FALSE,2,TRUE
R305A160388,Could Connecting Students with Financial Aid Lead to Better College Outcomes? A Proposal to Test the Effectiveness of FAFSA Interventions Using the NPSAS Sample,Efficacy,Efficacy,FALSE,no design cue,unknown,FALSE,NA,FALSE,none,FALSE,FALSE,FALSE,FALSE,FALSE,FALSE,FALSE,FALSE,NA,TRUE
R305A170044,Evaluation of the KinderTEK iPad Math Program,Efficacy,Efficacy,FALSE,no design cue,unknown,FALSE,NA,FALSE,none,FALSE,FALSE,FALSE,FALSE,FALSE,FALSE,FALSE,FALSE,1,TRUE
R305A170074,Efficacy of the Connected Chemistry Curriculum,Efficacy,Efficacy,FALSE,no design cue,unknown,FALSE,NA,FALSE,none,FALSE,FALSE,FALSE,FALSE,FALSE,FALSE,FALSE,FALSE,1,TRUE
R305A170160,"It's Worth It! Securing Persistence, Performance and Progress within Postsecondary Gateway Science Courses through Utility Value Interventions",Efficacy,Efficacy,FALSE,no design cue,unknown,FALSE,NA,FALSE,none,FALSE,FALSE,FALSE,FALSE,FALSE,FALSE,FALSE,FALSE,1,TRUE
R305A170241,The Effects of Promoting Engaging Early Literacy Interactions in Preschool Environments: Literacy 3D,Efficacy,Efficacy,FALSE,no design cue,unknown,FALSE,NA,FALSE,none,FALSE,FALSE,FALSE,FALSE,FALSE,FALSE,FALSE,FALSE,1,TRUE
R305A170288,Heterogeneous Effects of English Learner Reclassification on Achievement Trajectories,Efficacy,Efficacy,FALSE,no design cue,unknown,FALSE,NA,FALSE,none,FALSE,FALSE,FALSE,FALSE,FALSE,FALSE,FALSE,FALSE,NA,TRUE
R305A170523,Adaptive Response to Intervention (RTI) for Students with ADHD,Efficacy,Efficacy,FALSE,no design cue,unknown,FALSE,NA,FALSE,none,FALSE,FALSE,FALSE,FALSE,FALSE,FALSE,FALSE,FALSE,7,TRUE
R305A170529,"Attention, Memory, and Executive Functions in Written Language Expression in Elementary School Children",Efficacy,Efficacy,FALSE,no design cue,unknown,FALSE,NA,FALSE,none,FALSE,FALSE,FALSE,FALSE,FALSE,FALSE,FALSE,FALSE,1,TRUE
R305A170640,Enhancing Middle School Mathematics Achievement through Spatial Skills Instruction,Efficacy,Efficacy,FALSE,no design cue,unknown,FALSE,NA,FALSE,none,FALSE,FALSE,FALSE,FALSE,FALSE,FALSE,FALSE,FALSE,NA,TRUE
R305A180050,Testing the Efficacy of Zoo U for Improving Children's Social and Emotional Outcomes,Efficacy,Efficacy,FALSE,no design cue,unknown,FALSE,NA,FALSE,none,FALSE,FALSE,FALSE,FALSE,FALSE,FALSE,FALSE,FALSE,1,TRUE
R305A180060,Efficacy Trial of Text Structure Strategy Instruction on the Web for Spanish-Speaking English Learners (SWELL) in Grades 4 and 5,Efficacy,Efficacy,FALSE,no design cue,unknown,FALSE,NA,FALSE,none,FALSE,FALSE,FALSE,FALSE,FALSE,FALSE,FALSE,FALSE,1,TRUE
R305A180182,A Conceptual Replication of BEST in CLASS: An Efficacy Study of BEST in CLASS-Elementary,Efficacy,Efficacy,FALSE,no design cue,unknown,FALSE,NA,FALSE,none,FALSE,FALSE,FALSE,FALSE,FALSE,FALSE,FALSE,FALSE,2,TRUE
R305A180227,Evaluating Incentives for Full-time Enrollment at California Community Colleges,Efficacy,Efficacy,FALSE,no design cue,unknown,FALSE,NA,FALSE,none,FALSE,FALSE,FALSE,FALSE,FALSE,FALSE,FALSE,FALSE,1,TRUE
R305A180241,Efficacy Replication Study of the Impact of MyTeachingPartner-Secondary (MTP-S),Efficacy,Efficacy,FALSE,no design cue,unknown,FALSE,NA,FALSE,none,FALSE,FALSE,FALSE,FALSE,FALSE,FALSE,FALSE,FALSE,1,TRUE
R305A180293,Promoting School Readiness Through Emotional Intelligence: An Efficacy Trial of Preschool RULER,Efficacy,Efficacy,FALSE,no design cue,unknown,FALSE,NA,FALSE,none,FALSE,FALSE,FALSE,FALSE,FALSE,FALSE,FALSE,FALSE,2,TRUE
R305A180377,Efficacy of Viridis Learning Tool: A Technology-Based Approach to Advising and Job Matching,Efficacy,Efficacy,FALSE,no design cue,unknown,FALSE,NA,FALSE,none,FALSE,FALSE,FALSE,FALSE,FALSE,FALSE,FALSE,FALSE,1,TRUE
R305A190168,PAWS: Efficacy,Efficacy,Efficacy,FALSE,no design cue,unknown,FALSE,NA,FALSE,none,FALSE,FALSE,FALSE,FALSE,FALSE,FALSE,FALSE,FALSE,1,TRUE
R305A190521,"Improving Low-Income Students' Odds of Being ""On-Track"" and College Ready in Chicago Public Schools: The Respective Roles of Child Self-Regulation and Preschool vs. High School Intervention",Efficacy,Efficacy,FALSE,no design cue,unknown,FALSE,NA,FALSE,none,FALSE,FALSE,FALSE,FALSE,FALSE,FALSE,FALSE,FALSE,4,TRUE
R305A200035,Efficacy of a Selective Intervention to Improve Middle School Students' Subjective Well-Being,Efficacy,Efficacy,FALSE,no design cue,unknown,FALSE,NA,FALSE,none,FALSE,FALSE,FALSE,FALSE,FALSE,FALSE,FALSE,FALSE,NA,TRUE
R305A200297,Evaluation of a Web-Based Classroom Management Program to Promote Effective Classroom Management Practices Among Early Career Teachers,Efficacy,Efficacy,FALSE,no design cue,unknown,FALSE,NA,FALSE,none,FALSE,FALSE,FALSE,FALSE,FALSE,FALSE,FALSE,FALSE,NA,TRUE
R305A200307,Choice and Information: The Impact of Technology-Based Career Advising Tools on High School Students' CTE Choices and Academic Performance,Efficacy,Efficacy,FALSE,no design cue,unknown,FALSE,NA,FALSE,none,FALSE,FALSE,FALSE,FALSE,FALSE,FALSE,FALSE,FALSE,NA,TRUE
R305A200436,Fostering Productive Parent Engagement at School Entry,Efficacy,Efficacy,FALSE,no design cue,unknown,FALSE,NA,FALSE,none,FALSE,FALSE,FALSE,FALSE,FALSE,FALSE,FALSE,FALSE,NA,TRUE
R305A210157,Teaching Together: The Added Value of Tiered School Plus Home Interventions for Young Children At-Risk for Language Difficulties,Efficacy,Efficacy,FALSE,no design cue,unknown,FALSE,NA,FALSE,none,FALSE,FALSE,FALSE,FALSE,FALSE,FALSE,FALSE,FALSE,1,TRUE
R305A210269,"Examining the Efficacy, Predictive Power, and Cost Effectiveness of the Diagnostic Assessment and Achievement of College Skills",Efficacy,Efficacy,FALSE,no design cue,unknown,FALSE,NA,FALSE,none,FALSE,FALSE,FALSE,FALSE,FALSE,FALSE,FALSE,FALSE,NA,TRUE
R305A210292,An Experienced School Support Organization at Scale: A Study of The Urban Assembly Network,Efficacy,Efficacy,FALSE,no design cue,unknown,FALSE,NA,FALSE,none,FALSE,FALSE,FALSE,FALSE,FALSE,FALSE,FALSE,FALSE,NA,TRUE
R305A210462,Efficacy of a Peer-Delivered Intervention for High School Students with ADHD,Efficacy,Efficacy,FALSE,no design cue,unknown,FALSE,NA,FALSE,none,FALSE,FALSE,FALSE,FALSE,FALSE,FALSE,FALSE,FALSE,1,TRUE
R305A210506,A Lottery-Based Efficacy Study of the District of Columbia Public Prekindergarten Program,Efficacy,Efficacy,FALSE,no design cue,unknown,FALSE,NA,FALSE,none,FALSE,FALSE,FALSE,FALSE,FALSE,FALSE,FALSE,FALSE,NA,TRUE
R305A220107,Efficacy of Early Language Comprehension Individualized Instruction (ELCII),Efficacy,Efficacy,FALSE,no design cue,unknown,FALSE,NA,FALSE,none,FALSE,FALSE,FALSE,FALSE,FALSE,FALSE,FALSE,FALSE,4,TRUE
R305B070354,Diagnostic Embedded Classroom Assessment—An Efficacy Study,Efficacy,Efficacy,FALSE,no design cue,unknown,FALSE,NA,FALSE,none,FALSE,FALSE,FALSE,FALSE,FALSE,FALSE,FALSE,FALSE,1,TRUE
R305B077307,Reading Intervention with Spanish-Speaking Students: Maximizing Instructional Effectiveness in English and Spanish,Efficacy,Efficacy,FALSE,no design cue,unknown,FALSE,NA,FALSE,none,FALSE,FALSE,FALSE,FALSE,FALSE,FALSE,FALSE,FALSE,204,TRUE
R305E090003,Evaluation of Core Knowledge Charter Schools in Colorado,Efficacy,Efficacy,FALSE,no design cue,unknown,FALSE,NA,FALSE,none,FALSE,FALSE,FALSE,FALSE,FALSE,FALSE,FALSE,FALSE,42,TRUE
R305E090010,Evaluation of the New Jersey Preschool Expansion (NJPE) Program,Efficacy,Efficacy,FALSE,no design cue,unknown,FALSE,NA,FALSE,none,FALSE,FALSE,FALSE,FALSE,FALSE,FALSE,FALSE,FALSE,NA,TRUE
R305E100013,Intended and Unintended Consequences of State High-Stakes Testing: Evidence from Standards-Based Reform in Massachusetts,Efficacy,Efficacy,FALSE,no design cue,unknown,FALSE,NA,FALSE,none,FALSE,FALSE,FALSE,FALSE,FALSE,FALSE,FALSE,FALSE,6,TRUE
R305E150006,California's College and Career Readiness Standards in the Era of Common Core Assessments,Efficacy,Efficacy,FALSE,no design cue,unknown,FALSE,NA,FALSE,none,FALSE,FALSE,FALSE,FALSE,FALSE,FALSE,FALSE,FALSE,2,TRUE
R305F050006,Efficacy of Conversational Responsiveness Preschool Intervention,Efficacy,Efficacy,FALSE,no design cue,unknown,FALSE,NA,FALSE,none,FALSE,FALSE,FALSE,FALSE,FALSE,FALSE,FALSE,FALSE,8,TRUE
R305F050161,Evaluation of Ohio's School Conflict Management Program,Efficacy,Efficacy,FALSE,no design cue,unknown,FALSE,NA,FALSE,none,FALSE,FALSE,FALSE,FALSE,FALSE,FALSE,FALSE,FALSE,NA,TRUE
R305F050256,An Experimental Design Evaluation of Full-Day Kindergarten,Efficacy,Efficacy,FALSE,no design cue,unknown,FALSE,NA,FALSE,none,FALSE,FALSE,FALSE,FALSE,FALSE,FALSE,FALSE,FALSE,NA,TRUE
R305F050274,An Evaluation of the SOURCE (Student Outreach for College Enrollment) Program: An Intervention to Promote College Application and Enrollment Among Urban Youth,Efficacy,Efficacy,FALSE,no design cue,unknown,FALSE,NA,FALSE,none,FALSE,FALSE,FALSE,FALSE,FALSE,FALSE,FALSE,FALSE,NA,TRUE
R305G030140,Instruction Of Reading Comprehension: Cognitive Strategies Or Cognitive Engagement,Efficacy,Efficacy,FALSE,no design cue,unknown,FALSE,NA,FALSE,none,FALSE,FALSE,FALSE,FALSE,FALSE,FALSE,FALSE,FALSE,1,TRUE
R305G040089,"Embedding Knowledge-Focused Reading Comprehension Strategies in Cumulative Content-Area Instruction in Grades 3-4-5: An Assessment of Immediate, Transfer, and Long-Term Impact on Reading Achievement",Efficacy,Efficacy,FALSE,no design cue,unknown,FALSE,NA,FALSE,none,FALSE,FALSE,FALSE,FALSE,FALSE,FALSE,FALSE,FALSE,24,TRUE
R305H140045,An Evaluation of the Authentic Intellectual Work Initiative in Iowa,Efficacy,Efficacy,FALSE,no design cue,unknown,FALSE,NA,FALSE,none,FALSE,FALSE,FALSE,FALSE,FALSE,FALSE,FALSE,FALSE,NA,TRUE
R305J020020,Focus in Early Childhood Curricula: Helping Children Transition to School,Efficacy,Efficacy,FALSE,no design cue,unknown,FALSE,NA,FALSE,none,FALSE,FALSE,FALSE,FALSE,FALSE,FALSE,FALSE,FALSE,NA,TRUE
R305J020027,Impact of the Project Approach on Children's School Readiness and School Achievement,Efficacy,Efficacy,FALSE,no design cue,unknown,FALSE,NA,FALSE,none,FALSE,FALSE,FALSE,FALSE,FALSE,FALSE,FALSE,FALSE,1,TRUE
R305J020040,Evaluation of the Early Literacy and Learning Model (ELLM): a Curriculum and Instructional Support System,Efficacy,Efficacy,FALSE,no design cue,unknown,FALSE,NA,FALSE,none,FALSE,FALSE,FALSE,FALSE,FALSE,FALSE,FALSE,FALSE,NA,TRUE
R305J020051,Granite Ladders: An Experimental Evaluation of an Early Literacy Curriculum for New Hampshire's Preschoolers,Efficacy,Efficacy,FALSE,no design cue,unknown,FALSE,NA,FALSE,none,FALSE,FALSE,FALSE,FALSE,FALSE,FALSE,FALSE,FALSE,NA,TRUE
R305J030037,A Longitudinal Study of the Effectiveness of a Pre-K Multisensory Literacy Curriculum,Efficacy,Efficacy,FALSE,no design cue,unknown,FALSE,NA,FALSE,none,FALSE,FALSE,FALSE,FALSE,FALSE,FALSE,FALSE,FALSE,2,TRUE
R305J030103,Project Construct: A Catalyst for Early Achievement,Efficacy,Efficacy,FALSE,no design cue,unknown,FALSE,NA,FALSE,none,FALSE,FALSE,FALSE,FALSE,FALSE,FALSE,FALSE,FALSE,2,TRUE
R305J030120,Building Language for Literacy and Core Knowledge,Efficacy,Efficacy,FALSE,no design cue,unknown,FALSE,NA,FALSE,none,FALSE,FALSE,FALSE,FALSE,FALSE,FALSE,FALSE,FALSE,54,TRUE
R305K050050,Math Pathways and Pitfalls Lessons for K-7 Students: Improving Mathematics Achievement for English Language Learners,Efficacy,Efficacy,FALSE,no design cue,unknown,FALSE,NA,FALSE,none,FALSE,FALSE,FALSE,FALSE,FALSE,FALSE,FALSE,FALSE,458,TRUE
R305L030173,Love in a Big World,Efficacy,Efficacy,FALSE,no design cue,unknown,FALSE,NA,FALSE,none,FALSE,FALSE,FALSE,FALSE,FALSE,FALSE,FALSE,FALSE,2,TRUE
R305M030090,Identifying Key Components of Effective Professional Development in Reading for First-Grade Teachers and Their Students,Efficacy,Efficacy,FALSE,no design cue,unknown,FALSE,NA,FALSE,none,FALSE,FALSE,FALSE,FALSE,FALSE,FALSE,FALSE,FALSE,8,TRUE
R305M030099,Mastering Reading Instruction: A Professional Development Project for First Grade Teachers,Efficacy,Efficacy,FALSE,no design cue,unknown,FALSE,NA,FALSE,none,FALSE,FALSE,FALSE,FALSE,FALSE,FALSE,FALSE,FALSE,NA,TRUE
R305M050072,Examining the Efficacy of Two Models of Preschool Professional Development in Language and Literacy,Efficacy,Efficacy,FALSE,no design cue,unknown,FALSE,NA,FALSE,none,FALSE,FALSE,FALSE,FALSE,FALSE,FALSE,FALSE,FALSE,481,TRUE
R305M050223,Replication and Outcomes of the Teaching SMART® Program in Elementary Science Classrooms,Efficacy,Efficacy,FALSE,no design cue,unknown,FALSE,NA,FALSE,none,FALSE,FALSE,FALSE,FALSE,FALSE,FALSE,FALSE,FALSE,NA,TRUE
R305R220024,"Efficacy of Sound Partners Supplemental Tutoring for ELL Students, Grades K-1",Efficacy,Efficacy,FALSE,no design cue,unknown,FALSE,NA,FALSE,none,FALSE,FALSE,FALSE,FALSE,FALSE,FALSE,FALSE,FALSE,2,TRUE
R305S210005,A Study in Equity: Oregon's 9th Grade Transition,Efficacy,Efficacy,FALSE,no design cue,unknown,FALSE,NA,FALSE,none,FALSE,FALSE,FALSE,FALSE,FALSE,FALSE,FALSE,FALSE,NA,TRUE
R305S210008,The Distributional Effects of Secondary Career and Technical Educational (CTE) Programs on Postsecondary Educational and Employment Outcomes: An Evaluation of Delaware's CTE Programs of Study,Efficacy,Efficacy,FALSE,no design cue,unknown,FALSE,NA,FALSE,none,FALSE,FALSE,FALSE,FALSE,FALSE,FALSE,FALSE,FALSE,NA,TRUE
R305S210026,Understanding Pennsylvania's Educational Inequities in the time of COVID-19,Efficacy,Efficacy,FALSE,no design cue,unknown,FALSE,NA,FALSE,none,FALSE,FALSE,FALSE,FALSE,FALSE,FALSE,FALSE,FALSE,NA,TRUE
R305S220003,Assessing the Long-Term Impacts of School Extension Programs on Student Re-Engagement and Learning Recovery,Efficacy,Efficacy,FALSE,no design cue,unknown,FALSE,NA,FALSE,none,FALSE,FALSE,FALSE,FALSE,FALSE,FALSE,FALSE,FALSE,2,TRUE
R305T210046,Just Discipline and Effective Restorative Practices: Assessing the Potential of Design Innovations and Implementation Science as Catalysts for Sustainable School Transformation,Efficacy,Efficacy,FALSE,no design cue,unknown,FALSE,NA,FALSE,none,FALSE,FALSE,FALSE,FALSE,FALSE,FALSE,FALSE,FALSE,1,TRUE
R305W030036,"The New 3R's – Reading, Resilience, and Relationships in After-School Programs",Efficacy,Efficacy,FALSE,no design cue,unknown,FALSE,NA,FALSE,none,FALSE,FALSE,FALSE,FALSE,FALSE,FALSE,FALSE,FALSE,NA,TRUE
R305X220016,Evidence to Inform Improvement: Supporting California Community Colleges in Pandemic Recovery,Efficacy,Efficacy,FALSE,no design cue,unknown,FALSE,NA,FALSE,none,FALSE,FALSE,FALSE,FALSE,FALSE,FALSE,FALSE,FALSE,NA,TRUE
R305X220018,Leveraging Technology and Engaging Students: Evaluating Covid-19 Recovery Efforts in the Los Angeles Community College District,Efficacy,Efficacy,FALSE,no design cue,unknown,FALSE,NA,FALSE,none,FALSE,FALSE,FALSE,FALSE,FALSE,FALSE,FALSE,FALSE,NA,TRUE
R324A090091,"Improving Social-Communication, Literacy, and Adaptive Behaviors for Young Children with Autism Spectrum Disorders",Efficacy,Efficacy,FALSE,no design cue,unknown,FALSE,NA,FALSE,none,FALSE,FALSE,FALSE,FALSE,FALSE,FALSE,FALSE,FALSE,3,TRUE
R324A110053,Efficacy of the Interactive Strategies Approach-Extended as a Small Group Intervention for Intermediate Grade Struggling Readers,Efficacy,Efficacy,FALSE,no design cue,unknown,FALSE,NA,FALSE,none,FALSE,FALSE,FALSE,FALSE,FALSE,FALSE,FALSE,FALSE,3,TRUE
R324A110079,Testing an Integrated Preschool Curriculum for English Language Learners,Efficacy,Efficacy,FALSE,no design cue,unknown,FALSE,NA,FALSE,none,FALSE,FALSE,FALSE,FALSE,FALSE,FALSE,FALSE,FALSE,440,TRUE
R324A120169,A Summer Preparatory Program for Middle and High School Students with ADHD,Efficacy,Efficacy,FALSE,no design cue,unknown,FALSE,NA,FALSE,none,FALSE,FALSE,FALSE,FALSE,FALSE,FALSE,FALSE,FALSE,8,TRUE
R324A120363,Enhancing Early Learning for Infants with Disabilities: A Responsive Parenting Intervention,Efficacy,Efficacy,FALSE,no design cue,unknown,FALSE,NA,FALSE,none,FALSE,FALSE,FALSE,FALSE,FALSE,FALSE,FALSE,FALSE,NA,TRUE
R324A160042,Project AIM: Algebra-readiness Intervention Modules for Middle School Students with Mathematics Difficulties,Efficacy,Efficacy,FALSE,no design cue,unknown,FALSE,NA,FALSE,none,FALSE,FALSE,FALSE,FALSE,FALSE,FALSE,FALSE,FALSE,1,TRUE
R324A180091,Efficacy Follow-Up Study of the CSESA Model,Efficacy,Efficacy,FALSE,no design cue,unknown,FALSE,NA,FALSE,none,FALSE,FALSE,FALSE,FALSE,FALSE,FALSE,FALSE,FALSE,5,TRUE
R324A180221,Testing the Efficacy of Reading RULES: A Tier 1 and Tier 2 Intervention for First-Grade Children with Decoding and Comprehension Difficulties,Efficacy,Efficacy,FALSE,no design cue,unknown,FALSE,NA,FALSE,none,FALSE,FALSE,FALSE,FALSE,FALSE,FALSE,FALSE,FALSE,1,TRUE
R324A190046,Evaluating the Efficacy of a Daily Check-in/Check-out Intervention for Students At Risk for Emotional and Behavioral Disorders,Efficacy,Efficacy,FALSE,no design cue,unknown,FALSE,NA,FALSE,none,FALSE,FALSE,FALSE,FALSE,FALSE,FALSE,FALSE,FALSE,1,TRUE
R324A190145,Liberate,Efficacy,Efficacy,FALSE,no design cue,unknown,FALSE,NA,FALSE,none,FALSE,FALSE,FALSE,FALSE,FALSE,FALSE,FALSE,FALSE,1,TRUE
R324A190177,EMT en Español: Comprehensive Early Intervention to Support School Readiness Skills for Spanish-Speaking Toddlers with Language Delays,Efficacy,Efficacy,FALSE,no design cue,unknown,FALSE,NA,FALSE,none,FALSE,FALSE,FALSE,FALSE,FALSE,FALSE,FALSE,FALSE,NA,TRUE
R324A190239,Enhancing IEPs of Children with ADHD Using Daily Report Cards: An Efficacy Trial,Efficacy,Efficacy,FALSE,no design cue,unknown,FALSE,NA,FALSE,none,FALSE,FALSE,FALSE,FALSE,FALSE,FALSE,FALSE,FALSE,NA,TRUE
R324A190240,An Efficacy Trial to Evaluate Supporting Paraprofessionals by Advancing Reading Intervention Knowledge and Skill (SPARK),Efficacy,Efficacy,FALSE,no design cue,unknown,FALSE,NA,FALSE,none,FALSE,FALSE,FALSE,FALSE,FALSE,FALSE,FALSE,FALSE,3,TRUE
R324A200007,"Combining the Self-Determined Learning Model of Instruction and Peer Supports: Examining the Impact on Academic, Social, and Functional Outcomes for Students With Autism Spectrum Disorders",Efficacy,Efficacy,FALSE,no design cue,unknown,FALSE,NA,FALSE,none,FALSE,FALSE,FALSE,FALSE,FALSE,FALSE,FALSE,FALSE,2,TRUE
R324A200063,Initial Efficacy Evaluation of the CW-FIT Middle School Program: Improving Academic Engagement and Outcomes for Middle School Students,Efficacy,Efficacy,FALSE,no design cue,unknown,FALSE,NA,FALSE,none,FALSE,FALSE,FALSE,FALSE,FALSE,FALSE,FALSE,FALSE,1,TRUE
R324A200154,Modular Approach for Autism Programs in Schools (MAAPS),Efficacy,Efficacy,FALSE,no design cue,unknown,FALSE,NA,FALSE,none,FALSE,FALSE,FALSE,FALSE,FALSE,FALSE,FALSE,FALSE,NA,TRUE
R324A210266,Project PRIME2: Planning Realistic Intervention implementation and Maintenance by Educators,Efficacy,Efficacy,FALSE,no design cue,unknown,FALSE,NA,FALSE,none,FALSE,FALSE,FALSE,FALSE,FALSE,FALSE,FALSE,FALSE,2,TRUE
R324A220215,Reading Enhancements for Students With Autism Spectrum Disorders (Project READ): A Reading Comprehension Intervention,Efficacy,Efficacy,FALSE,no design cue,unknown,FALSE,NA,FALSE,none,FALSE,FALSE,FALSE,FALSE,FALSE,FALSE,FALSE,FALSE,1,TRUE
R324N190012,Evaluating the Impact of Integrated Behavior and Reading Multi-Tiered Systems of Support in Elementary Schools,Efficacy,Efficacy,FALSE,no design cue,unknown,FALSE,NA,FALSE,none,FALSE,FALSE,FALSE,FALSE,FALSE,FALSE,FALSE,FALSE,2,TRUE
R324S060043,Project Success: Improving the Educational Outcomes of Youth with Disabilities in Foster Care,Efficacy,Efficacy,FALSE,no design cue,unknown,FALSE,NA,FALSE,none,FALSE,FALSE,FALSE,FALSE,FALSE,FALSE,FALSE,FALSE,3,TRUE
R324X220067,Project ENGAGE: Enhancing Student Engagement to Facilitate Learning and Well-Being,Efficacy,Efficacy,FALSE,no design cue,unknown,FALSE,NA,FALSE,none,FALSE,FALSE,FALSE,FALSE,FALSE,FALSE,FALSE,FALSE,1,TRUE
R305A210017,Evaluating the Longer Term Impact of Early College High Schools on Workforce and Life Outcomes,Follow-Up,Other,FALSE,no design cue,unknown,FALSE,NA,FALSE,none,FALSE,FALSE,FALSE,FALSE,FALSE,FALSE,FALSE,FALSE,1,FALSE
R305A220036,Longitudinal Impacts of the Boston Prekindergarten Program Through Early Adulthood,Follow-Up,Other,FALSE,no design cue,unknown,FALSE,NA,FALSE,none,FALSE,FALSE,FALSE,FALSE,FALSE,FALSE,FALSE,FALSE,1,FALSE
R305C210003,Postsecondary Teaching with Technology Collaborative,Other,Other,FALSE,no design cue,unknown,FALSE,NA,FALSE,none,FALSE,FALSE,FALSE,FALSE,FALSE,FALSE,FALSE,FALSE,1,FALSE
R324N190002,Project VIABLE: Validation of Instruments for Assessing Behavior Longitudinally and Efficiently,Development and Innovation,Other,FALSE,no design cue,unknown,FALSE,NA,FALSE,none,FALSE,FALSE,FALSE,FALSE,FALSE,FALSE,FALSE,FALSE,8,FALSE
R305A100381,Evaluating the Effects of Basic Skills Mathematics Placement on Academic Outcomes of Community College Students,Efficacy,Efficacy,FALSE,non-RCT (ERIC quasiexperimental),non-RCT,FALSE,NA,FALSE,none,FALSE,TRUE,FALSE,FALSE,FALSE,FALSE,TRUE,FALSE,6,TRUE
R305R060059,Comprehensive Evaluation of the Effects of District-Wide High School Curriculum Reform on Academic Achievement and Attainment in Chicago,Efficacy,Efficacy,FALSE,non-RCT (ERIC quasiexperimental),non-RCT,FALSE,NA,FALSE,none,FALSE,TRUE,FALSE,FALSE,FALSE,FALSE,TRUE,FALSE,39,TRUE
R324B070219,Comparison of Two Comprehensive Treatment Models for Preschool-Aged Children With Autism Spectrum Disorders and Their Families,Efficacy,Efficacy,FALSE,non-RCT (ERIC quasiexperimental),non-RCT,FALSE,NA,FALSE,none,FALSE,TRUE,FALSE,FALSE,FALSE,FALSE,TRUE,FALSE,16,TRUE
R305A170498,"Assessing the Implementation, Impact & Variation of CTE Innovation: NYC as a Lab for Rigorous CTE Research",Efficacy,Efficacy,FALSE,non-RCT (WWC: QED),unknown,TRUE,QED,FALSE,none,FALSE,FALSE,FALSE,FALSE,FALSE,FALSE,FALSE,FALSE,NA,TRUE
R305E090019,Evaluation of Ninth Grade Academies in Broward County Public Schools,Efficacy,Efficacy,FALSE,non-RCT (WWC: QED),non-RCT,TRUE,QED,FALSE,none,FALSE,TRUE,FALSE,FALSE,FALSE,FALSE,TRUE,FALSE,NA,TRUE
R305H150027,Evaluating Maryland State Policies to Improve School Climate,Efficacy,Efficacy,FALSE,non-RCT (WWC: QED),RCT,TRUE,QED,FALSE,abstract + eric,FALSE,TRUE,FALSE,FALSE,TRUE,TRUE,TRUE,FALSE,25,TRUE
R305A060067,Center for Analysis of Longitudinal Data in Education Research (CALDER),Other,Other,FALSE,non-RCT (WWC: QED),non-RCT,TRUE,QED,FALSE,abstract + eric,FALSE,FALSE,FALSE,FALSE,TRUE,TRUE,TRUE,TRUE,1429,FALSE
R324B060003,"Early, Evidence-Based Intervention For Externalizing Behavior Problems in School: From Efficacy to Effectiveness of the First Step to Success Program",Scale-Up Evaluations,Scale-up,FALSE,non-RCT (WWC: QED),RCT,TRUE,QED,FALSE,abstract,FALSE,FALSE,FALSE,FALSE,TRUE,FALSE,FALSE,FALSE,8,TRUE
R305A160166,Evaluation of Florida's Developmental Education Redesign,Efficacy,Efficacy,FALSE,non-RCT (WWC: RDD),non-RCT,TRUE,RDD,FALSE,none,FALSE,FALSE,FALSE,FALSE,FALSE,FALSE,TRUE,FALSE,25,TRUE
R305A200254,The Impact of CSI Designation in Multiple Measure ESSA Accountability Systems,Efficacy,Efficacy,FALSE,non-RCT (WWC: RDD),non-RCT,TRUE,RDD,FALSE,none,FALSE,FALSE,FALSE,FALSE,FALSE,FALSE,TRUE,FALSE,1,TRUE
R305E120006,Evaluation of the Long-Term Effects of Retention under New York City's Student Promotion Policy,Efficacy,Efficacy,FALSE,non-RCT (WWC: RDD),non-RCT,TRUE,RDD,FALSE,none,FALSE,FALSE,FALSE,FALSE,FALSE,FALSE,TRUE,FALSE,17,TRUE
R305E120010,Assessment of the Florida College and Career Readiness Initiative,Efficacy,Efficacy,FALSE,non-RCT (WWC: RDD),non-RCT,TRUE,RDD,FALSE,none,FALSE,FALSE,FALSE,FALSE,FALSE,FALSE,TRUE,FALSE,9,TRUE
R305H190035,The Consequences of High School Exit Examinations for Student Life Outcomes: Evidence from a Research-Practice Partnership in Massachusetts,Efficacy,Efficacy,FALSE,non-RCT (WWC: RDD),unknown,TRUE,RDD,FALSE,none,FALSE,FALSE,FALSE,FALSE,FALSE,FALSE,FALSE,FALSE,2,TRUE
R324A120232,Project DATA: A Multisite Evaluation of a School-based Model for Preschoolers with Autism,Efficacy,Efficacy,FALSE,non-RCT (WWC: SingleCase),RCT,TRUE,SingleCase,FALSE,purpose,FALSE,FALSE,FALSE,TRUE,FALSE,FALSE,FALSE,FALSE,1,TRUE
R324C080011,Center for Response to Intervention in Early Childhood,Other,Other,FALSE,non-RCT (WWC: SingleCase),non-RCT,TRUE,SingleCase,FALSE,abstract + eric,TRUE,FALSE,FALSE,FALSE,TRUE,TRUE,FALSE,TRUE,33,FALSE
R305A050056,Center for Research on the Educational Achievement and Teaching of English Language Learners (CREATE),Development and Innovation,Efficacy,FALSE,research center (not a trial),non-RCT,FALSE,NA,FALSE,abstract + eric,FALSE,TRUE,FALSE,FALSE,TRUE,TRUE,TRUE,TRUE,23,TRUE
R305A060034,National Center for Performance Incentives (Policy-NCPI),Efficacy,Efficacy,FALSE,research center (not a trial),non-RCT,FALSE,NA,FALSE,eric,FALSE,FALSE,FALSE,FALSE,FALSE,TRUE,TRUE,TRUE,90,TRUE
R305C190014,"The National Center for Rural School Mental Health (NCRSMH): Enhancing the Capacity of Rural Schools to Identify, Prevent, and Intervene in Youth Mental Health Concerns",Development and Innovation,Efficacy,FALSE,research center (not a trial),non-RCT,FALSE,NA,FALSE,none,FALSE,FALSE,FALSE,FALSE,FALSE,FALSE,TRUE,TRUE,7,TRUE
R305A060021,National Center for Research on Early Childhood Education,Other,Other,FALSE,research center (not a trial),non-RCT,FALSE,NA,FALSE,purpose + abstract + eric,FALSE,FALSE,FALSE,TRUE,TRUE,TRUE,TRUE,TRUE,339,FALSE
R305A060044,National Research Center on the Gifted and Talented,Other,Other,FALSE,research center (not a trial),non-RCT,FALSE,NA,FALSE,abstract + eric,TRUE,FALSE,FALSE,FALSE,TRUE,TRUE,FALSE,TRUE,22,FALSE
R305C080009,National Research & Development Center on Cognition and Science Instruction,Other,Other,FALSE,research center (not a trial),non-RCT,FALSE,NA,FALSE,purpose + abstract + eric,FALSE,FALSE,FALSE,TRUE,TRUE,TRUE,FALSE,TRUE,5,FALSE
R305C080022,National Research & Development Center on Instructional Technology: Possible Worlds,Other,Other,FALSE,research center (not a trial),non-RCT,FALSE,NA,FALSE,none,FALSE,FALSE,FALSE,FALSE,FALSE,FALSE,FALSE,TRUE,411,FALSE
R305C090023,National Center for Teacher Effectiveness: Validating Measures of Effective Math Teaching,Other,Other,FALSE,research center (not a trial),non-RCT,FALSE,NA,FALSE,abstract + eric,FALSE,FALSE,FALSE,FALSE,TRUE,TRUE,FALSE,TRUE,138,FALSE
R305C100023,National Research and Development Center on Scaling Up Effective Schools,Other,Other,FALSE,research center (not a trial),non-RCT,FALSE,NA,FALSE,none,FALSE,FALSE,FALSE,FALSE,FALSE,FALSE,TRUE,TRUE,11,FALSE
R305C100024,National Research & Development Center on Cognition and Mathematics Instruction,Other,Other,FALSE,research center (not a trial),non-RCT,FALSE,NA,FALSE,abstract + eric,TRUE,FALSE,FALSE,FALSE,TRUE,TRUE,FALSE,TRUE,20,FALSE
R305C110011,The Center for Analysis of Postsecondary Education and Employment,Other,Other,FALSE,research center (not a trial),non-RCT,FALSE,NA,FALSE,eric,FALSE,TRUE,FALSE,FALSE,FALSE,TRUE,TRUE,TRUE,259,FALSE
R305C120001,Center for the Study of Adult Literacy (CSAL): Developing Instructional Approaches Suited to the Cognitive and Motivational Needs for Struggling Adults,Other,Other,FALSE,research center (not a trial),non-RCT,FALSE,NA,FALSE,eric,FALSE,FALSE,FALSE,FALSE,FALSE,TRUE,FALSE,TRUE,17,FALSE
R305C120008,National Center for Analysis of Longitudinal Data in Education Research (CALDER),Other,Other,FALSE,research center (not a trial),non-RCT,FALSE,NA,FALSE,none,FALSE,FALSE,FALSE,FALSE,FALSE,FALSE,TRUE,TRUE,123,FALSE
R305C140008,National Center for Research in Policy and Practice,Other,Other,FALSE,research center (not a trial),non-RCT,FALSE,NA,FALSE,none,FALSE,FALSE,FALSE,FALSE,FALSE,FALSE,FALSE,TRUE,5,FALSE
R305C140018,National Research Center on the Gifted and Talented,Other,Other,FALSE,research center (not a trial),non-RCT,FALSE,NA,FALSE,none,FALSE,FALSE,FALSE,FALSE,FALSE,FALSE,FALSE,TRUE,16,FALSE
R305C150007,"Center on Standards, Alignment, Instruction and Learning (C-SAIL)",Other,Other,FALSE,research center (not a trial),non-RCT,FALSE,NA,FALSE,abstract + eric,FALSE,FALSE,FALSE,FALSE,TRUE,TRUE,TRUE,TRUE,18,FALSE
R305C150017,The Center for Research Use in Education (CRUE),Other,Other,FALSE,research center (not a trial),non-RCT,FALSE,NA,FALSE,none,FALSE,FALSE,FALSE,FALSE,FALSE,FALSE,FALSE,TRUE,8,FALSE
R305C180025,The National Center for Research on Education Access and Choice,Other,Other,FALSE,research center (not a trial),non-RCT,FALSE,NA,FALSE,none,FALSE,FALSE,FALSE,FALSE,FALSE,FALSE,TRUE,TRUE,16,FALSE
R305C190004,The National Center for Rural Education Research Networks (NCRERN),Other,Other,FALSE,research center (not a trial),non-RCT,FALSE,NA,FALSE,abstract + eric,FALSE,FALSE,FALSE,FALSE,TRUE,TRUE,FALSE,TRUE,1,FALSE
R305C200008,National Research and Development Center to Improve Education for Secondary English Learners,Other,Other,FALSE,research center (not a trial),non-RCT,FALSE,NA,FALSE,purpose,FALSE,FALSE,FALSE,TRUE,FALSE,FALSE,FALSE,TRUE,4,FALSE
R305C200012,National Center for Research on Gifted Education,Other,Other,FALSE,research center (not a trial),non-RCT,FALSE,NA,FALSE,none,FALSE,FALSE,FALSE,FALSE,FALSE,FALSE,FALSE,TRUE,4,FALSE
R324C080006,National Research and Development Center on Serious Behavior Disorders at the Secondary Level,Other,Other,FALSE,research center (not a trial),non-RCT,FALSE,NA,FALSE,abstract + eric,TRUE,FALSE,FALSE,FALSE,TRUE,TRUE,TRUE,TRUE,19,FALSE
R324C110004,National Research and Development Center on Assessment and Accountability for Special Education,Other,Other,FALSE,research center (not a trial),non-RCT,FALSE,NA,FALSE,abstract,FALSE,FALSE,FALSE,FALSE,TRUE,FALSE,FALSE,TRUE,23,FALSE
R324C120001,Special Education Research and Development Center on Reading Instruction for Deaf and Hard of Hearing Students,Other,Other,FALSE,research center (not a trial),non-RCT,FALSE,NA,FALSE,eric,FALSE,FALSE,FALSE,FALSE,FALSE,TRUE,FALSE,TRUE,10,FALSE
